order_id,customer_id,order_date,channel,status
1,24,2024-10-21,online,delivered
2,28,2024-11-27,online,delivered
3,13,2024-09-15,online,delivered
4,2,2024-12-11,online,delivered
5,1,2024-12-29,physical,delivered
6,5,2024-08-07,online,delivered
7,2,2024-12-28,physical,delivered
8,21,2024-10-21,physical,delivered
9,2,2024-11-19,physical,delivered
10,13,2024-09-22,online,delivered
11,22,2024-12-03,online,delivered
12,18,2024-11-04,physical,delivered
13,4,2024-11-09,online,delivered
14,25,2024-09-19,online,delivered
15,22,2024-11-20,online,delivered
16,23,2024-11-10,physical,delivered
17,2,2024-12-13,online,delivered
18,2,2024-10-19,physical,delivered
19,28,2024-10-28,online,delivered
20,11,2024-10-13,online,delivered
21,8,2024-06-17,physical,delivered
22,13,2024-10-26,online,delivered
23,21,2024-06-22,online,delivered
24,28,2024-08-22,physical,delivered
25,7,2024-10-13,online,delivered
26,28,2024-07-17,physical,delivered
27,1,2024-10-05,physical,delivered
28,17,2024-11-10,online,cancelled
29,21,2024-06-08,online,delivered
30,2,2024-12-06,physical,delivered
31,2,2024-10-21,physical,delivered
32,11,2024-10-24,online,delivered
33,28,2024-07-02,online,delivered
34,19,2024-09-30,online,delivered
35,28,2024-09-27,online,delivered
36,25,2024-12-29,online,delivered
37,12,2024-12-03,online,delivered
38,24,2024-07-10,online,delivered
39,1,2024-09-11,physical,delivered
40,2,2024-11-05,physical,delivered
41,27,2024-08-07,online,delivered
42,24,2024-12-18,physical,delivered
43,7,2024-05-19,online,delivered
44,15,2024-11-28,physical,delivered
45,20,2024-12-12,online,delivered
46,28,2024-07-15,physical,delivered
47,20,2024-11-20,online,delivered
48,11,2024-11-14,online,delivered
49,10,2024-12-26,physical,delivered
50,12,2024-08-19,online,delivered
51,21,2024-09-14,physical,delivered
52,28,2024-07-24,online,delivered
53,12,2024-08-30,online,delivered
54,7,2024-10-08,online,delivered
55,7,2024-03-28,online,delivered
56,23,2024-09-12,online,delivered
57,26,2024-09-29,online,delivered
58,2,2024-10-20,online,delivered
59,1,2024-09-16,online,delivered
60,19,2024-06-28,online,delivered
61,2,2024-12-29,online,delivered
62,26,2024-10-31,online,delivered
63,8,2024-11-15,online,delivered
64,2,2024-12-25,online,delivered
65,28,2024-12-09,physical,delivered
66,2,2024-12-08,online,delivered
67,7,2024-05-22,online,delivered
68,2,2024-11-25,online,delivered
69,2,2024-10-26,online,delivered
70,1,2024-12-05,online,delivered
71,1,2024-11-03,online,delivered
72,3,2024-12-27,online,delivered
73,1,2024-11-22,physical,cancelled
74,19,2024-08-08,physical,delivered
75,21,2024-10-13,online,delivered
76,11,2024-12-28,physical,delivered
77,8,2024-09-15,physical,delivered
78,13,2024-07-12,online,delivered
79,28,2024-10-26,online,delivered
80,28,2024-07-09,online,delivered
81,1,2024-11-27,physical,delivered
82,4,2024-07-29,online,delivered
83,7,2024-09-21,online,delivered
84,7,2024-05-07,physical,delivered
85,17,2024-10-20,online,delivered
86,11,2024-10-11,online,delivered
87,1,2024-10-19,online,delivered
88,10,2024-12-23,online,delivered
89,14,2024-05-28,online,delivered
90,2,2024-12-27,physical,delivered
91,28,2024-11-09,online,delivered
92,1,2024-10-27,online,delivered
93,28,2024-10-21,online,delivered
94,2,2024-10-17,physical,delivered
95,28,2024-11-27,online,delivered
96,28,2024-11-25,online,delivered
97,29,2024-08-23,online,delivered
98,24,2024-09-17,online,delivered
99,24,2024-10-06,physical,delivered
100,21,2024-12-11,online,delivered
101,24,2024-09-06,online,delivered
102,2,2024-11-10,online,delivered
103,16,2024-09-23,online,delivered
104,14,2024-11-05,online,delivered
105,28,2024-11-02,online,delivered
106,12,2024-12-11,online,delivered
107,11,2024-10-11,physical,delivered
108,21,2024-10-01,online,delivered
109,7,2024-06-14,online,delivered
110,2,2024-11-22,online,delivered
111,12,2024-10-11,online,delivered
112,11,2024-11-25,online,delivered
113,7,2024-10-17,online,delivered
114,10,2024-09-23,online,delivered
115,10,2024-10-04,physical,delivered
116,8,2024-08-04,physical,delivered
117,11,2024-12-12,online,delivered
118,22,2024-12-28,physical,delivered
119,8,2024-10-07,online,delivered
120,28,2024-08-26,online,delivered
121,28,2024-11-07,physical,delivered
122,12,2024-11-06,physical,delivered
123,8,2024-10-28,online,delivered
124,16,2024-08-26,online,delivered
125,28,2024-09-28,online,delivered
126,21,2024-05-06,physical,delivered
127,25,2024-08-06,physical,delivered
128,15,2024-06-06,physical,delivered
129,20,2024-11-29,online,delivered
130,7,2024-03-16,online,delivered
131,23,2024-12-20,online,delivered
132,4,2024-08-29,online,delivered
133,22,2024-12-10,online,delivered
134,28,2024-12-09,online,delivered
135,2,2024-10-14,online,delivered
136,20,2024-12-20,online,delivered
137,2,2024-11-27,physical,delivered
138,23,2024-10-11,physical,delivered
139,1,2024-09-15,online,delivered
140,28,2024-08-07,online,delivered
141,2,2024-12-03,online,delivered
142,28,2024-09-10,physical,delivered
143,24,2024-11-15,online,delivered
144,19,2024-11-04,physical,delivered
145,24,2024-11-16,physical,delivered
146,24,2024-09-06,online,delivered
147,28,2024-11-26,online,delivered
148,7,2024-02-20,online,delivered
149,19,2024-07-13,online,delivered
150,2,2024-11-08,online,delivered
151,20,2024-12-21,physical,delivered
152,2,2024-10-26,online,delivered
153,17,2024-11-14,physical,delivered
154,17,2024-11-29,online,delivered
155,12,2024-12-09,physical,delivered
156,14,2024-07-06,online,delivered
157,24,2024-03-30,online,delivered
158,24,2024-11-18,online,delivered
159,13,2024-10-23,online,delivered
160,19,2024-07-26,online,delivered
161,28,2024-11-16,physical,delivered
162,2,2024-10-29,online,delivered
163,2,2024-11-13,online,delivered
164,2,2024-12-06,physical,delivered
165,21,2024-04-07,online,delivered
166,11,2024-12-12,physical,delivered
167,24,2024-04-24,physical,delivered
168,21,2024-06-28,online,delivered
169,8,2024-05-12,online,delivered
170,28,2024-09-29,physical,delivered
171,24,2024-05-03,physical,delivered
172,7,2024-10-08,online,delivered
173,10,2024-10-02,online,delivered
174,8,2024-10-08,online,delivered
175,2,2024-12-22,online,delivered
176,2,2024-11-11,physical,delivered
177,28,2024-10-08,online,delivered
178,12,2024-09-18,online,delivered
179,11,2024-12-13,online,delivered
180,23,2024-10-24,online,delivered
181,17,2024-12-02,physical,delivered
182,28,2024-08-18,online,delivered
183,24,2024-09-12,online,delivered
184,12,2024-07-30,online,delivered
185,11,2024-12-07,online,delivered
186,29,2024-08-29,physical,delivered
187,22,2024-12-19,online,delivered
188,28,2024-10-08,physical,delivered
189,2,2024-12-25,online,delivered
190,28,2024-12-19,physical,delivered
191,21,2024-05-25,physical,delivered
192,2,2024-10-20,online,delivered
193,18,2024-11-02,physical,delivered
194,22,2024-12-01,physical,delivered
195,1,2024-11-09,physical,delivered
196,12,2024-12-18,online,delivered
197,26,2024-10-23,online,delivered
198,8,2024-03-29,online,delivered
199,12,2024-09-21,physical,delivered
200,12,2024-09-27,physical,delivered
201,8,2024-11-11,online,delivered
202,28,2024-10-22,online,delivered
203,24,2024-11-30,online,delivered
204,2,2024-11-30,online,delivered
205,30,2024-12-25,online,delivered
206,28,2024-07-30,online,delivered
207,7,2024-07-22,online,delivered
208,28,2024-10-14,physical,delivered
209,2,2024-11-30,physical,delivered
210,30,2024-06-06,online,delivered
211,21,2024-08-09,online,delivered
212,21,2024-11-02,online,delivered
213,2,2024-12-27,physical,delivered
214,28,2024-10-15,online,delivered
215,1,2024-11-17,physical,delivered
216,7,2024-07-25,online,delivered
217,2,2024-11-14,online,delivered
218,24,2024-05-31,online,delivered
219,4,2024-12-21,online,delivered
220,28,2024-08-17,online,delivered
221,21,2024-11-10,online,delivered
222,1,2024-11-18,online,delivered
223,1,2024-10-20,online,delivered
224,1,2024-11-23,online,delivered
225,20,2024-11-02,online,delivered
226,24,2024-07-20,online,delivered
227,7,2024-11-15,physical,delivered
228,28,2024-10-01,online,delivered
229,1,2024-11-18,online,delivered
230,24,2024-08-15,online,delivered
231,28,2024-11-07,physical,delivered
232,24,2024-11-27,physical,delivered
233,22,2024-11-05,online,delivered
234,28,2024-10-06,online,delivered
235,1,2024-09-12,physical,delivered
236,4,2024-05-14,online,delivered
237,2,2024-12-01,online,delivered
238,13,2024-10-19,physical,delivered
239,23,2024-09-25,online,delivered
240,20,2024-11-07,online,delivered
241,28,2024-12-18,online,delivered
242,2,2024-11-25,online,delivered
243,23,2024-08-11,online,delivered
244,4,2024-10-16,physical,delivered
245,7,2024-07-26,online,delivered
246,22,2024-10-23,online,delivered
247,29,2024-08-10,online,delivered
248,20,2024-12-07,physical,delivered
249,1,2024-10-04,online,delivered
250,20,2024-11-05,physical,delivered
251,1,2024-12-05,online,delivered
252,28,2024-11-30,online,delivered
253,22,2024-11-16,online,delivered
254,3,2024-08-09,online,delivered
255,2,2024-12-13,online,delivered
256,4,2024-12-20,online,delivered
257,29,2024-11-17,online,delivered
258,12,2024-07-05,online,delivered
259,24,2024-07-24,online,delivered
260,21,2024-12-19,physical,delivered
261,17,2024-12-08,online,delivered
262,2,2024-11-19,online,delivered
263,28,2024-09-01,physical,delivered
264,8,2024-11-27,online,delivered
265,18,2024-12-15,physical,delivered
266,22,2024-12-08,online,delivered
267,21,2024-10-29,online,delivered
268,28,2024-07-08,physical,delivered
269,2,2024-12-12,physical,delivered
270,13,2024-07-10,physical,delivered
271,11,2024-11-08,physical,delivered
272,12,2024-09-23,online,delivered
273,2,2024-11-05,physical,delivered
274,2,2024-12-25,online,delivered
275,7,2024-03-06,online,delivered
276,8,2024-09-13,online,delivered
277,12,2024-07-12,physical,delivered
278,20,2024-12-29,online,delivered
279,21,2024-05-11,online,delivered
280,11,2024-12-19,physical,delivered
281,11,2024-10-26,online,delivered
282,4,2024-12-20,physical,delivered
283,18,2024-11-05,online,delivered
284,8,2024-04-09,online,delivered
285,1,2024-09-13,online,delivered
286,11,2024-11-25,online,delivered
287,12,2024-06-25,online,delivered
288,4,2024-07-17,physical,delivered
289,17,2024-11-21,physical,delivered
290,17,2024-11-23,physical,delivered
291,22,2024-12-02,physical,delivered
292,21,2024-05-28,online,delivered
293,21,2024-07-05,physical,delivered
294,8,2024-10-21,online,delivered
295,24,2024-08-26,physical,delivered
296,17,2024-12-11,physical,delivered
297,12,2024-08-12,physical,delivered
298,20,2024-11-14,physical,delivered
299,10,2024-10-06,online,delivered
300,14,2024-06-19,online,delivered
301,23,2024-11-18,physical,delivered
302,28,2024-12-18,online,delivered
303,28,2024-09-14,online,delivered
304,13,2024-10-25,physical,delivered
305,14,2024-08-21,online,delivered
306,24,2024-09-28,online,delivered
307,8,2024-11-10,online,delivered
308,28,2024-07-29,physical,delivered
309,13,2024-08-11,online,delivered
310,2,2024-11-27,physical,delivered
311,1,2024-10-24,online,delivered
312,28,2024-09-29,physical,delivered
313,1,2024-10-24,physical,delivered
314,7,2024-10-15,online,delivered
315,8,2024-04-01,physical,delivered
316,3,2024-09-27,online,delivered
317,8,2024-07-18,physical,delivered
318,23,2024-12-01,online,delivered
319,1,2024-12-20,online,delivered
320,27,2024-06-18,online,delivered
321,28,2024-07-16,online,delivered
322,10,2024-11-27,physical,delivered
323,2,2024-11-16,physical,delivered
324,19,2024-12-09,online,delivered
325,2,2024-11-12,physical,delivered
326,10,2024-11-24,online,delivered
327,28,2024-11-13,physical,delivered
328,30,2024-04-30,physical,delivered
329,24,2024-09-12,physical,delivered
330,8,2024-07-24,online,delivered
331,22,2024-11-10,physical,delivered
332,22,2024-11-28,physical,delivered
333,11,2024-12-26,online,delivered
334,21,2024-05-13,online,delivered
335,1,2024-10-21,physical,delivered
336,4,2024-08-21,online,delivered
337,14,2024-12-28,online,delivered
338,2,2024-11-17,online,delivered
339,2,2024-12-08,online,delivered
340,28,2024-08-28,physical,delivered
341,30,2024-10-21,physical,delivered
342,17,2024-11-15,online,delivered
343,28,2024-07-06,online,delivered
344,30,2024-12-11,online,delivered
345,2,2024-12-16,physical,delivered
346,12,2024-11-04,online,delivered
347,11,2024-11-16,online,delivered
348,1,2024-09-06,online,delivered
349,23,2024-11-09,online,delivered
350,12,2024-06-23,online,delivered
351,12,2024-12-13,online,delivered
352,2,2024-11-10,physical,delivered
353,4,2024-06-23,online,delivered
354,28,2024-10-27,online,delivered
355,1,2024-11-12,physical,delivered
356,7,2024-04-25,online,delivered
357,7,2024-10-04,online,delivered
358,13,2024-08-02,online,delivered
359,18,2024-12-06,online,delivered
360,13,2024-08-14,online,delivered
361,1,2024-10-01,online,delivered
362,7,2024-09-30,online,delivered
363,28,2024-07-20,online,delivered
364,21,2024-12-01,online,delivered
365,21,2024-12-09,online,delivered
366,21,2024-04-17,online,delivered
367,24,2024-07-16,online,delivered
368,1,2024-11-29,online,delivered
369,10,2024-09-09,online,delivered
370,16,2024-12-09,online,delivered
371,8,2024-08-17,physical,delivered
372,28,2024-11-21,physical,delivered
373,12,2024-07-25,online,delivered
374,24,2024-04-23,online,delivered
375,28,2024-12-25,online,delivered
376,13,2024-08-23,physical,cancelled
377,28,2024-09-03,physical,delivered
378,18,2024-12-18,physical,delivered
379,28,2024-09-20,online,cancelled
380,9,2024-10-07,online,delivered
381,13,2024-08-04,physical,delivered
382,15,2024-04-20,online,delivered
383,2,2024-12-29,online,delivered
384,11,2024-12-04,physical,delivered
385,28,2024-10-13,online,delivered
386,20,2024-12-16,online,delivered
387,4,2024-07-09,online,delivered
388,8,2024-05-31,online,delivered
389,4,2024-07-03,online,delivered
390,1,2024-12-07,physical,delivered
391,28,2024-12-05,online,delivered
392,12,2024-09-26,online,delivered
393,8,2024-08-07,online,delivered
394,19,2024-06-08,physical,delivered
395,1,2024-12-04,online,delivered
396,7,2024-02-29,online,delivered
397,22,2024-11-04,online,delivered
398,21,2024-06-28,online,delivered
399,29,2024-11-17,online,delivered
400,20,2024-12-22,online,delivered
401,12,2024-10-24,online,delivered
402,23,2024-08-09,online,delivered
403,28,2024-12-02,online,delivered
404,23,2024-10-07,online,delivered
405,28,2024-07-04,online,delivered
406,24,2024-06-29,online,delivered
407,28,2024-10-14,online,delivered
408,2,2024-10-25,online,delivered
409,23,2024-10-19,physical,delivered
410,12,2024-10-25,physical,delivered
411,17,2024-12-22,physical,delivered
412,21,2024-12-19,online,delivered
413,28,2024-08-21,online,delivered
414,29,2024-11-10,online,delivered
415,7,2024-12-15,online,delivered
416,23,2024-11-23,online,delivered
417,23,2024-10-03,physical,delivered
418,10,2024-09-24,physical,delivered
419,2,2024-12-18,online,delivered
420,1,2024-10-20,online,delivered
421,24,2024-09-18,online,delivered
422,13,2024-07-01,online,delivered
423,29,2024-10-21,online,delivered
424,12,2024-08-28,online,delivered
425,29,2024-07-10,online,delivered
426,11,2024-12-23,online,delivered
427,24,2024-12-16,online,delivered
428,1,2024-11-02,online,delivered
429,17,2024-12-20,online,delivered
430,25,2024-09-11,physical,delivered
431,28,2024-07-24,online,delivered
432,26,2024-09-29,online,delivered
433,1,2024-09-13,online,delivered
434,10,2024-09-10,online,delivered
435,1,2024-11-03,online,delivered
436,2,2024-11-30,physical,delivered
437,21,2024-05-17,online,delivered
438,22,2024-10-31,physical,delivered
439,24,2024-06-18,physical,delivered
440,28,2024-12-21,physical,delivered
441,23,2024-11-04,physical,delivered
442,24,2024-05-10,physical,delivered
443,1,2024-11-19,online,delivered
444,7,2024-07-25,online,delivered
445,20,2024-12-04,online,delivered
446,28,2024-11-09,online,delivered
447,1,2024-12-18,online,delivered
448,14,2024-10-29,physical,delivered
449,21,2024-11-16,online,delivered
450,1,2024-10-05,online,delivered
451,11,2024-12-13,online,delivered
452,28,2024-11-06,physical,delivered
453,21,2024-05-10,online,delivered
454,7,2024-12-19,online,delivered
455,28,2024-10-05,online,delivered
456,10,2024-11-21,online,delivered
457,28,2024-08-25,online,delivered
458,8,2024-04-10,online,delivered
459,19,2024-09-15,online,delivered
460,11,2024-11-05,online,delivered
461,7,2024-07-21,physical,delivered
462,28,2024-09-26,physical,delivered
463,4,2024-06-25,online,delivered
464,1,2024-11-14,online,delivered
465,9,2024-09-22,physical,delivered
466,22,2024-12-27,physical,delivered
467,25,2024-08-26,online,delivered
468,30,2024-08-22,online,delivered
469,8,2024-12-04,physical,delivered
470,11,2024-12-02,online,delivered
471,2,2024-10-19,online,cancelled
472,18,2024-11-14,online,delivered
473,30,2024-05-10,online,cancelled
474,22,2024-11-09,online,delivered
475,19,2024-06-11,physical,delivered
476,11,2024-12-21,online,delivered
477,28,2024-07-19,online,delivered
478,13,2024-11-02,online,cancelled
479,2,2024-11-03,online,delivered
480,10,2024-12-27,physical,delivered
481,1,2024-09-09,online,delivered
482,4,2024-04-14,physical,delivered
483,1,2024-11-08,online,delivered
484,12,2024-09-06,online,delivered
485,21,2024-05-20,online,delivered
486,10,2024-12-21,online,delivered
487,12,2024-08-22,physical,delivered
488,28,2024-07-15,physical,delivered
489,23,2024-12-18,online,delivered
490,16,2024-12-04,online,delivered
491,7,2024-04-20,online,delivered
492,28,2024-10-23,physical,delivered
493,7,2024-04-23,physical,delivered
494,8,2024-06-27,online,delivered
495,28,2024-09-03,online,delivered
496,15,2024-12-25,physical,delivered
497,23,2024-08-20,online,delivered
498,19,2024-12-12,physical,delivered
499,21,2024-04-03,online,cancelled
500,8,2024-07-14,online,delivered
501,7,2024-12-29,online,delivered
502,8,2024-05-24,online,delivered
503,2,2024-10-26,online,delivered
504,28,2024-10-14,online,delivered
505,7,2024-05-07,online,delivered
506,17,2024-11-03,online,delivered
507,24,2024-04-30,online,delivered
508,24,2024-11-30,online,delivered
509,12,2024-06-14,online,delivered
510,12,2024-07-25,online,delivered
511,30,2024-01-29,physical,delivered
512,21,2024-08-19,online,delivered
513,26,2024-10-18,online,delivered
514,28,2024-10-24,physical,delivered
515,24,2024-07-22,online,delivered
516,4,2024-04-01,online,delivered
517,17,2024-11-03,online,delivered
518,2,2024-11-08,online,delivered
519,21,2024-04-22,physical,delivered
520,28,2024-07-26,physical,delivered
521,14,2024-10-30,online,delivered
522,12,2024-12-25,online,delivered
523,1,2024-09-27,online,delivered
524,28,2024-11-23,online,delivered
525,2,2024-10-20,physical,delivered
526,1,2024-12-06,online,delivered
527,7,2024-07-23,online,delivered
528,1,2024-11-14,online,delivered
529,12,2024-12-20,physical,delivered
530,14,2024-07-01,online,delivered
531,8,2024-09-20,physical,delivered
532,1,2024-12-11,online,delivered
533,2,2024-11-04,online,delivered
534,11,2024-10-02,physical,delivered
535,1,2024-12-15,physical,delivered
536,22,2024-11-20,physical,delivered
537,4,2024-09-19,physical,cancelled
538,8,2024-12-03,physical,delivered
539,11,2024-09-30,online,delivered
540,11,2024-10-05,online,delivered
541,1,2024-12-07,online,delivered
542,2,2024-11-21,physical,delivered
543,28,2024-09-22,physical,delivered
544,1,2024-09-25,online,delivered
545,13,2024-09-30,online,delivered
546,13,2024-11-12,online,delivered
547,8,2024-09-17,physical,delivered
548,12,2024-07-02,physical,delivered
549,24,2024-04-19,online,delivered
550,28,2024-09-02,physical,delivered
551,7,2024-09-23,online,delivered
552,8,2024-05-25,physical,delivered
553,7,2024-02-25,physical,delivered
554,12,2024-07-23,online,delivered
555,22,2024-11-17,online,delivered
556,5,2024-12-25,online,delivered
557,8,2024-10-27,online,delivered
558,28,2024-11-17,online,delivered
559,1,2024-11-07,online,delivered
560,12,2024-10-29,online,delivered
561,22,2024-12-19,online,delivered
562,2,2024-12-04,physical,delivered
563,1,2024-11-01,online,delivered
564,2,2024-11-27,online,delivered
565,28,2024-10-08,physical,delivered
566,1,2024-11-27,physical,delivered
567,4,2024-05-03,online,delivered
568,1,2024-09-27,online,delivered
569,2,2024-12-16,online,delivered
570,20,2024-12-21,online,delivered
571,7,2024-11-05,physical,delivered
572,17,2024-11-07,physical,cancelled
573,19,2024-10-09,physical,delivered
574,28,2024-09-27,online,delivered
575,1,2024-10-19,physical,delivered
576,28,2024-09-20,online,delivered
577,20,2024-11-30,online,delivered
578,2,2024-11-27,online,cancelled
579,24,2024-08-20,online,delivered
580,28,2024-09-20,online,delivered
581,7,2024-11-09,physical,delivered
582,28,2024-07-20,physical,delivered
583,12,2024-10-03,online,delivered
584,20,2024-12-09,online,delivered
585,29,2024-10-15,online,delivered
586,10,2024-10-22,online,delivered
587,25,2024-08-29,physical,delivered
588,8,2024-05-27,physical,delivered
589,24,2024-12-10,physical,delivered
590,19,2024-10-26,physical,delivered
591,4,2024-04-21,physical,delivered
592,11,2024-10-11,physical,delivered
593,8,2024-05-01,online,delivered
594,1,2024-09-23,online,delivered
595,1,2024-11-27,physical,delivered
596,10,2024-09-21,online,delivered
597,1,2024-11-16,physical,delivered
598,2,2024-10-26,online,delivered
599,23,2024-11-08,physical,delivered
600,22,2024-10-27,online,cancelled
601,23,2024-11-13,physical,delivered
602,8,2024-11-02,online,delivered
603,28,2024-10-19,online,delivered
604,19,2024-08-31,online,delivered
605,2,2024-12-18,online,delivered
606,2,2024-10-25,online,delivered
607,22,2024-11-30,online,delivered
608,3,2024-08-15,online,delivered
609,13,2024-12-13,physical,delivered
610,30,2024-10-08,physical,delivered
611,1,2024-11-26,online,delivered
612,1,2024-09-14,physical,delivered
613,30,2024-05-14,physical,delivered
614,18,2024-12-04,online,delivered
615,2,2024-11-13,physical,delivered
616,28,2024-09-08,physical,delivered
617,28,2024-07-22,online,delivered
618,16,2024-12-09,physical,delivered
619,20,2024-12-17,online,delivered
620,7,2024-04-22,online,delivered
621,1,2024-10-05,physical,delivered
622,19,2024-10-29,online,delivered
623,7,2024-04-27,online,delivered
624,21,2024-05-14,online,delivered
625,28,2024-09-07,online,delivered
626,1,2024-12-22,online,delivered
627,19,2024-09-14,online,delivered
628,6,2024-11-30,online,delivered
629,28,2024-11-27,online,delivered
630,7,2024-05-18,online,delivered
631,20,2024-12-23,physical,cancelled
632,17,2024-11-08,online,delivered
633,11,2024-12-16,online,delivered
634,21,2024-11-05,online,delivered
635,23,2024-12-19,online,delivered
636,17,2024-12-17,physical,delivered
637,23,2024-11-19,online,delivered
638,29,2024-06-26,online,delivered
639,11,2024-11-14,physical,delivered
640,14,2024-05-31,physical,delivered
641,1,2024-10-10,online,delivered
642,24,2024-07-03,online,delivered
643,14,2024-09-16,physical,delivered
644,11,2024-11-28,online,delivered
645,2,2024-11-17,physical,delivered
646,28,2024-07-03,online,delivered
647,11,2024-10-29,online,delivered
648,22,2024-11-04,online,delivered
649,2,2024-12-07,online,delivered
650,28,2024-11-06,online,delivered
651,4,2024-08-28,physical,delivered
652,4,2024-04-22,physical,delivered
653,28,2024-07-29,physical,delivered
654,28,2024-11-22,physical,delivered
655,4,2024-11-26,online,delivered
656,12,2024-06-15,online,delivered
657,23,2024-08-09,online,delivered
658,28,2024-11-23,physical,delivered
659,11,2024-11-04,online,delivered
660,14,2024-10-13,physical,delivered
661,23,2024-10-12,online,delivered
662,23,2024-10-19,online,delivered
663,24,2024-07-29,online,delivered
664,17,2024-11-02,online,delivered
665,2,2024-11-18,online,delivered
666,28,2024-08-31,physical,delivered
667,28,2024-11-19,physical,delivered
668,24,2024-07-22,physical,delivered
669,2,2024-12-28,physical,delivered
670,4,2024-11-01,physical,delivered
671,23,2024-11-15,online,delivered
672,1,2024-09-21,online,delivered
673,29,2024-07-06,physical,delivered
674,11,2024-10-24,online,delivered
675,22,2024-11-06,physical,delivered
676,28,2024-11-25,online,delivered
677,11,2024-10-03,online,delivered
678,8,2024-12-15,physical,delivered
679,20,2024-11-05,online,delivered
680,18,2024-11-02,online,delivered
681,11,2024-12-19,online,delivered
682,20,2024-12-09,physical,delivered
683,28,2024-10-04,online,delivered
684,12,2024-11-22,online,delivered
685,4,2024-09-02,online,delivered
686,11,2024-11-16,physical,delivered
687,11,2024-11-04,physical,delivered
688,2,2024-12-26,physical,delivered
689,2,2024-12-02,online,delivered
690,22,2024-11-02,online,delivered
691,9,2024-11-09,online,delivered
692,28,2024-09-23,online,delivered
693,7,2024-03-14,online,delivered
694,2,2024-11-10,online,delivered
695,23,2024-12-01,online,delivered
696,28,2024-11-10,physical,delivered
697,7,2024-09-17,online,delivered
698,4,2024-09-30,physical,delivered
699,4,2024-10-16,online,delivered
700,14,2024-09-16,physical,delivered
701,12,2024-06-21,physical,delivered
702,7,2024-04-25,physical,delivered
703,1,2024-11-20,online,delivered
704,12,2024-06-25,online,cancelled
705,28,2024-07-03,physical,delivered
706,21,2024-06-20,online,delivered
707,13,2024-08-24,physical,delivered
708,2,2024-11-03,physical,delivered
709,7,2024-11-24,physical,delivered
710,7,2024-03-24,physical,delivered
711,24,2024-06-26,online,delivered
712,28,2024-08-27,online,delivered
713,28,2024-09-03,physical,delivered
714,29,2024-08-01,online,delivered
715,29,2024-06-19,online,delivered
716,28,2024-10-06,physical,delivered
717,1,2024-11-27,online,delivered
718,2,2024-10-31,online,delivered
719,8,2024-05-18,online,delivered
720,17,2024-11-23,physical,delivered
721,2,2024-12-04,physical,delivered
722,28,2024-11-15,online,delivered
723,20,2024-11-20,physical,delivered
724,16,2024-11-24,online,delivered
725,2,2024-12-07,online,delivered
726,7,2024-12-19,online,delivered
727,2,2024-12-17,online,delivered
728,28,2024-12-05,online,delivered
729,18,2024-11-10,online,delivered
730,23,2024-08-05,online,cancelled
731,8,2024-08-30,physical,delivered
732,10,2024-09-11,physical,delivered
733,11,2024-12-17,physical,delivered
734,23,2024-07-26,physical,delivered
735,24,2024-09-13,physical,delivered
736,4,2024-04-25,online,delivered
737,28,2024-12-16,online,delivered
738,2,2024-11-13,online,delivered
739,28,2024-10-21,online,delivered
740,2,2024-11-24,online,delivered
741,7,2024-09-09,online,delivered
742,28,2024-09-18,online,delivered
743,4,2024-12-26,physical,delivered
744,11,2024-12-14,physical,delivered
745,12,2024-09-24,physical,delivered
746,7,2024-03-15,physical,delivered
747,22,2024-11-30,online,delivered
748,28,2024-07-06,online,delivered
749,28,2024-09-03,online,delivered
750,9,2024-10-06,physical,delivered
751,15,2024-10-26,online,delivered
752,7,2024-07-27,physical,delivered
753,7,2024-12-19,online,delivered
754,2,2024-12-19,online,delivered
755,28,2024-12-27,online,delivered
756,28,2024-09-10,online,delivered
757,24,2024-04-22,online,delivered
758,14,2024-11-05,online,delivered
759,13,2024-12-07,physical,delivered
760,15,2024-04-10,online,delivered
761,16,2024-10-05,physical,delivered
762,12,2024-11-20,physical,delivered
763,2,2024-12-10,online,delivered
764,2,2024-11-21,physical,delivered
765,28,2024-10-11,physical,delivered
766,12,2024-07-04,physical,delivered
767,28,2024-09-16,physical,delivered
768,2,2024-11-13,online,delivered
769,17,2024-12-29,physical,delivered
770,4,2024-08-04,physical,delivered
771,7,2024-04-26,online,delivered
772,1,2024-11-08,physical,delivered
773,2,2024-12-28,online,delivered
774,28,2024-08-03,physical,delivered
775,8,2024-04-27,physical,delivered
776,20,2024-12-17,online,delivered
777,12,2024-07-18,physical,delivered
778,11,2024-10-31,online,delivered
779,15,2024-12-26,online,delivered
780,4,2024-08-08,online,delivered
781,30,2024-06-08,online,delivered
782,26,2024-09-30,online,delivered
783,23,2024-09-06,online,delivered
784,12,2024-07-13,online,delivered
785,2,2024-10-28,physical,delivered
786,28,2024-08-20,physical,delivered
787,9,2024-10-11,online,delivered
788,1,2024-10-08,online,delivered
789,9,2024-12-28,online,delivered
790,24,2024-05-17,online,delivered
791,20,2024-11-05,online,delivered
792,23,2024-08-26,online,delivered
793,24,2024-11-17,online,delivered
794,4,2024-10-03,physical,delivered
795,28,2024-09-30,online,delivered
796,12,2024-11-25,online,delivered
797,21,2024-12-22,online,delivered
798,1,2024-12-23,online,delivered
799,30,2024-09-29,physical,delivered
800,7,2024-10-03,physical,delivered
801,1,2024-11-06,online,delivered
802,12,2024-10-04,online,delivered
803,2,2024-10-28,online,delivered
804,2,2024-11-25,online,delivered
805,20,2024-11-04,online,delivered
806,11,2024-12-24,physical,delivered
807,28,2024-09-25,physical,delivered
808,8,2024-11-29,physical,delivered
809,23,2024-09-19,online,delivered
810,12,2024-09-18,physical,delivered
811,21,2024-11-17,online,delivered
812,19,2024-05-16,physical,delivered
813,12,2024-10-18,online,cancelled
814,28,2024-10-08,online,delivered
815,10,2024-09-17,physical,delivered
816,4,2024-07-24,online,delivered
817,21,2024-09-28,online,delivered
818,28,2024-09-27,physical,delivered
819,1,2024-09-12,online,delivered
820,12,2024-06-26,online,delivered
821,28,2024-09-11,physical,delivered
822,23,2024-09-16,physical,delivered
823,30,2024-02-22,online,delivered
824,15,2024-11-05,online,delivered
825,21,2024-05-07,online,delivered
826,8,2024-11-22,physical,delivered
827,28,2024-10-25,online,delivered
828,10,2024-12-10,online,delivered
829,23,2024-10-05,physical,delivered
830,11,2024-12-22,online,delivered
831,17,2024-12-13,online,delivered
832,22,2024-12-14,online,delivered
833,13,2024-12-29,online,delivered
834,28,2024-12-02,online,delivered
835,11,2024-10-01,online,delivered
836,21,2024-09-23,online,delivered
837,9,2024-12-23,online,delivered
838,11,2024-10-30,online,cancelled
839,12,2024-10-06,online,delivered
840,2,2024-12-11,physical,delivered
841,2,2024-11-29,online,delivered
842,21,2024-10-13,online,delivered
843,21,2024-05-30,physical,delivered
844,21,2024-04-26,online,delivered
845,1,2024-12-01,online,delivered
846,8,2024-05-08,online,delivered
847,4,2024-08-06,online,delivered
848,24,2024-12-21,online,delivered
849,28,2024-07-18,physical,delivered
850,7,2024-08-13,online,delivered
851,21,2024-12-08,online,cancelled
852,2,2024-10-30,physical,cancelled
853,7,2024-02-15,online,delivered
854,2,2024-11-07,online,delivered
855,7,2024-10-31,online,delivered
856,21,2024-09-19,online,delivered
857,28,2024-09-25,online,delivered
858,4,2024-10-15,online,delivered
859,16,2024-11-28,physical,delivered
860,22,2024-12-20,physical,delivered
861,28,2024-08-01,physical,delivered
862,20,2024-12-03,physical,delivered
863,7,2024-06-23,physical,delivered
864,20,2024-11-25,online,delivered
865,8,2024-08-26,online,delivered
866,28,2024-09-19,online,delivered
867,11,2024-11-28,online,delivered
868,22,2024-12-26,physical,delivered
869,1,2024-12-30,physical,delivered
870,11,2024-10-04,physical,delivered
871,28,2024-12-02,online,delivered
872,20,2024-12-29,online,delivered
873,12,2024-10-11,physical,delivered
874,28,2024-07-14,online,delivered
875,28,2024-09-04,online,delivered
876,8,2024-05-04,online,delivered
877,16,2024-12-05,online,delivered
878,13,2024-11-05,online,delivered
879,20,2024-12-05,physical,delivered
880,8,2024-07-17,online,delivered
881,7,2024-05-07,online,delivered
882,28,2024-11-19,physical,delivered
883,28,2024-12-14,online,delivered
884,28,2024-11-06,physical,delivered
885,29,2024-08-13,physical,delivered
886,23,2024-09-25,online,delivered
887,24,2024-04-19,online,delivered
888,24,2024-10-31,online,delivered
889,12,2024-07-28,physical,delivered
890,12,2024-10-17,physical,delivered
891,7,2024-05-30,physical,delivered
892,21,2024-12-12,online,delivered
893,7,2024-10-28,online,delivered
894,7,2024-10-14,online,delivered
895,18,2024-11-14,online,delivered
896,11,2024-10-19,physical,delivered
897,4,2024-11-12,online,delivered
898,26,2024-09-18,physical,delivered
899,28,2024-08-31,physical,delivered
900,2,2024-12-07,physical,delivered
901,1,2024-11-17,online,delivered
902,8,2024-12-03,physical,delivered
903,24,2024-07-24,physical,delivered
904,28,2024-12-06,online,delivered
905,2,2024-10-26,physical,delivered
906,24,2024-12-04,online,delivered
907,2,2024-12-21,physical,delivered
908,11,2024-10-12,online,delivered
909,30,2024-09-30,online,delivered
910,4,2024-12-11,online,delivered
911,2,2024-11-24,physical,delivered
912,12,2024-12-18,physical,delivered
913,20,2024-12-03,physical,delivered
914,28,2024-07-05,physical,delivered
915,29,2024-11-03,online,delivered
916,1,2024-11-03,online,delivered
917,2,2024-10-31,online,delivered
918,24,2024-06-10,physical,cancelled
919,7,2024-06-11,online,delivered
920,28,2024-11-27,physical,delivered
921,21,2024-10-07,online,delivered
922,2,2024-11-01,online,delivered
923,28,2024-08-14,physical,delivered
924,4,2024-05-18,online,delivered
925,12,2024-08-03,online,delivered
926,17,2024-10-25,physical,delivered
927,13,2024-08-23,physical,delivered
928,22,2024-10-31,online,delivered
929,21,2024-10-16,online,delivered
930,30,2024-11-18,online,delivered
931,30,2024-08-20,online,delivered
932,14,2024-12-10,online,delivered
933,2,2024-10-17,physical,delivered
934,23,2024-11-28,online,delivered
935,28,2024-09-05,online,delivered
936,8,2024-11-24,physical,delivered
937,12,2024-07-24,online,delivered
938,12,2024-10-28,online,delivered
939,1,2024-10-04,online,delivered
940,21,2024-06-04,physical,delivered
941,10,2024-10-08,online,delivered
942,24,2024-12-13,physical,delivered
943,27,2024-12-16,online,delivered
944,26,2024-10-04,physical,delivered
945,11,2024-12-17,online,delivered
946,8,2024-04-14,online,delivered
947,23,2024-10-10,online,delivered
948,24,2024-08-07,online,delivered
949,13,2024-11-05,physical,delivered
950,28,2024-11-18,physical,delivered
951,2,2024-11-06,online,delivered
952,28,2024-09-26,physical,cancelled
953,2,2024-12-12,online,delivered
954,2,2024-11-10,online,delivered
955,16,2024-11-14,online,delivered
956,1,2024-10-20,physical,delivered
957,1,2024-12-17,online,delivered
958,1,2024-10-21,physical,delivered
959,12,2024-10-02,online,delivered
960,24,2024-09-17,online,delivered
961,1,2024-10-12,online,delivered
962,21,2024-08-22,online,delivered
963,26,2024-12-21,online,delivered
964,2,2024-11-25,online,delivered
965,2,2024-11-27,physical,delivered
966,28,2024-11-28,physical,cancelled
967,26,2024-10-26,online,delivered
968,16,2024-11-01,online,delivered
969,26,2024-12-08,online,delivered
970,2,2024-12-04,physical,delivered
971,11,2024-12-14,online,delivered
972,23,2024-08-23,online,delivered
973,7,2024-12-13,physical,delivered
974,23,2024-08-30,online,delivered
975,13,2024-11-29,physical,delivered
976,23,2024-11-17,physical,delivered
977,12,2024-07-27,online,delivered
978,10,2024-10-21,online,delivered
979,4,2024-04-15,online,delivered
980,4,2024-11-30,physical,delivered
981,23,2024-10-24,online,delivered
982,2,2024-11-19,online,delivered
983,1,2024-12-21,online,delivered
984,4,2024-05-04,physical,delivered
985,3,2024-10-17,online,delivered
986,26,2024-09-26,online,delivered
987,11,2024-11-18,physical,delivered
988,30,2024-02-25,online,delivered
989,2,2024-12-27,online,delivered
990,21,2024-06-03,online,delivered
991,12,2024-09-17,online,delivered
992,11,2024-12-20,online,delivered
993,28,2024-12-24,online,delivered
994,28,2024-10-09,online,delivered
995,28,2024-07-30,physical,delivered
996,4,2024-09-11,physical,delivered
997,4,2024-04-30,online,delivered
998,21,2024-06-27,online,delivered
999,7,2024-12-13,physical,cancelled
1000,23,2024-10-18,physical,delivered
1001,17,2024-11-20,online,delivered
1002,17,2024-10-20,physical,delivered
1003,27,2024-09-26,physical,delivered
1004,22,2024-10-27,online,delivered
1005,1,2024-11-20,online,delivered
1006,1,2024-12-11,online,delivered
1007,19,2024-09-17,online,delivered
1008,12,2024-09-03,online,delivered
1009,7,2024-06-28,online,delivered
1010,11,2024-10-09,online,delivered
1011,23,2024-10-03,online,delivered
1012,27,2024-07-14,online,delivered
1013,17,2024-10-20,physical,delivered
1014,11,2024-11-24,online,delivered
1015,7,2024-03-09,online,delivered
1016,14,2024-09-27,online,delivered
1017,8,2024-05-24,online,delivered
1018,17,2024-10-31,online,delivered
1019,21,2024-04-16,online,delivered
1020,1,2024-10-30,online,delivered
1021,1,2024-12-05,physical,delivered
1022,4,2024-12-21,online,delivered
1023,28,2024-12-10,online,delivered
1024,21,2024-05-25,online,delivered
1025,2,2024-12-26,online,cancelled
1026,28,2024-11-16,physical,delivered
1027,12,2024-12-03,physical,delivered
1028,12,2024-11-25,online,delivered
1029,28,2024-10-29,online,delivered
1030,1,2024-09-06,online,delivered
1031,4,2024-04-25,online,delivered
1032,18,2024-10-08,online,delivered
1033,4,2024-07-03,online,delivered
1034,21,2024-06-24,online,delivered
1035,4,2024-05-23,online,delivered
1036,2,2024-12-06,physical,delivered
1037,4,2024-11-17,online,delivered
1038,12,2024-12-25,physical,delivered
1039,4,2024-09-06,physical,delivered
1040,2,2024-10-24,online,delivered
1041,28,2024-11-29,physical,delivered
1042,8,2024-07-18,online,delivered
1043,10,2024-10-19,physical,delivered
1044,1,2024-11-02,physical,delivered
1045,10,2024-09-26,online,delivered
1046,7,2024-02-18,online,delivered
1047,20,2024-11-21,online,delivered
1048,4,2024-09-05,online,delivered
1049,28,2024-11-03,online,delivered
1050,28,2024-12-03,online,delivered
1051,2,2024-12-13,online,delivered
1052,2,2024-11-27,online,delivered
1053,2,2024-10-20,online,delivered
1054,20,2024-11-08,online,delivered
1055,2,2024-12-01,online,delivered
1056,28,2024-10-25,online,delivered
1057,23,2024-11-04,online,delivered
1058,26,2024-09-05,physical,delivered
1059,14,2024-12-06,physical,delivered
1060,30,2024-09-03,online,delivered
1061,1,2024-10-21,physical,delivered
1062,11,2024-10-21,physical,delivered
1063,8,2024-07-20,online,delivered
1064,28,2024-09-23,online,cancelled
1065,18,2024-10-07,physical,delivered
1066,25,2024-11-30,online,delivered
1067,2,2024-11-17,online,delivered
1068,29,2024-09-17,online,delivered
1069,13,2024-10-15,online,delivered
1070,13,2024-09-15,online,delivered
1071,28,2024-08-07,online,delivered
1072,11,2024-10-10,online,delivered
1073,11,2024-12-03,online,delivered
1074,18,2024-10-13,physical,delivered
1075,2,2024-12-04,physical,delivered
1076,8,2024-10-26,online,delivered
1077,4,2024-10-09,online,delivered
1078,2,2024-12-29,online,delivered
1079,28,2024-10-08,online,delivered
1080,19,2024-11-26,online,delivered
1081,10,2024-09-06,online,delivered
1082,11,2024-12-08,online,delivered
1083,12,2024-12-03,online,delivered
1084,20,2024-11-02,online,delivered
1085,28,2024-11-02,physical,delivered
1086,28,2024-09-15,online,delivered
1087,11,2024-12-05,online,cancelled
1088,8,2024-07-05,online,delivered
1089,12,2024-06-10,online,delivered
1090,17,2024-11-21,physical,delivered
1091,12,2024-06-30,online,delivered
1092,21,2024-08-13,online,delivered
1093,17,2024-11-10,physical,delivered
1094,8,2024-12-09,physical,delivered
1095,10,2024-09-23,online,delivered
1096,11,2024-11-27,online,delivered
1097,2,2024-10-26,online,delivered
1098,2,2024-10-18,online,delivered
1099,23,2024-09-29,online,delivered
1100,11,2024-11-28,online,delivered
1101,4,2024-11-30,physical,delivered
1102,17,2024-11-03,online,delivered
1103,23,2024-12-21,online,cancelled
1104,7,2024-10-22,online,delivered
1105,27,2024-10-15,online,delivered
1106,28,2024-11-14,physical,delivered
1107,19,2024-10-27,online,delivered
1108,21,2024-12-03,physical,delivered
1109,1,2024-10-10,online,delivered
1110,28,2024-12-06,online,delivered
1111,11,2024-10-20,physical,delivered
1112,28,2024-07-14,online,cancelled
1113,18,2024-12-15,online,delivered
1114,1,2024-12-02,online,delivered
1115,1,2024-09-12,physical,delivered
1116,21,2024-07-24,physical,delivered
1117,17,2024-11-06,online,delivered
1118,1,2024-09-13,physical,delivered
1119,23,2024-12-23,physical,delivered
1120,28,2024-08-09,online,delivered
1121,13,2024-12-16,physical,delivered
1122,12,2024-06-20,online,delivered
1123,1,2024-11-05,online,delivered
1124,24,2024-07-17,online,delivered
1125,8,2024-10-15,online,delivered
1126,28,2024-09-17,online,delivered
1127,10,2024-12-17,online,delivered
1128,17,2024-12-02,physical,delivered
1129,7,2024-05-08,online,delivered
1130,2,2024-10-17,physical,delivered
1131,24,2024-11-25,physical,delivered
1132,13,2024-08-03,online,delivered
1133,16,2024-10-13,online,delivered
1134,28,2024-09-09,online,delivered
1135,28,2024-12-16,physical,delivered
1136,28,2024-11-30,online,delivered
1137,4,2024-04-13,online,delivered
1138,19,2024-08-31,online,cancelled
1139,28,2024-08-24,online,delivered
1140,10,2024-09-27,online,delivered
1141,2,2024-12-30,online,delivered
1142,25,2024-08-26,online,delivered
1143,12,2024-11-20,online,delivered
1144,17,2024-11-25,physical,delivered
1145,29,2024-12-03,online,delivered
1146,20,2024-12-05,online,delivered
1147,12,2024-10-13,online,delivered
1148,10,2024-10-09,physical,delivered
1149,11,2024-12-29,physical,delivered
1150,2,2024-12-20,online,delivered
1151,24,2024-09-28,online,delivered
1152,28,2024-09-11,online,delivered
1153,7,2024-12-05,physical,delivered
1154,8,2024-10-16,physical,delivered
1155,28,2024-08-22,online,delivered
1156,1,2024-09-21,physical,delivered
1157,14,2024-10-31,online,delivered
1158,12,2024-07-04,online,delivered
1159,22,2024-12-02,online,delivered
1160,2,2024-12-11,online,delivered
1161,21,2024-06-11,physical,delivered
1162,11,2024-11-20,online,delivered
1163,20,2024-11-29,online,delivered
1164,1,2024-09-24,physical,delivered
1165,12,2024-07-05,physical,delivered
1166,14,2024-09-24,online,delivered
1167,4,2024-12-07,online,delivered
1168,2,2024-11-11,online,delivered
1169,4,2024-07-23,physical,delivered
1170,10,2024-11-28,online,delivered
1171,2,2024-12-11,online,delivered
1172,28,2024-11-18,online,delivered
1173,11,2024-12-15,physical,delivered
1174,25,2024-06-09,online,delivered
1175,28,2024-11-12,online,delivered
1176,1,2024-11-30,online,delivered
1177,21,2024-08-16,online,delivered
1178,28,2024-09-26,online,delivered
1179,21,2024-04-18,online,delivered
1180,12,2024-10-18,physical,delivered
1181,12,2024-11-19,online,delivered
1182,1,2024-10-28,physical,delivered
1183,16,2024-12-21,online,delivered
1184,30,2024-11-26,online,delivered
1185,28,2024-07-13,online,delivered
1186,1,2024-09-19,online,delivered
1187,22,2024-12-26,online,delivered
1188,8,2024-12-01,online,delivered
1189,28,2024-09-18,online,delivered
1190,1,2024-11-14,online,delivered
1191,28,2024-10-09,online,delivered
1192,28,2024-12-04,online,delivered
1193,2,2024-12-25,physical,delivered
1194,1,2024-10-06,online,delivered
1195,28,2024-07-08,physical,delivered
1196,2,2024-10-27,physical,delivered
1197,16,2024-12-14,physical,delivered
1198,28,2024-11-10,online,delivered
1199,17,2024-11-29,online,delivered
1200,11,2024-09-30,physical,delivered
1201,12,2024-07-23,online,cancelled
1202,1,2024-09-18,physical,cancelled
1203,28,2024-08-16,online,delivered
1204,8,2024-12-04,online,delivered
1205,4,2024-08-15,physical,delivered
1206,7,2024-06-19,online,delivered
1207,28,2024-09-14,online,delivered
1208,2,2024-12-08,physical,delivered
1209,28,2024-07-08,online,delivered
1210,22,2024-12-19,online,delivered
1211,27,2024-06-16,physical,delivered
1212,28,2024-11-10,online,delivered
1213,28,2024-09-27,online,delivered
1214,28,2024-09-12,physical,delivered
1215,2,2024-11-19,online,delivered
1216,24,2024-09-07,online,delivered
1217,16,2024-09-02,physical,delivered
1218,16,2024-12-08,physical,delivered
1219,28,2024-07-28,online,delivered
1220,28,2024-10-12,online,delivered
1221,22,2024-11-26,physical,delivered
1222,12,2024-11-05,online,delivered
1223,12,2024-10-04,physical,delivered
1224,11,2024-11-17,online,delivered
1225,10,2024-10-21,online,delivered
1226,11,2024-10-16,physical,delivered
1227,2,2024-10-16,online,delivered
1228,1,2024-10-11,online,delivered
1229,24,2024-09-28,physical,delivered
1230,12,2024-12-22,online,delivered
1231,28,2024-09-15,online,delivered
1232,20,2024-12-22,online,delivered
1233,1,2024-09-27,physical,delivered
1234,2,2024-11-08,online,delivered
1235,4,2024-07-05,physical,delivered
1236,28,2024-11-15,physical,delivered
1237,4,2024-09-15,physical,delivered
1238,14,2024-08-11,physical,delivered
1239,28,2024-10-28,online,delivered
1240,29,2024-10-04,online,delivered
1241,7,2024-10-26,online,delivered
1242,1,2024-12-09,physical,delivered
1243,2,2024-11-02,physical,delivered
1244,1,2024-09-28,physical,delivered
1245,4,2024-05-17,physical,delivered
1246,17,2024-10-25,physical,delivered
1247,28,2024-09-27,physical,cancelled
1248,16,2024-09-21,physical,delivered
1249,20,2024-12-11,physical,cancelled
1250,4,2024-04-29,online,delivered
1251,24,2024-12-08,online,delivered
1252,20,2024-11-29,online,delivered
1253,28,2024-11-08,online,delivered
1254,28,2024-09-07,physical,delivered
1255,10,2024-09-15,physical,delivered
1256,2,2024-12-06,online,delivered
1257,4,2024-10-22,online,delivered
1258,12,2024-09-24,physical,delivered
1259,28,2024-12-22,online,delivered
1260,11,2024-11-21,online,delivered
1261,24,2024-05-19,online,delivered
1262,16,2024-12-20,online,delivered
1263,4,2024-06-01,online,delivered
1264,8,2024-08-16,online,delivered
1265,21,2024-10-16,online,delivered
1266,21,2024-06-28,online,delivered
1267,12,2024-07-21,online,delivered
1268,5,2024-07-29,physical,delivered
1269,23,2024-12-23,online,delivered
1270,2,2024-10-27,online,delivered
1271,28,2024-08-16,physical,delivered
1272,4,2024-10-03,online,delivered
1273,2,2024-10-16,online,delivered
1274,13,2024-09-05,online,delivered
1275,14,2024-12-21,online,delivered
1276,13,2024-10-16,physical,delivered
1277,12,2024-10-25,online,delivered
1278,30,2024-07-23,physical,delivered
1279,12,2024-07-24,physical,delivered
1280,12,2024-07-07,online,delivered
1281,12,2024-06-29,physical,delivered
1282,1,2024-11-04,physical,delivered
1283,19,2024-09-26,physical,delivered
1284,5,2024-11-13,physical,delivered
1285,21,2024-10-23,online,delivered
1286,1,2024-11-23,online,delivered
1287,29,2024-11-22,physical,delivered
1288,12,2024-07-02,online,delivered
1289,28,2024-07-26,online,delivered
1290,12,2024-10-05,online,delivered
1291,1,2024-09-19,physical,delivered
1292,26,2024-11-28,online,delivered
1293,21,2024-09-29,online,delivered
1294,24,2024-12-08,online,delivered
1295,12,2024-12-21,online,delivered
1296,21,2024-08-13,online,delivered
1297,28,2024-07-26,online,delivered
1298,20,2024-12-21,online,delivered
1299,10,2024-12-26,online,delivered
1300,21,2024-06-11,physical,delivered
1301,21,2024-05-22,online,delivered
1302,28,2024-09-24,online,delivered
1303,10,2024-12-09,online,delivered
1304,12,2024-06-25,online,delivered
1305,25,2024-05-24,online,delivered
1306,13,2024-10-05,physical,delivered
1307,23,2024-08-21,physical,delivered
1308,12,2024-09-30,online,delivered
1309,4,2024-05-28,online,delivered
1310,23,2024-08-23,online,delivered
1311,2,2024-11-14,online,delivered
1312,4,2024-12-26,online,delivered
1313,20,2024-11-19,physical,delivered
1314,23,2024-09-28,online,delivered
1315,28,2024-10-10,physical,delivered
1316,7,2024-05-20,online,delivered
1317,2,2024-10-21,online,delivered
1318,28,2024-08-19,online,delivered
1319,2,2024-11-02,online,delivered
1320,4,2024-11-27,physical,delivered
1321,7,2024-08-31,physical,delivered
1322,15,2024-06-14,physical,delivered
1323,28,2024-07-26,online,delivered
1324,23,2024-11-21,physical,delivered
1325,22,2024-11-20,physical,delivered
1326,3,2024-11-24,online,delivered
1327,10,2024-12-15,online,delivered
1328,12,2024-07-10,physical,delivered
1329,2,2024-12-01,online,delivered
1330,7,2024-10-05,online,delivered
1331,8,2024-06-02,online,delivered
1332,2,2024-12-10,physical,cancelled
1333,17,2024-12-13,physical,delivered
1334,22,2024-11-05,online,delivered
1335,1,2024-10-08,online,delivered
1336,12,2024-10-13,online,delivered
1337,24,2024-10-23,online,delivered
1338,23,2024-07-30,online,delivered
1339,26,2024-09-07,online,delivered
1340,12,2024-07-05,online,delivered
1341,26,2024-09-10,physical,delivered
1342,7,2024-10-06,online,delivered
1343,10,2024-12-23,online,delivered
1344,4,2024-07-06,online,delivered
1345,12,2024-08-24,online,delivered
1346,11,2024-12-13,physical,delivered
1347,7,2024-09-27,physical,delivered
1348,23,2024-11-24,online,delivered
1349,8,2024-04-09,physical,delivered
1350,7,2024-08-11,physical,delivered
1351,2,2024-12-13,online,delivered
1352,12,2024-09-24,physical,delivered
1353,8,2024-12-03,physical,delivered
1354,10,2024-10-31,physical,delivered
1355,7,2024-08-05,online,delivered
1356,24,2024-06-22,online,delivered
1357,28,2024-12-05,online,delivered
1358,13,2024-11-30,online,delivered
1359,21,2024-12-24,physical,delivered
1360,28,2024-09-18,physical,delivered
1361,30,2024-05-18,physical,delivered
1362,20,2024-12-12,physical,delivered
1363,28,2024-07-16,online,delivered
1364,28,2024-11-12,online,delivered
1365,24,2024-04-11,physical,delivered
1366,12,2024-08-04,physical,delivered
1367,1,2024-11-29,online,delivered
1368,1,2024-11-24,online,delivered
1369,12,2024-12-09,online,delivered
1370,13,2024-09-25,physical,delivered
1371,11,2024-11-02,online,delivered
1372,17,2024-11-20,physical,delivered
1373,17,2024-12-15,online,delivered
1374,28,2024-07-29,online,delivered
1375,2,2024-11-13,physical,delivered
1376,4,2024-12-29,online,delivered
1377,24,2024-07-21,online,delivered
1378,28,2024-11-21,physical,delivered
1379,30,2024-12-23,online,delivered
1380,28,2024-09-07,online,delivered
1381,28,2024-09-17,physical,delivered
1382,8,2024-05-18,online,delivered
1383,11,2024-12-04,online,delivered
1384,7,2024-08-17,online,delivered
1385,20,2024-12-22,online,delivered
1386,28,2024-07-22,physical,delivered
1387,10,2024-11-03,online,delivered
1388,17,2024-11-10,online,delivered
1389,8,2024-09-26,online,delivered
1390,2,2024-10-25,physical,delivered
1391,4,2024-07-07,online,delivered
1392,1,2024-12-01,physical,delivered
1393,28,2024-08-19,online,delivered
1394,11,2024-10-21,online,delivered
1395,28,2024-07-20,physical,cancelled
1396,21,2024-04-21,physical,delivered
1397,4,2024-07-16,online,delivered
1398,3,2024-08-27,online,delivered
1399,25,2024-11-30,online,delivered
1400,7,2024-07-11,online,delivered
1401,59,2025-09-07,physical,delivered
1402,8,2025-12-03,physical,delivered
1403,40,2025-06-15,online,delivered
1404,52,2025-12-30,online,delivered
1405,13,2025-05-08,online,delivered
1406,19,2025-12-29,physical,delivered
1407,61,2025-11-15,online,delivered
1408,17,2025-03-15,physical,delivered
1409,28,2025-10-24,online,delivered
1410,28,2025-03-03,online,delivered
1411,16,2025-07-13,physical,delivered
1412,49,2025-11-10,physical,delivered
1413,48,2025-12-14,online,delivered
1414,26,2025-07-13,online,delivered
1415,52,2025-12-27,online,delivered
1416,12,2025-07-13,online,delivered
1417,1,2025-01-10,physical,cancelled
1418,37,2025-12-25,online,delivered
1419,64,2025-09-17,physical,delivered
1420,1,2025-07-16,online,delivered
1421,12,2025-06-27,online,delivered
1422,33,2025-06-07,online,delivered
1423,52,2025-12-27,online,delivered
1424,4,2025-08-15,online,delivered
1425,28,2025-05-18,online,delivered
1426,46,2025-04-26,physical,cancelled
1427,25,2025-01-20,online,delivered
1428,11,2025-04-20,physical,delivered
1429,12,2025-07-12,physical,delivered
1430,28,2025-08-21,physical,delivered
1431,31,2025-11-05,online,delivered
1432,53,2025-11-27,online,delivered
1433,39,2025-09-30,online,delivered
1434,41,2025-12-12,online,delivered
1435,63,2025-03-26,physical,delivered
1436,28,2025-11-26,online,delivered
1437,28,2025-02-11,online,delivered
1438,59,2025-10-12,physical,delivered
1439,15,2025-02-22,physical,cancelled
1440,44,2025-05-23,online,delivered
1441,47,2025-10-11,online,delivered
1442,4,2025-05-23,online,delivered
1443,31,2025-12-17,online,delivered
1444,12,2025-06-06,physical,delivered
1445,11,2025-05-23,physical,delivered
1446,31,2025-03-13,online,delivered
1447,20,2025-06-05,online,delivered
1448,51,2025-12-26,physical,delivered
1449,59,2025-11-08,online,delivered
1450,51,2025-12-29,online,delivered
1451,18,2025-03-17,online,cancelled
1452,19,2025-05-21,online,delivered
1453,17,2025-08-03,online,delivered
1454,7,2025-04-23,physical,delivered
1455,60,2025-12-24,physical,delivered
1456,28,2025-05-31,physical,delivered
1457,12,2025-07-15,online,cancelled
1458,53,2025-11-19,online,delivered
1459,28,2025-10-24,online,delivered
1460,1,2025-08-02,online,delivered
1461,10,2025-04-19,physical,delivered
1462,39,2025-07-28,physical,delivered
1463,50,2025-10-16,online,delivered
1464,12,2025-02-07,physical,delivered
1465,59,2025-10-05,online,cancelled
1466,53,2025-10-20,online,delivered
1467,53,2025-10-07,online,delivered
1468,13,2025-08-05,physical,delivered
1469,2,2025-05-22,physical,delivered
1470,53,2025-07-24,physical,delivered
1471,21,2025-03-19,online,delivered
1472,39,2025-12-26,online,delivered
1473,47,2025-06-06,online,cancelled
1474,7,2025-07-14,online,delivered
1475,50,2025-09-29,online,delivered
1476,59,2025-07-29,online,delivered
1477,44,2025-02-25,physical,delivered
1478,28,2025-02-23,online,delivered
1479,54,2025-09-05,physical,delivered
1480,33,2025-09-05,online,delivered
1481,46,2025-10-26,online,delivered
1482,52,2025-12-28,physical,delivered
1483,47,2025-02-28,online,delivered
1484,20,2025-08-24,online,delivered
1485,7,2025-12-13,online,delivered
1486,14,2025-07-20,online,delivered
1487,32,2025-04-03,online,delivered
1488,32,2025-06-15,online,delivered
1489,37,2025-12-27,online,delivered
1490,28,2025-03-05,online,delivered
1491,51,2025-12-28,online,delivered
1492,59,2025-11-17,online,delivered
1493,15,2025-10-15,online,delivered
1494,44,2025-06-06,online,delivered
1495,40,2025-11-30,physical,delivered
1496,33,2025-07-14,physical,delivered
1497,11,2025-07-17,online,delivered
1498,51,2025-12-29,online,delivered
1499,61,2025-12-28,online,delivered
1500,44,2025-08-19,online,delivered
1501,59,2025-12-05,online,delivered
1502,64,2025-10-20,online,delivered
1503,23,2025-04-27,online,delivered
1504,39,2025-12-13,physical,delivered
1505,31,2025-03-02,online,delivered
1506,64,2025-09-12,online,delivered
1507,4,2025-05-09,online,delivered
1508,28,2025-09-19,physical,delivered
1509,54,2025-06-10,online,delivered
1510,20,2025-06-11,physical,delivered
1511,51,2025-12-29,physical,delivered
1512,27,2025-04-30,online,delivered
1513,62,2025-06-07,online,delivered
1514,54,2025-12-16,online,delivered
1515,21,2025-07-04,physical,delivered
1516,48,2025-09-27,online,delivered
1517,23,2025-09-12,online,delivered
1518,39,2025-09-08,online,cancelled
1519,40,2025-05-03,physical,delivered
1520,52,2025-12-29,online,delivered
1521,1,2025-07-06,physical,delivered
1522,12,2025-03-08,online,delivered
1523,44,2025-09-01,online,delivered
1524,36,2025-12-13,online,delivered
1525,32,2025-11-15,online,delivered
1526,2,2025-08-29,physical,delivered
1527,23,2025-10-28,online,delivered
1528,53,2025-10-23,physical,delivered
1529,1,2025-02-27,physical,delivered
1530,28,2025-11-16,online,delivered
1531,60,2025-12-26,online,delivered
1532,2,2025-01-13,physical,delivered
1533,47,2025-08-12,online,delivered
1534,17,2025-09-30,online,cancelled
1535,53,2025-07-10,online,delivered
1536,46,2025-06-21,online,delivered
1537,54,2025-05-06,physical,delivered
1538,12,2025-06-21,online,delivered
1539,33,2025-07-05,online,delivered
1540,50,2025-12-12,online,delivered
1541,15,2025-02-28,online,delivered
1542,13,2025-06-10,online,delivered
1543,1,2025-09-26,online,delivered
1544,60,2025-12-26,online,delivered
1545,44,2025-07-19,physical,delivered
1546,39,2025-12-23,online,delivered
1547,45,2025-12-09,online,delivered
1548,33,2025-09-05,online,delivered
1549,31,2025-12-06,physical,delivered
1550,28,2025-10-10,online,delivered
1551,39,2025-07-06,online,delivered
1552,12,2025-10-02,online,delivered
1553,55,2025-06-11,online,delivered
1554,52,2025-12-29,online,delivered
1555,23,2025-03-22,online,delivered
1556,37,2025-12-30,online,delivered
1557,8,2025-05-07,online,cancelled
1558,61,2025-12-17,physical,delivered
1559,58,2025-10-28,online,delivered
1560,59,2025-10-02,physical,delivered
1561,22,2025-05-02,physical,delivered
1562,10,2025-03-09,online,delivered
1563,12,2025-06-28,online,delivered
1564,4,2025-12-21,online,delivered
1565,7,2025-07-27,online,delivered
1566,2,2025-05-13,physical,cancelled
1567,64,2025-10-17,online,delivered
1568,2,2025-05-18,physical,delivered
1569,7,2025-09-20,online,delivered
1570,52,2025-12-30,online,delivered
1571,37,2025-12-27,online,delivered
1572,49,2025-11-29,physical,delivered
1573,39,2025-12-17,online,delivered
1574,54,2025-07-12,physical,delivered
1575,39,2025-09-15,online,delivered
1576,33,2025-06-22,physical,delivered
1577,44,2025-09-14,physical,delivered
1578,28,2025-04-26,online,delivered
1579,23,2025-03-29,online,delivered
1580,31,2025-06-19,online,delivered
1581,10,2025-10-27,online,delivered
1582,51,2025-12-27,online,delivered
1583,17,2025-10-01,online,delivered
1584,8,2025-03-22,online,delivered
1585,15,2025-09-26,online,cancelled
1586,53,2025-12-04,online,delivered
1587,22,2025-05-04,online,delivered
1588,41,2025-12-01,online,delivered
1589,53,2025-10-11,online,delivered
1590,2,2025-08-06,online,delivered
1591,47,2025-12-30,online,delivered
1592,21,2025-12-29,physical,delivered
1593,12,2025-11-05,online,cancelled
1594,41,2025-10-22,online,delivered
1595,59,2025-09-14,physical,delivered
1596,21,2025-02-17,online,delivered
1597,36,2025-12-02,online,delivered
1598,20,2025-09-20,online,delivered
1599,34,2025-07-30,online,delivered
1600,39,2025-11-06,online,delivered
1601,39,2025-11-12,online,delivered
1602,39,2025-10-24,physical,delivered
1603,7,2025-10-28,physical,delivered
1604,41,2025-09-27,online,delivered
1605,40,2025-08-04,online,delivered
1606,40,2025-04-30,physical,delivered
1607,2,2025-04-22,online,delivered
1608,28,2025-10-05,online,delivered
1609,28,2025-01-31,online,delivered
1610,4,2025-05-15,online,delivered
1611,12,2025-12-25,online,delivered
1612,28,2025-06-21,online,delivered
1613,45,2025-12-26,online,delivered
1614,14,2025-04-10,online,delivered
1615,52,2025-12-30,online,delivered
1616,34,2025-07-06,online,delivered
1617,47,2025-03-26,physical,delivered
1618,31,2025-05-13,online,delivered
1619,32,2025-12-26,online,delivered
1620,39,2025-09-25,online,delivered
1621,59,2025-11-07,physical,delivered
1622,32,2025-11-05,online,delivered
1623,33,2025-06-19,physical,delivered
1624,37,2025-12-25,online,delivered
1625,44,2025-03-24,online,delivered
1626,2,2025-08-28,online,delivered
1627,33,2025-12-18,online,delivered
1628,32,2025-09-23,physical,delivered
1629,59,2025-09-05,physical,delivered
1630,32,2025-05-13,online,delivered
1631,31,2025-03-15,physical,delivered
1632,61,2025-12-28,online,delivered
1633,28,2025-03-29,physical,delivered
1634,11,2025-09-05,online,delivered
1635,12,2025-04-01,physical,delivered
1636,4,2025-01-21,online,delivered
1637,1,2025-02-08,online,delivered
1638,28,2025-06-10,online,delivered
1639,47,2025-05-10,online,delivered
1640,44,2025-11-15,online,delivered
1641,1,2025-07-03,online,delivered
1642,36,2025-09-01,physical,delivered
1643,8,2025-09-22,online,delivered
1644,60,2025-12-25,online,delivered
1645,10,2025-01-03,online,delivered
1646,39,2025-08-12,physical,delivered
1647,22,2025-06-08,physical,delivered
1648,39,2025-12-13,online,delivered
1649,28,2025-07-05,online,delivered
1650,47,2025-09-11,online,delivered
1651,13,2025-03-19,physical,delivered
1652,59,2025-12-14,online,delivered
1653,32,2025-05-30,online,delivered
1654,47,2025-05-06,online,delivered
1655,53,2025-09-16,online,delivered
1656,64,2025-11-05,online,delivered
1657,12,2025-01-23,online,delivered
1658,20,2025-12-19,online,delivered
1659,16,2025-10-26,physical,delivered
1660,17,2025-02-04,online,delivered
1661,37,2025-12-30,online,delivered
1662,64,2025-08-17,online,delivered
1663,64,2025-10-14,online,delivered
1664,33,2025-12-17,physical,delivered
1665,39,2025-06-26,online,delivered
1666,53,2025-08-04,online,delivered
1667,59,2025-10-10,online,delivered
1668,12,2025-12-09,online,delivered
1669,33,2025-05-13,physical,delivered
1670,52,2025-12-26,online,delivered
1671,21,2025-11-21,online,delivered
1672,28,2025-06-04,physical,delivered
1673,64,2025-12-03,online,delivered
1674,64,2025-10-07,online,delivered
1675,59,2025-08-26,online,delivered
1676,51,2025-12-30,physical,delivered
1677,18,2025-12-05,online,delivered
1678,22,2025-12-26,online,delivered
1679,34,2025-04-23,online,delivered
1680,36,2025-08-20,online,delivered
1681,32,2025-02-11,physical,delivered
1682,39,2025-10-05,online,delivered
1683,28,2025-08-09,physical,delivered
1684,47,2025-08-24,physical,delivered
1685,22,2025-02-11,physical,delivered
1686,22,2025-12-27,physical,delivered
1687,7,2025-05-11,online,delivered
1688,11,2025-04-21,online,delivered
1689,53,2025-11-21,online,delivered
1690,28,2025-09-07,online,delivered
1691,13,2025-07-30,physical,delivered
1692,47,2025-07-24,online,delivered
1693,34,2025-07-11,online,delivered
1694,1,2025-12-12,physical,delivered
1695,22,2025-02-22,online,delivered
1696,11,2025-11-27,online,delivered
1697,40,2025-10-26,online,delivered
1698,19,2025-07-01,online,delivered
1699,2,2025-04-16,online,delivered
1700,2,2025-03-16,physical,delivered
1701,37,2025-12-25,online,delivered
1702,1,2025-05-09,physical,delivered
1703,53,2025-07-31,physical,delivered
1704,8,2025-10-11,online,delivered
1705,39,2025-12-07,online,delivered
1706,28,2025-09-09,online,delivered
1707,28,2025-04-10,online,delivered
1708,2,2025-10-07,physical,delivered
1709,51,2025-12-27,online,delivered
1710,57,2025-04-19,online,delivered
1711,1,2025-10-14,online,delivered
1712,11,2025-05-11,online,delivered
1713,58,2025-12-18,online,delivered
1714,34,2025-04-25,online,delivered
1715,8,2025-08-09,physical,delivered
1716,12,2025-09-19,online,delivered
1717,40,2025-06-28,online,delivered
1718,44,2025-04-19,online,delivered
1719,37,2025-12-28,online,delivered
1720,60,2025-12-29,online,delivered
1721,32,2025-08-27,online,delivered
1722,21,2025-05-08,online,delivered
1723,31,2025-03-29,online,delivered
1724,24,2025-06-05,online,delivered
1725,12,2025-09-17,online,delivered
1726,2,2025-02-07,online,delivered
1727,23,2025-03-13,online,delivered
1728,44,2025-04-05,physical,delivered
1729,1,2025-07-05,physical,delivered
1730,28,2025-05-06,online,delivered
1731,39,2025-09-16,online,delivered
1732,39,2025-06-14,online,delivered
1733,49,2025-09-22,online,delivered
1734,52,2025-12-28,online,delivered
1735,44,2025-05-12,online,delivered
1736,4,2025-06-23,online,delivered
1737,31,2025-12-13,online,delivered
1738,37,2025-12-27,online,delivered
1739,15,2025-05-09,online,delivered
1740,2,2025-04-28,online,delivered
1741,12,2025-08-15,online,cancelled
1742,29,2025-10-08,physical,delivered
1743,28,2025-08-11,online,delivered
1744,11,2025-01-05,online,delivered
1745,52,2025-12-27,physical,delivered
1746,59,2025-11-24,physical,delivered
1747,12,2025-05-20,physical,delivered
1748,59,2025-12-02,physical,delivered
1749,1,2025-04-02,online,delivered
1750,59,2025-08-02,online,delivered
1751,60,2025-12-25,online,delivered
1752,1,2025-06-30,online,delivered
1753,47,2025-05-01,online,delivered
1754,61,2025-10-17,online,delivered
1755,59,2025-10-07,online,delivered
1756,61,2025-12-22,physical,delivered
1757,34,2025-12-25,online,delivered
1758,2,2025-12-14,online,cancelled
1759,53,2025-09-26,online,delivered
1760,39,2025-07-27,online,delivered
1761,39,2025-10-04,physical,delivered
1762,28,2025-05-23,online,delivered
1763,37,2025-12-26,physical,delivered
1764,8,2025-03-27,physical,delivered
1765,45,2025-06-06,online,delivered
1766,2,2025-07-05,online,delivered
1767,44,2025-04-10,online,delivered
1768,53,2025-11-21,online,delivered
1769,31,2025-12-11,online,delivered
1770,33,2025-10-27,physical,delivered
1771,21,2025-05-26,online,delivered
1772,61,2025-12-05,online,delivered
1773,44,2025-11-09,online,cancelled
1774,24,2025-08-02,online,delivered
1775,11,2025-12-21,online,delivered
1776,12,2025-07-02,online,delivered
1777,31,2025-12-15,online,delivered
1778,60,2025-12-30,online,delivered
1779,44,2025-12-18,physical,delivered
1780,12,2025-09-15,online,delivered
1781,53,2025-08-21,physical,delivered
1782,26,2025-10-23,online,delivered
1783,53,2025-09-02,online,delivered
1784,14,2025-09-22,online,delivered
1785,39,2025-07-13,physical,delivered
1786,59,2025-10-31,physical,delivered
1787,17,2025-06-23,online,delivered
1788,41,2025-12-10,online,delivered
1789,64,2025-11-16,online,delivered
1790,8,2025-05-21,online,delivered
1791,4,2025-01-31,online,delivered
1792,40,2025-11-19,physical,delivered
1793,23,2025-02-13,physical,delivered
1794,2,2025-01-24,online,delivered
1795,31,2025-09-24,physical,delivered
1796,47,2025-12-18,online,delivered
1797,20,2025-07-16,physical,delivered
1798,23,2025-03-20,online,delivered
1799,53,2025-12-23,online,delivered
1800,33,2025-05-03,online,delivered
1801,53,2025-07-31,online,delivered
1802,28,2025-05-08,online,delivered
1803,60,2025-12-30,physical,delivered
1804,40,2025-10-02,online,delivered
1805,7,2025-02-15,online,delivered
1806,54,2025-07-17,online,delivered
1807,32,2025-11-13,online,delivered
1808,8,2025-08-15,online,delivered
1809,8,2025-07-09,online,delivered
1810,41,2025-09-16,physical,delivered
1811,2,2025-12-16,online,delivered
1812,20,2025-07-18,online,delivered
1813,8,2025-06-23,online,delivered
1814,28,2025-11-11,online,delivered
1815,28,2025-01-22,physical,delivered
1816,33,2025-08-29,online,cancelled
1817,20,2025-02-21,physical,delivered
1818,1,2025-07-19,physical,delivered
1819,39,2025-11-20,physical,delivered
1820,25,2025-06-27,online,delivered
1821,40,2025-11-19,physical,delivered
1822,7,2025-01-23,online,delivered
1823,1,2025-08-06,online,delivered
1824,16,2025-06-29,physical,delivered
1825,29,2025-09-19,online,cancelled
1826,28,2025-11-10,online,delivered
1827,52,2025-12-27,physical,delivered
1828,26,2025-10-08,physical,delivered
1829,33,2025-03-14,physical,delivered
1830,37,2025-12-28,online,delivered
1831,1,2025-04-09,online,delivered
1832,33,2025-03-07,online,delivered
1833,23,2025-10-17,online,delivered
1834,28,2025-03-26,physical,delivered
1835,4,2025-08-13,online,delivered
1836,50,2025-10-06,physical,delivered
1837,60,2025-12-24,online,delivered
1838,1,2025-06-14,online,cancelled
1839,37,2025-12-28,online,delivered
1840,47,2025-10-01,online,delivered
1841,20,2025-01-25,physical,delivered
1842,51,2025-12-29,online,delivered
1843,39,2025-07-05,physical,delivered
1844,59,2025-08-03,physical,delivered
1845,62,2025-11-27,online,delivered
1846,2,2025-01-13,online,delivered
1847,28,2025-04-22,physical,delivered
1848,34,2025-06-08,online,delivered
1849,8,2025-03-11,physical,delivered
1850,23,2025-10-26,online,delivered
1851,64,2025-07-29,online,delivered
1852,1,2025-10-25,physical,delivered
1853,29,2025-09-07,physical,delivered
1854,53,2025-11-08,physical,delivered
1855,22,2025-05-26,physical,delivered
1856,31,2025-07-22,physical,delivered
1857,61,2025-12-12,online,delivered
1858,31,2025-07-20,physical,delivered
1859,7,2025-05-26,online,delivered
1860,2,2025-02-01,online,delivered
1861,60,2025-12-30,online,delivered
1862,18,2025-02-21,physical,delivered
1863,32,2025-10-19,online,cancelled
1864,4,2025-12-01,online,delivered
1865,28,2025-05-16,physical,cancelled
1866,59,2025-08-13,physical,delivered
1867,32,2025-04-18,online,delivered
1868,61,2025-12-29,physical,delivered
1869,17,2025-06-02,online,delivered
1870,32,2025-09-01,physical,delivered
1871,53,2025-07-17,online,delivered
1872,28,2025-10-10,online,cancelled
1873,20,2025-03-28,online,delivered
1874,53,2025-05-30,physical,delivered
1875,28,2025-10-21,online,delivered
1876,33,2025-03-14,online,delivered
1877,61,2025-11-12,online,delivered
1878,11,2025-06-29,physical,delivered
1879,21,2025-09-19,online,delivered
1880,1,2025-10-07,online,delivered
1881,28,2025-07-31,online,delivered
1882,12,2025-06-14,online,delivered
1883,40,2025-11-06,online,delivered
1884,11,2025-05-28,online,delivered
1885,40,2025-07-12,online,delivered
1886,17,2025-04-07,online,delivered
1887,24,2025-06-28,online,delivered
1888,23,2025-05-15,online,delivered
1889,44,2025-04-11,physical,delivered
1890,31,2025-06-11,online,delivered
1891,24,2025-03-15,online,delivered
1892,53,2025-07-11,online,delivered
1893,37,2025-12-24,physical,delivered
1894,12,2025-11-11,online,cancelled
1895,58,2025-11-23,online,delivered
1896,23,2025-06-12,online,delivered
1897,1,2025-08-27,online,delivered
1898,32,2025-12-02,online,delivered
1899,7,2025-12-30,online,delivered
1900,14,2025-12-10,online,delivered
1901,46,2025-04-14,online,delivered
1902,7,2025-04-04,online,delivered
1903,52,2025-12-27,online,delivered
1904,59,2025-08-03,online,delivered
1905,39,2025-07-21,online,delivered
1906,44,2025-09-28,physical,delivered
1907,44,2025-02-23,online,delivered
1908,64,2025-09-27,online,delivered
1909,23,2025-08-21,online,delivered
1910,10,2025-09-18,physical,delivered
1911,33,2025-12-04,online,delivered
1912,33,2025-03-24,physical,delivered
1913,11,2025-04-06,physical,delivered
1914,39,2025-06-29,online,cancelled
1915,1,2025-06-06,online,delivered
1916,59,2025-10-14,physical,delivered
1917,17,2025-04-02,physical,delivered
1918,1,2025-07-29,physical,delivered
1919,7,2025-03-26,online,cancelled
1920,14,2025-10-20,online,delivered
1921,19,2025-12-02,physical,delivered
1922,1,2025-10-29,physical,delivered
1923,20,2025-01-22,physical,delivered
1924,11,2025-02-24,online,delivered
1925,26,2025-07-15,online,delivered
1926,27,2025-04-23,online,delivered
1927,23,2025-04-01,online,delivered
1928,22,2025-11-13,physical,delivered
1929,4,2025-12-22,physical,delivered
1930,1,2025-10-12,online,delivered
1931,12,2025-08-12,online,delivered
1932,47,2025-05-05,online,delivered
1933,64,2025-10-23,online,delivered
1934,59,2025-11-14,online,delivered
1935,32,2025-12-05,physical,delivered
1936,33,2025-11-22,online,delivered
1937,21,2025-11-14,online,delivered
1938,49,2025-10-04,online,delivered
1939,47,2025-04-04,physical,delivered
1940,53,2025-09-23,online,cancelled
1941,57,2025-06-08,online,delivered
1942,28,2025-09-14,physical,delivered
1943,47,2025-07-23,physical,delivered
1944,52,2025-12-27,online,delivered
1945,21,2025-06-10,online,delivered
1946,59,2025-09-17,online,cancelled
1947,4,2025-04-17,physical,delivered
1948,64,2025-07-14,online,delivered
1949,48,2025-08-23,online,delivered
1950,4,2025-09-01,online,delivered
1951,40,2025-09-26,online,delivered
1952,1,2025-08-04,physical,delivered
1953,48,2025-12-25,online,delivered
1954,51,2025-12-26,online,delivered
1955,37,2025-12-28,physical,delivered
1956,53,2025-10-24,online,delivered
1957,4,2025-11-02,online,delivered
1958,19,2025-07-23,online,delivered
1959,28,2025-05-04,online,delivered
1960,2,2025-09-28,online,delivered
1961,28,2025-06-11,physical,delivered
1962,18,2025-06-08,online,delivered
1963,28,2025-02-27,physical,delivered
1964,28,2025-04-27,physical,delivered
1965,54,2025-09-22,online,delivered
1966,18,2025-03-13,online,delivered
1967,57,2025-11-08,online,delivered
1968,28,2025-07-03,online,delivered
1969,22,2025-04-04,physical,delivered
1970,32,2025-05-06,online,delivered
1971,28,2025-04-27,online,delivered
1972,17,2025-11-30,online,delivered
1973,32,2025-11-09,physical,delivered
1974,8,2025-02-26,online,delivered
1975,23,2025-11-09,online,delivered
1976,36,2025-11-10,online,delivered
1977,28,2025-12-22,online,cancelled
1978,52,2025-12-26,physical,delivered
1979,17,2025-08-07,online,delivered
1980,61,2025-12-05,physical,delivered
1981,50,2025-12-11,physical,delivered
1982,61,2025-12-27,online,cancelled
1983,53,2025-07-20,online,delivered
1984,8,2025-05-31,physical,delivered
1985,33,2025-06-08,physical,delivered
1986,10,2025-04-10,physical,delivered
1987,52,2025-12-27,online,delivered
1988,37,2025-12-28,online,delivered
1989,17,2025-09-09,online,delivered
1990,59,2025-08-05,online,delivered
1991,7,2025-12-25,online,delivered
1992,36,2025-11-08,online,delivered
1993,44,2025-07-04,physical,delivered
1994,2,2025-02-05,physical,delivered
1995,37,2025-12-30,physical,delivered
1996,52,2025-12-30,physical,delivered
1997,2,2025-11-19,online,cancelled
1998,33,2025-05-18,online,delivered
1999,17,2025-01-21,online,delivered
2000,40,2025-07-27,online,delivered
2001,7,2025-05-27,online,delivered
2002,59,2025-11-28,online,delivered
2003,57,2025-12-04,physical,delivered
2004,11,2025-08-23,online,delivered
2005,22,2025-01-16,online,delivered
2006,37,2025-12-24,online,delivered
2007,44,2025-04-24,online,delivered
2008,28,2025-11-09,physical,delivered
2009,8,2025-10-23,online,delivered
2010,4,2025-08-17,online,delivered
2011,65,2025-12-20,online,delivered
2012,29,2025-03-26,physical,delivered
2013,54,2025-11-01,physical,delivered
2014,32,2025-04-30,online,delivered
2015,59,2025-09-23,online,delivered
2016,4,2025-04-28,online,delivered
2017,7,2025-12-20,physical,delivered
2018,59,2025-07-23,online,delivered
2019,60,2025-12-26,online,delivered
2020,21,2025-12-30,online,delivered
2021,24,2025-03-15,online,delivered
2022,29,2025-10-15,physical,delivered
2023,28,2025-02-15,online,delivered
2024,11,2025-10-18,online,delivered
2025,58,2025-12-11,physical,delivered
2026,16,2025-07-05,online,delivered
2027,42,2025-12-29,online,delivered
2028,2,2025-09-28,online,delivered
2029,1,2025-08-23,online,delivered
2030,40,2025-07-02,online,delivered
2031,23,2025-06-04,online,delivered
2032,40,2025-07-15,online,delivered
2033,4,2025-08-03,online,delivered
2034,60,2025-12-27,physical,delivered
2035,47,2025-10-30,online,delivered
2036,54,2025-08-16,physical,delivered
2037,7,2025-05-28,online,delivered
2038,22,2025-07-01,online,delivered
2039,24,2025-07-27,physical,delivered
2040,33,2025-11-12,online,delivered
2041,21,2025-05-20,online,delivered
2042,2,2025-04-30,physical,delivered
2043,24,2025-04-12,online,delivered
2044,17,2025-05-20,online,delivered
2045,28,2025-07-19,physical,delivered
2046,12,2025-12-09,online,delivered
2047,17,2025-07-13,online,delivered
2048,39,2025-12-09,online,delivered
2049,28,2025-02-08,online,delivered
2050,23,2025-11-08,physical,delivered
2051,33,2025-12-11,online,delivered
2052,48,2025-12-15,online,delivered
2053,26,2025-10-23,online,delivered
2054,37,2025-12-27,physical,delivered
2055,61,2025-10-25,online,delivered
2056,33,2025-07-27,physical,delivered
2057,59,2025-09-19,physical,cancelled
2058,51,2025-12-28,online,delivered
2059,2,2025-01-18,online,delivered
2060,28,2025-08-07,online,delivered
2061,41,2025-10-11,online,delivered
2062,64,2025-11-23,online,delivered
2063,30,2025-02-26,online,delivered
2064,4,2025-01-07,online,delivered
2065,36,2025-10-02,online,delivered
2066,7,2025-08-03,online,delivered
2067,47,2025-08-16,online,delivered
2068,33,2025-10-16,physical,delivered
2069,44,2025-11-16,online,delivered
2070,54,2025-10-08,online,delivered
2071,39,2025-10-04,online,delivered
2072,39,2025-08-10,physical,delivered
2073,47,2025-03-19,online,delivered
2074,53,2025-10-04,online,delivered
2075,54,2025-07-27,online,delivered
2076,1,2025-05-28,online,delivered
2077,34,2025-08-10,online,delivered
2078,12,2025-11-20,online,delivered
2079,53,2025-09-01,online,delivered
2080,40,2025-10-24,physical,delivered
2081,28,2025-08-02,physical,delivered
2082,11,2025-09-12,online,delivered
2083,23,2025-09-23,online,delivered
2084,41,2025-11-03,online,delivered
2085,12,2025-04-10,online,delivered
2086,4,2025-10-24,physical,delivered
2087,55,2025-10-25,online,delivered
2088,47,2025-10-10,online,delivered
2089,12,2025-09-07,physical,delivered
2090,20,2025-10-15,physical,delivered
2091,61,2025-12-20,online,delivered
2092,43,2025-11-14,online,cancelled
2093,39,2025-08-16,online,delivered
2094,21,2025-10-12,physical,delivered
2095,21,2025-11-05,online,delivered
2096,1,2025-05-17,physical,delivered
2097,44,2025-04-16,physical,delivered
2098,2,2025-02-24,online,delivered
2099,1,2025-10-07,physical,delivered
2100,44,2025-09-10,physical,delivered
2101,60,2025-12-29,online,delivered
2102,47,2025-03-14,online,delivered
2103,31,2025-09-22,online,delivered
2104,32,2025-10-15,physical,delivered
2105,28,2025-01-23,physical,delivered
2106,22,2025-07-23,online,delivered
2107,33,2025-03-19,online,delivered
2108,28,2025-11-22,online,delivered
2109,37,2025-12-24,online,delivered
2110,58,2025-12-23,physical,delivered
2111,64,2025-11-09,online,delivered
2112,2,2025-01-19,online,delivered
2113,27,2025-10-24,physical,delivered
2114,11,2025-01-03,online,delivered
2115,23,2025-06-10,physical,delivered
2116,20,2025-02-23,online,delivered
2117,11,2025-11-24,online,delivered
2118,47,2025-09-03,online,delivered
2119,32,2025-05-08,online,delivered
2120,59,2025-08-03,online,delivered
2121,1,2025-10-02,online,delivered
2122,2,2025-02-28,online,delivered
2123,28,2025-01-04,physical,delivered
2124,3,2025-03-26,physical,delivered
2125,17,2025-07-16,online,delivered
2126,64,2025-09-29,online,delivered
2127,12,2025-05-25,online,delivered
2128,12,2025-01-24,online,delivered
2129,37,2025-12-29,physical,delivered
2130,32,2025-10-22,online,delivered
2131,37,2025-12-29,online,delivered
2132,25,2025-01-07,online,delivered
2133,52,2025-12-26,online,delivered
2134,8,2025-07-26,online,delivered
2135,28,2025-08-03,physical,delivered
2136,41,2025-11-17,online,delivered
2137,54,2025-05-03,online,delivered
2138,24,2025-01-07,online,delivered
2139,36,2025-11-23,online,delivered
2140,2,2025-10-08,online,delivered
2141,10,2025-04-17,physical,delivered
2142,2,2025-07-28,online,cancelled
2143,44,2025-06-01,physical,delivered
2144,20,2025-01-07,online,delivered
2145,44,2025-08-24,physical,delivered
2146,2,2025-11-12,physical,delivered
2147,53,2025-11-12,online,delivered
2148,52,2025-12-30,online,delivered
2149,4,2025-12-20,online,delivered
2150,1,2025-03-11,online,delivered
2151,2,2025-02-11,online,delivered
2152,53,2025-07-05,online,delivered
2153,13,2025-07-23,online,cancelled
2154,34,2025-02-27,online,delivered
2155,28,2025-04-04,online,delivered
2156,51,2025-12-27,online,delivered
2157,32,2025-10-06,online,delivered
2158,32,2025-08-31,online,delivered
2159,64,2025-08-21,online,delivered
2160,8,2025-11-13,online,delivered
2161,52,2025-12-28,online,delivered
2162,2,2025-04-14,online,delivered
2163,31,2025-12-29,online,delivered
2164,55,2025-09-20,physical,delivered
2165,40,2025-05-14,online,delivered
2166,41,2025-11-10,online,delivered
2167,17,2025-06-07,online,delivered
2168,28,2025-06-28,physical,delivered
2169,24,2025-08-08,online,delivered
2170,33,2025-06-08,online,delivered
2171,30,2025-09-28,online,delivered
2172,22,2025-03-29,online,delivered
2173,21,2025-04-27,online,delivered
2174,16,2025-09-23,online,delivered
2175,24,2025-11-18,physical,delivered
2176,8,2025-11-26,physical,delivered
2177,54,2025-05-30,online,delivered
2178,37,2025-12-24,online,delivered
2179,7,2025-02-06,physical,delivered
2180,41,2025-11-16,online,delivered
2181,53,2025-10-23,physical,delivered
2182,14,2025-05-27,online,delivered
2183,8,2025-08-03,online,delivered
2184,1,2025-07-04,online,delivered
2185,2,2025-01-22,online,delivered
2186,47,2025-09-06,online,delivered
2187,64,2025-07-04,physical,delivered
2188,2,2025-09-30,physical,delivered
2189,47,2025-03-09,online,delivered
2190,2,2025-02-02,online,delivered
2191,37,2025-12-30,physical,delivered
2192,47,2025-11-26,online,delivered
2193,24,2025-06-18,online,delivered
2194,1,2025-09-08,physical,delivered
2195,37,2025-12-28,online,delivered
2196,64,2025-10-20,online,delivered
2197,17,2025-11-30,physical,delivered
2198,11,2025-02-07,online,delivered
2199,7,2025-12-14,online,delivered
2200,34,2025-07-25,online,delivered
2201,37,2025-12-24,physical,delivered
2202,51,2025-12-27,online,delivered
2203,47,2025-03-25,online,delivered
2204,57,2025-11-20,online,delivered
2205,52,2025-12-28,online,delivered
2206,16,2025-04-16,physical,delivered
2207,34,2025-01-19,physical,delivered
2208,21,2025-12-25,online,delivered
2209,22,2025-01-29,physical,delivered
2210,59,2025-11-30,online,delivered
2211,40,2025-07-31,physical,delivered
2212,61,2025-12-30,online,delivered
2213,28,2025-08-07,physical,delivered
2214,33,2025-11-16,online,delivered
2215,32,2025-02-20,online,delivered
2216,6,2025-03-11,online,delivered
2217,14,2025-12-27,online,delivered
2218,33,2025-07-06,online,delivered
2219,2,2025-01-07,online,delivered
2220,59,2025-08-30,physical,delivered
2221,7,2025-08-16,physical,delivered
2222,12,2025-02-25,online,delivered
2223,47,2025-10-21,online,delivered
2224,4,2025-11-15,physical,delivered
2225,58,2025-12-03,online,delivered
2226,44,2025-12-25,physical,delivered
2227,2,2025-06-04,online,delivered
2228,41,2025-09-13,physical,delivered
2229,39,2025-10-06,online,delivered
2230,47,2025-03-06,online,delivered
2231,52,2025-12-29,online,delivered
2232,44,2025-05-14,online,delivered
2233,37,2025-12-30,online,delivered
2234,22,2025-11-21,physical,delivered
2235,41,2025-11-13,online,delivered
2236,60,2025-12-30,online,delivered
2237,37,2025-12-28,physical,delivered
2238,40,2025-09-10,online,delivered
2239,28,2025-10-21,online,delivered
2240,47,2025-10-16,physical,delivered
2241,64,2025-07-30,physical,delivered
2242,10,2025-11-03,physical,delivered
2243,12,2025-09-25,physical,delivered
2244,33,2025-12-12,online,delivered
2245,32,2025-03-10,online,delivered
2246,37,2025-12-30,online,delivered
2247,2,2025-10-17,online,delivered
2248,28,2025-05-15,online,delivered
2249,37,2025-12-24,physical,delivered
2250,37,2025-12-25,online,delivered
2251,40,2025-09-30,online,delivered
2252,44,2025-05-11,physical,delivered
2253,39,2025-07-11,physical,delivered
2254,51,2025-12-28,online,delivered
2255,39,2025-11-13,online,delivered
2256,33,2025-07-10,online,delivered
2257,39,2025-06-23,online,delivered
2258,4,2025-09-04,online,delivered
2259,19,2025-04-17,online,cancelled
2260,33,2025-08-27,online,delivered
2261,54,2025-11-05,online,delivered
2262,40,2025-07-11,online,delivered
2263,4,2025-05-19,online,delivered
2264,37,2025-12-30,online,delivered
2265,12,2025-05-26,physical,delivered
2266,44,2025-07-27,online,delivered
2267,52,2025-12-27,online,delivered
2268,37,2025-12-28,online,delivered
2269,37,2025-12-25,physical,delivered
2270,23,2025-10-27,online,delivered
2271,28,2025-08-29,online,delivered
2272,53,2025-09-20,online,delivered
2273,44,2025-12-16,online,delivered
2274,33,2025-06-09,online,delivered
2275,24,2025-10-04,online,delivered
2276,2,2025-01-29,physical,delivered
2277,8,2025-02-01,physical,delivered
2278,11,2025-04-15,online,delivered
2279,25,2025-03-01,online,delivered
2280,60,2025-12-28,online,delivered
2281,32,2025-11-11,online,delivered
2282,13,2025-11-01,online,delivered
2283,5,2025-09-04,physical,delivered
2284,23,2025-03-01,physical,delivered
2285,52,2025-12-30,online,delivered
2286,27,2025-06-01,online,delivered
2287,48,2025-10-16,online,delivered
2288,51,2025-12-28,physical,delivered
2289,7,2025-02-11,physical,delivered
2290,39,2025-07-17,online,delivered
2291,60,2025-12-24,physical,delivered
2292,28,2025-04-30,online,delivered
2293,2,2025-06-22,physical,delivered
2294,59,2025-09-28,online,delivered
2295,54,2025-08-11,online,delivered
2296,33,2025-04-14,physical,delivered
2297,34,2025-02-21,online,delivered
2298,12,2025-02-03,online,delivered
2299,52,2025-12-27,online,delivered
2300,32,2025-07-25,online,delivered
2301,1,2025-06-24,physical,delivered
2302,40,2025-11-16,physical,delivered
2303,60,2025-12-30,online,cancelled
2304,52,2025-12-29,online,delivered
2305,19,2025-06-08,online,delivered
2306,2,2025-02-10,online,delivered
2307,60,2025-12-24,online,cancelled
2308,59,2025-08-07,online,delivered
2309,33,2025-07-21,online,delivered
2310,39,2025-07-18,online,delivered
2311,30,2025-08-20,online,delivered
2312,28,2025-08-21,physical,cancelled
2313,7,2025-11-01,online,delivered
2314,4,2025-05-06,online,delivered
2315,13,2025-12-02,online,delivered
2316,52,2025-12-28,online,delivered
2317,8,2025-01-05,online,delivered
2318,13,2025-04-24,online,delivered
2319,34,2025-06-10,physical,delivered
2320,12,2025-05-31,online,delivered
2321,10,2025-10-30,online,delivered
2322,36,2025-08-29,online,delivered
2323,24,2025-10-09,online,delivered
2324,39,2025-09-14,online,delivered
2325,59,2025-11-09,online,delivered
2326,8,2025-07-22,physical,delivered
2327,59,2025-08-22,online,delivered
2328,58,2025-11-28,online,delivered
2329,52,2025-12-28,online,delivered
2330,39,2025-08-16,online,delivered
2331,39,2025-08-04,online,delivered
2332,39,2025-09-24,online,delivered
2333,41,2025-10-27,online,delivered
2334,1,2025-04-15,online,delivered
2335,60,2025-12-29,physical,delivered
2336,37,2025-12-25,online,delivered
2337,50,2025-10-04,physical,delivered
2338,26,2025-03-06,online,delivered
2339,1,2025-06-18,physical,delivered
2340,33,2025-06-21,online,delivered
2341,33,2025-08-16,online,delivered
2342,28,2025-04-27,online,delivered
2343,23,2025-07-08,physical,delivered
2344,16,2025-10-31,physical,delivered
2345,33,2025-04-04,physical,delivered
2346,25,2025-05-21,online,delivered
2347,61,2025-11-03,online,delivered
2348,10,2025-04-06,online,delivered
2349,22,2025-10-07,online,delivered
2350,21,2025-08-31,physical,delivered
2351,34,2025-07-12,online,delivered
2352,32,2025-09-26,online,delivered
2353,39,2025-08-26,online,delivered
2354,60,2025-12-29,physical,delivered
2355,20,2025-02-11,online,delivered
2356,41,2025-09-25,physical,delivered
2357,1,2025-04-29,online,delivered
2358,17,2025-01-03,physical,delivered
2359,31,2025-07-27,online,delivered
2360,1,2025-05-10,physical,delivered
2361,39,2025-11-06,online,delivered
2362,40,2025-08-19,online,delivered
2363,46,2025-09-25,online,delivered
2364,33,2025-07-13,physical,delivered
2365,37,2025-12-29,online,delivered
2366,28,2025-11-13,physical,delivered
2367,2,2025-11-16,physical,delivered
2368,4,2025-11-30,online,delivered
2369,40,2025-12-22,physical,delivered
2370,64,2025-10-26,online,delivered
2371,1,2025-02-22,physical,delivered
2372,34,2025-04-27,physical,delivered
2373,47,2025-05-06,physical,delivered
2374,52,2025-12-29,online,delivered
2375,34,2025-09-28,online,delivered
2376,39,2025-08-29,online,delivered
2377,41,2025-12-01,online,delivered
2378,53,2025-09-28,online,delivered
2379,7,2025-03-10,online,delivered
2380,59,2025-10-06,online,delivered
2381,1,2025-05-04,online,delivered
2382,52,2025-12-27,physical,delivered
2383,2,2025-10-13,online,cancelled
2384,12,2025-09-27,online,delivered
2385,1,2025-09-03,online,delivered
2386,28,2025-07-10,online,delivered
2387,23,2025-08-12,online,delivered
2388,10,2025-10-31,online,delivered
2389,28,2025-04-05,online,delivered
2390,28,2025-05-07,online,delivered
2391,47,2025-05-28,online,delivered
2392,57,2025-07-31,online,delivered
2393,40,2025-09-13,online,delivered
2394,7,2025-05-22,online,delivered
2395,21,2025-02-14,online,delivered
2396,59,2025-11-07,online,delivered
2397,4,2025-03-19,online,delivered
2398,28,2025-08-18,online,delivered
2399,60,2025-12-30,online,delivered
2400,60,2025-12-26,online,delivered
2401,28,2025-09-22,physical,delivered
2402,40,2025-11-13,physical,delivered
2403,29,2025-01-11,online,delivered
2404,47,2025-10-11,physical,delivered
2405,1,2025-06-29,physical,cancelled
2406,8,2025-10-03,online,delivered
2407,39,2025-09-01,physical,delivered
2408,13,2025-06-20,online,delivered
2409,40,2025-08-05,online,delivered
2410,23,2025-11-19,physical,delivered
2411,55,2025-05-15,online,delivered
2412,52,2025-12-30,online,delivered
2413,32,2025-12-14,online,cancelled
2414,49,2025-10-21,online,delivered
2415,18,2025-09-19,physical,cancelled
2416,32,2025-08-20,physical,delivered
2417,12,2025-02-24,online,delivered
2418,53,2025-09-23,physical,delivered
2419,52,2025-12-27,physical,delivered
2420,58,2025-09-05,online,delivered
2421,54,2025-06-27,physical,delivered
2422,60,2025-12-29,physical,delivered
2423,13,2025-11-03,online,delivered
2424,59,2025-10-02,online,delivered
2425,37,2025-12-24,online,delivered
2426,28,2025-06-24,online,delivered
2427,36,2025-12-07,physical,delivered
2428,23,2025-07-06,online,delivered
2429,20,2025-08-15,online,delivered
2430,14,2025-06-05,physical,delivered
2431,4,2025-07-27,physical,delivered
2432,32,2025-08-23,online,delivered
2433,55,2025-09-28,physical,delivered
2434,39,2025-06-26,physical,delivered
2435,33,2025-07-23,physical,delivered
2436,28,2025-09-30,online,delivered
2437,31,2025-09-20,online,delivered
2438,12,2025-08-19,online,delivered
2439,52,2025-12-29,physical,delivered
2440,12,2025-12-22,online,delivered
2441,44,2025-03-15,online,delivered
2442,47,2025-02-13,online,delivered
2443,37,2025-12-27,online,delivered
2444,53,2025-10-13,online,delivered
2445,20,2025-03-06,online,cancelled
2446,54,2025-12-22,physical,delivered
2447,44,2025-02-27,online,delivered
2448,51,2025-12-29,online,delivered
2449,40,2025-12-20,physical,delivered
2450,53,2025-10-31,online,delivered
2451,64,2025-11-26,online,delivered
2452,28,2025-05-09,online,delivered
2453,52,2025-12-30,online,delivered
2454,45,2025-09-30,online,delivered
2455,29,2025-02-11,physical,delivered
2456,59,2025-07-23,physical,delivered
2457,28,2025-02-08,physical,delivered
2458,36,2025-10-02,physical,delivered
2459,5,2025-03-28,online,delivered
2460,13,2025-07-18,physical,delivered
2461,53,2025-12-16,physical,delivered
2462,28,2025-08-05,online,delivered
2463,28,2025-08-14,physical,delivered
2464,15,2025-09-25,physical,delivered
2465,32,2025-09-19,online,delivered
2466,52,2025-12-27,physical,delivered
2467,57,2025-10-04,online,delivered
2468,2,2025-05-26,physical,delivered
2469,37,2025-12-28,physical,delivered
2470,31,2025-08-22,physical,delivered
2471,39,2025-12-23,online,delivered
2472,28,2025-02-28,online,delivered
2473,28,2025-05-14,online,delivered
2474,31,2025-03-05,physical,delivered
2475,37,2025-12-29,online,delivered
2476,32,2025-03-20,online,delivered
2477,31,2025-06-18,online,delivered
2478,52,2025-12-28,online,delivered
2479,46,2025-05-11,online,delivered
2480,23,2025-02-15,online,delivered
2481,51,2025-12-30,physical,delivered
2482,53,2025-07-23,online,delivered
2483,8,2025-05-16,physical,delivered
2484,37,2025-12-27,online,delivered
2485,20,2025-05-14,online,delivered
2486,45,2025-10-09,online,delivered
2487,14,2025-11-01,physical,delivered
2488,40,2025-07-03,online,delivered
2489,17,2025-07-22,physical,delivered
2490,33,2025-09-09,online,delivered
2491,60,2025-12-28,online,delivered
2492,26,2025-07-04,online,delivered
2493,54,2025-06-05,online,delivered
2494,64,2025-09-26,online,delivered
2495,54,2025-10-21,physical,delivered
2496,10,2025-05-04,online,delivered
2497,52,2025-12-26,online,delivered
2498,1,2025-04-27,online,cancelled
2499,28,2025-01-18,online,delivered
2500,54,2025-06-12,online,delivered
2501,41,2025-09-03,physical,delivered
2502,33,2025-07-17,online,delivered
2503,28,2025-09-09,online,delivered
2504,52,2025-12-26,online,delivered
2505,44,2025-10-30,online,delivered
2506,31,2025-04-28,online,delivered
2507,57,2025-07-17,online,delivered
2508,13,2025-07-20,online,delivered
2509,10,2025-03-09,online,delivered
2510,39,2025-08-13,online,cancelled
2511,61,2025-11-19,online,delivered
2512,16,2025-08-06,online,delivered
2513,16,2025-06-15,online,delivered
2514,8,2025-06-29,online,delivered
2515,53,2025-08-27,online,delivered
2516,13,2025-11-06,online,delivered
2517,32,2025-07-15,online,delivered
2518,64,2025-11-02,online,delivered
2519,1,2025-03-13,online,delivered
2520,34,2025-03-14,physical,delivered
2521,33,2025-11-09,online,delivered
2522,52,2025-12-29,online,delivered
2523,24,2025-06-17,online,delivered
2524,28,2025-06-03,physical,delivered
2525,10,2025-01-12,online,delivered
2526,45,2025-12-10,online,delivered
2527,50,2025-10-30,online,cancelled
2528,8,2025-06-24,physical,delivered
2529,28,2025-08-18,online,delivered
2530,57,2025-09-27,online,delivered
2531,1,2025-06-01,online,delivered
2532,21,2025-01-02,online,delivered
2533,34,2025-10-01,online,delivered
2534,23,2025-03-25,online,delivered
2535,18,2025-03-21,physical,delivered
2536,30,2025-04-19,online,delivered
2537,11,2025-10-20,physical,delivered
2538,33,2025-12-04,online,delivered
2539,42,2025-12-29,online,cancelled
2540,37,2025-12-25,online,delivered
2541,4,2025-11-07,online,delivered
2542,53,2025-12-23,physical,delivered
2543,11,2025-03-14,online,delivered
2544,47,2025-05-24,online,delivered
2545,24,2025-05-07,online,delivered
2546,50,2025-10-30,online,delivered
2547,12,2025-06-27,online,cancelled
2548,11,2025-02-14,online,delivered
2549,32,2025-05-20,online,delivered
2550,1,2025-09-18,online,delivered
2551,13,2025-12-02,physical,delivered
2552,44,2025-08-19,physical,delivered
2553,53,2025-12-19,online,delivered
2554,3,2025-09-06,online,delivered
2555,54,2025-08-28,online,delivered
2556,51,2025-12-29,online,delivered
2557,54,2025-09-26,online,delivered
2558,41,2025-12-26,physical,delivered
2559,40,2025-09-13,online,delivered
2560,33,2025-10-19,online,delivered
2561,40,2025-05-28,online,delivered
2562,59,2025-09-26,physical,delivered
2563,4,2025-05-17,online,delivered
2564,22,2025-11-25,online,delivered
2565,2,2025-06-27,online,delivered
2566,60,2025-12-26,online,delivered
2567,28,2025-11-13,physical,delivered
2568,40,2025-08-07,online,delivered
2569,53,2025-06-30,physical,delivered
2570,64,2025-11-10,physical,delivered
2571,10,2025-02-22,online,delivered
2572,51,2025-12-27,online,delivered
2573,55,2025-06-03,online,delivered
2574,2,2025-04-03,physical,delivered
2575,47,2025-04-30,physical,delivered
2576,24,2025-02-15,online,delivered
2577,40,2025-06-24,online,delivered
2578,33,2025-07-28,physical,delivered
2579,17,2025-09-27,online,cancelled
2580,7,2025-02-24,online,delivered
2581,7,2025-07-18,physical,delivered
2582,4,2025-05-31,physical,delivered
2583,39,2025-11-21,online,delivered
2584,23,2025-08-20,physical,delivered
2585,12,2025-02-23,online,delivered
2586,41,2025-12-19,online,delivered
2587,41,2025-11-12,online,delivered
2588,33,2025-08-17,physical,delivered
2589,59,2025-08-26,online,delivered
2590,27,2025-07-09,physical,cancelled
2591,52,2025-12-29,online,delivered
2592,2,2025-07-28,physical,delivered
2593,45,2025-12-22,online,delivered
2594,64,2025-12-30,physical,delivered
2595,53,2025-08-04,online,delivered
2596,37,2025-12-30,online,delivered
2597,39,2025-08-15,online,delivered
2598,24,2025-07-10,physical,delivered
2599,40,2025-08-04,online,delivered
2600,48,2025-08-09,online,delivered
2601,64,2025-08-08,online,delivered
2602,32,2025-06-10,physical,delivered
2603,2,2025-11-23,online,delivered
2604,37,2025-12-29,online,delivered
2605,7,2025-08-29,online,delivered
2606,15,2025-01-21,online,delivered
2607,22,2025-12-03,physical,delivered
2608,44,2025-06-29,online,delivered
2609,11,2025-01-04,physical,delivered
2610,10,2025-07-08,online,delivered
2611,2,2025-02-23,online,delivered
2612,54,2025-07-13,online,delivered
2613,41,2025-11-12,online,delivered
2614,1,2025-08-07,online,delivered
2615,1,2025-07-16,online,delivered
2616,34,2025-09-11,online,delivered
2617,20,2025-07-12,online,delivered
2618,37,2025-12-28,online,delivered
2619,28,2025-09-23,online,delivered
2620,59,2025-10-24,physical,cancelled
2621,20,2025-06-11,physical,delivered
2622,40,2025-10-03,online,delivered
2623,2,2025-07-09,online,delivered
2624,60,2025-12-26,online,delivered
2625,62,2025-06-29,online,delivered
2626,45,2025-11-21,physical,delivered
2627,31,2025-03-07,physical,delivered
2628,12,2025-11-06,online,delivered
2629,52,2025-12-30,physical,delivered
2630,44,2025-05-06,online,delivered
2631,12,2025-04-24,online,delivered
2632,28,2025-01-13,online,delivered
2633,30,2025-04-17,online,delivered
2634,52,2025-12-27,online,delivered
2635,41,2025-12-12,online,delivered
2636,39,2025-10-02,physical,delivered
2637,40,2025-06-18,online,delivered
2638,18,2025-10-31,online,delivered
2639,25,2025-06-27,online,delivered
2640,2,2025-08-08,online,delivered
2641,51,2025-12-30,physical,delivered
2642,28,2025-10-28,physical,delivered
2643,28,2025-10-25,online,delivered
2644,15,2025-07-12,online,delivered
2645,12,2025-08-02,physical,delivered
2646,37,2025-12-30,online,delivered
2647,13,2025-02-13,online,delivered
2648,2,2025-08-11,online,delivered
2649,47,2025-02-15,physical,cancelled
2650,25,2025-04-15,online,delivered
2651,26,2025-10-29,online,delivered
2652,28,2025-07-30,physical,delivered
2653,52,2025-12-30,online,delivered
2654,22,2025-05-23,online,delivered
2655,47,2025-07-31,online,delivered
2656,59,2025-12-27,online,delivered
2657,40,2025-04-30,physical,delivered
2658,28,2025-10-23,physical,delivered
2659,47,2025-10-08,online,delivered
2660,30,2025-06-21,online,delivered
2661,28,2025-08-01,physical,delivered
2662,33,2025-05-29,physical,delivered
2663,22,2025-06-15,physical,delivered
2664,4,2025-02-09,online,delivered
2665,28,2025-10-13,online,delivered
2666,7,2025-11-19,online,delivered
2667,28,2025-09-11,physical,delivered
2668,34,2025-10-19,online,delivered
2669,59,2025-09-07,physical,delivered
2670,1,2025-04-26,online,delivered
2671,39,2025-06-24,physical,delivered
2672,30,2025-06-24,online,cancelled
2673,1,2025-04-13,online,delivered
2674,16,2025-05-16,online,delivered
2675,7,2025-12-01,online,delivered
2676,12,2025-11-14,online,delivered
2677,19,2025-02-03,physical,delivered
2678,28,2025-06-20,online,delivered
2679,33,2025-04-20,online,delivered
2680,1,2025-10-29,online,cancelled
2681,10,2025-11-12,online,delivered
2682,4,2025-04-03,online,delivered
2683,34,2025-03-23,online,delivered
2684,22,2025-11-11,online,delivered
2685,34,2025-10-14,online,delivered
2686,12,2025-08-17,online,delivered
2687,1,2025-09-25,physical,delivered
2688,60,2025-12-28,online,delivered
2689,7,2025-12-01,online,delivered
2690,7,2025-10-04,online,delivered
2691,8,2025-08-26,physical,delivered
2692,62,2025-11-10,online,delivered
2693,39,2025-08-15,online,delivered
2694,39,2025-08-05,online,delivered
2695,64,2025-12-02,online,delivered
2696,4,2025-03-22,online,delivered
2697,61,2025-10-26,physical,delivered
2698,12,2025-11-09,online,delivered
2699,39,2025-07-05,online,delivered
2700,28,2025-08-10,physical,delivered
2701,27,2025-05-17,physical,delivered
2702,59,2025-11-01,online,delivered
2703,8,2025-04-20,online,delivered
2704,64,2025-10-26,online,delivered
2705,26,2025-07-29,physical,delivered
2706,40,2025-06-18,physical,delivered
2707,61,2025-11-17,online,delivered
2708,2,2025-10-01,online,delivered
2709,59,2025-09-15,physical,delivered
2710,36,2025-10-08,physical,delivered
2711,41,2025-12-19,online,delivered
2712,8,2025-04-14,online,delivered
2713,33,2025-09-21,physical,delivered
2714,40,2025-05-20,online,delivered
2715,29,2025-02-22,physical,delivered
2716,8,2025-10-19,online,delivered
2717,15,2025-11-02,online,delivered
2718,53,2025-11-04,online,delivered
2719,1,2025-12-23,physical,delivered
2720,43,2025-10-06,online,delivered
2721,65,2025-10-26,online,delivered
2722,1,2025-12-03,online,delivered
2723,10,2025-09-12,online,delivered
2724,40,2025-06-02,physical,delivered
2725,2,2025-09-30,online,delivered
2726,37,2025-12-25,online,cancelled
2727,41,2025-10-17,online,delivered
2728,37,2025-12-25,online,delivered
2729,24,2025-10-04,physical,cancelled
2730,41,2025-10-31,online,delivered
2731,37,2025-12-27,online,cancelled
2732,12,2025-10-23,online,delivered
2733,36,2025-12-22,physical,delivered
2734,54,2025-09-28,physical,delivered
2735,40,2025-10-21,online,delivered
2736,31,2025-04-20,online,delivered
2737,22,2025-08-13,online,delivered
2738,4,2025-09-03,physical,delivered
2739,15,2025-04-15,online,delivered
2740,1,2025-09-01,physical,delivered
2741,64,2025-09-21,online,delivered
2742,12,2025-05-26,online,cancelled
2743,52,2025-12-28,online,delivered
2744,10,2025-01-30,online,delivered
2745,20,2025-09-04,physical,delivered
2746,28,2025-11-05,online,delivered
2747,22,2025-12-08,online,delivered
2748,51,2025-12-30,online,delivered
2749,60,2025-12-25,physical,delivered
2750,54,2025-10-02,online,delivered
2751,8,2025-07-20,online,delivered
2752,49,2025-12-26,online,delivered
2753,8,2025-04-19,online,delivered
2754,59,2025-12-02,online,delivered
2755,33,2025-07-27,online,delivered
2756,23,2025-06-26,online,delivered
2757,8,2025-07-09,online,cancelled
2758,1,2025-05-08,online,delivered
2759,16,2025-08-15,online,delivered
2760,59,2025-07-21,online,delivered
2761,51,2025-12-30,online,delivered
2762,61,2025-10-04,online,delivered
2763,4,2025-10-11,online,delivered
2764,37,2025-12-29,online,delivered
2765,17,2025-09-04,online,delivered
2766,34,2025-09-15,physical,delivered
2767,22,2025-09-28,online,delivered
2768,20,2025-05-20,online,delivered
2769,37,2025-12-24,online,delivered
2770,11,2025-11-06,online,delivered
2771,31,2025-09-19,online,delivered
2772,40,2025-09-15,physical,delivered
2773,7,2025-03-26,online,delivered
2774,59,2025-10-12,online,delivered
2775,32,2025-12-25,online,delivered
2776,52,2025-12-27,online,cancelled
2777,40,2025-10-23,physical,delivered
2778,44,2025-05-25,physical,delivered
2779,44,2025-06-15,online,delivered
2780,54,2025-08-17,online,delivered
2781,39,2025-10-21,online,delivered
2782,19,2025-08-01,online,delivered
2783,4,2025-08-13,online,delivered
2784,39,2025-08-01,online,delivered
2785,2,2025-08-08,physical,delivered
2786,14,2025-11-28,physical,delivered
2787,2,2025-07-08,physical,cancelled
2788,34,2025-11-03,online,delivered
2789,10,2025-05-14,online,delivered
2790,39,2025-06-30,online,delivered
2791,51,2025-12-26,physical,delivered
2792,52,2025-12-26,physical,delivered
2793,21,2025-09-01,physical,delivered
2794,34,2025-11-01,online,delivered
2795,36,2025-11-10,online,delivered
2796,31,2025-03-02,online,delivered
2797,40,2025-06-01,physical,delivered
2798,12,2025-12-27,online,delivered
2799,61,2025-10-16,online,delivered
2800,4,2025-06-21,physical,delivered
2801,52,2025-12-28,physical,delivered
2802,37,2025-12-24,physical,delivered
2803,15,2025-06-16,online,delivered
2804,46,2025-06-25,online,delivered
2805,4,2025-09-25,physical,delivered
2806,49,2025-08-28,online,delivered
2807,37,2025-12-27,online,delivered
2808,7,2025-03-03,online,delivered
2809,2,2025-12-06,physical,delivered
2810,47,2025-12-30,online,delivered
2811,20,2025-12-07,physical,delivered
2812,55,2025-08-03,online,delivered
2813,47,2025-02-07,online,delivered
2814,41,2025-11-07,online,delivered
2815,19,2025-04-08,online,delivered
2816,43,2025-10-09,online,delivered
2817,60,2025-12-28,physical,delivered
2818,4,2025-09-16,online,delivered
2819,22,2025-12-18,online,delivered
2820,13,2025-09-10,physical,delivered
2821,28,2025-03-06,online,delivered
2822,45,2025-05-06,physical,delivered
2823,31,2025-07-27,physical,delivered
2824,37,2025-12-27,online,delivered
2825,21,2025-10-09,physical,delivered
2826,8,2025-09-29,physical,delivered
2827,18,2025-10-21,online,delivered
2828,53,2025-08-27,online,delivered
2829,37,2025-12-29,online,delivered
2830,26,2025-09-12,online,delivered
2831,51,2025-12-26,online,delivered
2832,2,2025-10-01,online,delivered
2833,17,2025-02-06,online,delivered
2834,13,2025-01-01,physical,delivered
2835,64,2025-08-13,physical,delivered
2836,42,2025-12-30,online,delivered
2837,39,2025-07-12,physical,delivered
2838,1,2025-02-21,online,cancelled
2839,11,2025-08-19,online,delivered
2840,39,2025-09-07,online,delivered
2841,26,2025-07-21,online,delivered
2842,59,2025-11-30,online,delivered
2843,47,2025-06-23,physical,delivered
2844,28,2025-01-04,online,delivered
2845,47,2025-01-05,online,delivered
2846,61,2025-11-21,online,delivered
2847,30,2025-11-14,online,delivered
2848,39,2025-07-28,online,delivered
2849,59,2025-10-11,physical,delivered
2850,16,2025-09-27,online,delivered
2851,55,2025-06-09,physical,delivered
2852,4,2025-07-05,online,delivered
2853,40,2025-05-11,physical,delivered
2854,50,2025-11-05,online,delivered
2855,39,2025-11-07,online,delivered
2856,32,2025-03-14,online,delivered
2857,39,2025-07-21,online,delivered
2858,8,2025-02-10,online,delivered
2859,12,2025-05-02,physical,delivered
2860,18,2025-05-23,online,delivered
2861,37,2025-12-27,online,delivered
2862,28,2025-02-23,online,delivered
2863,15,2025-05-29,physical,delivered
2864,54,2025-06-19,online,delivered
2865,25,2025-09-07,online,delivered
2866,28,2025-09-20,physical,delivered
2867,28,2025-02-25,online,delivered
2868,11,2025-01-27,physical,delivered
2869,44,2025-09-04,online,delivered
2870,28,2025-08-07,online,delivered
2871,1,2025-01-04,online,delivered
2872,61,2025-10-17,online,delivered
2873,52,2025-12-28,online,delivered
2874,44,2025-06-26,online,delivered
2875,54,2025-07-20,online,delivered
2876,59,2025-11-19,physical,delivered
2877,23,2025-10-18,physical,delivered
2878,39,2025-08-09,online,delivered
2879,39,2025-11-18,physical,delivered
2880,18,2025-08-28,physical,delivered
2881,12,2025-09-24,online,delivered
2882,7,2025-06-21,online,delivered
2883,40,2025-07-07,physical,delivered
2884,50,2025-10-08,online,delivered
2885,47,2025-12-16,physical,delivered
2886,22,2025-02-09,physical,delivered
2887,12,2025-02-24,online,delivered
2888,29,2025-10-20,physical,delivered
2889,34,2025-02-17,physical,delivered
2890,59,2025-11-12,online,delivered
2891,54,2025-09-25,online,delivered
2892,59,2025-09-27,physical,delivered
2893,53,2025-11-11,online,delivered
2894,61,2025-11-16,online,delivered
2895,31,2025-12-28,online,delivered
2896,2,2025-02-24,online,delivered
2897,4,2025-04-07,physical,delivered
2898,28,2025-04-18,online,delivered
2899,17,2025-09-08,physical,delivered
2900,10,2025-02-02,physical,delivered
2901,60,2025-12-27,online,delivered
2902,12,2025-08-03,online,delivered
2903,60,2025-12-27,online,delivered
2904,47,2025-10-31,online,delivered
2905,39,2025-06-22,online,delivered
2906,40,2025-12-25,online,delivered
2907,22,2025-12-07,physical,delivered
2908,39,2025-10-07,online,delivered
2909,11,2025-03-21,online,delivered
2910,59,2025-10-29,online,delivered
2911,21,2025-08-24,online,delivered
2912,17,2025-07-17,online,delivered
2913,44,2025-04-24,physical,delivered
2914,40,2025-09-13,online,delivered
2915,28,2025-04-25,online,delivered
2916,39,2025-07-03,online,delivered
2917,10,2025-11-01,online,delivered
2918,40,2025-07-15,online,delivered
2919,18,2025-07-12,physical,delivered
2920,18,2025-05-30,physical,delivered
2921,10,2025-02-13,online,delivered
2922,22,2025-04-04,online,delivered
2923,22,2025-07-14,online,delivered
2924,29,2025-09-05,physical,delivered
2925,11,2025-08-19,physical,delivered
2926,11,2025-01-28,physical,delivered
2927,34,2025-07-25,physical,delivered
2928,7,2025-12-12,online,delivered
2929,41,2025-09-01,online,delivered
2930,60,2025-12-28,online,delivered
2931,28,2025-12-29,physical,delivered
2932,58,2025-09-17,online,cancelled
2933,4,2025-02-21,physical,delivered
2934,2,2025-05-31,physical,delivered
2935,44,2025-09-18,online,delivered
2936,47,2025-06-14,physical,delivered
2937,53,2025-10-17,online,delivered
2938,2,2025-08-01,online,delivered
2939,49,2025-12-13,physical,delivered
2940,25,2025-03-09,online,delivered
2941,21,2025-10-24,online,delivered
2942,10,2025-07-02,online,delivered
2943,64,2025-11-29,online,delivered
2944,2,2025-01-29,online,delivered
2945,52,2025-12-26,online,delivered
2946,39,2025-07-08,online,delivered
2947,44,2025-02-15,physical,delivered
2948,44,2025-05-22,online,delivered
2949,53,2025-08-20,online,delivered
2950,11,2025-01-16,online,delivered
2951,1,2025-12-25,online,delivered
2952,37,2025-12-24,online,delivered
2953,24,2025-11-03,online,delivered
2954,7,2025-06-04,physical,delivered
2955,11,2025-07-16,physical,delivered
2956,22,2025-04-22,online,delivered
2957,2,2025-09-02,online,delivered
2958,2,2025-10-04,online,delivered
2959,59,2025-10-26,physical,delivered
2960,21,2025-10-25,online,delivered
2961,63,2025-08-31,online,delivered
2962,61,2025-12-07,online,delivered
2963,8,2025-09-30,physical,delivered
2964,44,2025-07-16,online,delivered
2965,37,2025-12-25,physical,delivered
2966,41,2025-12-12,online,delivered
2967,4,2025-07-28,online,delivered
2968,11,2025-08-28,physical,delivered
2969,2,2025-03-01,online,delivered
2970,38,2025-11-12,online,delivered
2971,64,2025-07-19,online,delivered
2972,40,2025-08-12,online,cancelled
2973,44,2025-03-12,online,delivered
2974,64,2025-10-10,online,delivered
2975,40,2025-07-01,physical,delivered
2976,1,2025-11-10,physical,delivered
2977,53,2025-07-28,online,delivered
2978,24,2025-07-28,online,delivered
2979,1,2025-05-07,online,delivered
2980,33,2025-08-04,online,delivered
2981,59,2025-11-11,physical,delivered
2982,17,2025-09-04,online,delivered
2983,32,2025-12-01,online,delivered
2984,11,2025-11-21,online,delivered
2985,2,2025-09-10,online,cancelled
2986,3,2025-09-22,physical,delivered
2987,44,2025-10-17,online,delivered
2988,53,2025-06-23,physical,delivered
2989,8,2025-05-01,online,delivered
2990,20,2025-09-29,online,cancelled
2991,12,2025-06-19,physical,delivered
2992,1,2025-10-11,online,delivered
2993,34,2025-11-25,physical,delivered
2994,41,2025-10-15,online,delivered
2995,40,2025-05-06,online,delivered
2996,28,2025-04-05,online,delivered
2997,34,2025-02-03,online,delivered
2998,4,2025-12-26,online,delivered
2999,8,2025-06-18,online,delivered
3000,59,2025-08-12,physical,delivered
3001,47,2025-06-27,online,delivered
3002,59,2025-11-16,online,delivered
3003,59,2025-11-16,online,delivered
3004,40,2025-05-05,physical,delivered
3005,59,2025-09-19,online,delivered
3006,28,2025-09-16,physical,delivered
3007,1,2025-10-16,online,delivered
3008,2,2025-09-13,online,delivered
3009,7,2025-10-15,physical,delivered
3010,4,2025-03-10,online,delivered
3011,23,2025-02-16,online,delivered
3012,41,2025-09-01,online,delivered
3013,51,2025-12-30,online,delivered
3014,37,2025-12-25,online,delivered
3015,8,2025-09-30,online,delivered
3016,47,2025-01-06,online,delivered
3017,24,2025-03-05,online,delivered
3018,1,2025-07-12,online,delivered
3019,20,2025-05-15,online,delivered
3020,22,2025-07-23,online,delivered
3021,19,2025-07-20,physical,delivered
3022,52,2025-12-30,online,delivered
3023,47,2025-11-17,physical,delivered
3024,41,2025-10-19,online,delivered
3025,8,2025-03-06,online,delivered
3026,52,2025-12-28,physical,cancelled
3027,40,2025-06-02,physical,delivered
3028,12,2025-10-19,online,delivered
3029,40,2025-07-27,online,delivered
3030,32,2025-11-19,online,cancelled
3031,28,2025-12-11,physical,delivered
3032,7,2025-02-15,physical,delivered
3033,33,2025-12-30,physical,delivered
3034,4,2025-12-16,physical,cancelled
3035,10,2025-01-12,online,delivered
3036,7,2025-05-11,online,delivered
3037,60,2025-12-29,online,delivered
3038,20,2025-04-16,online,delivered
3039,24,2025-07-23,online,delivered
3040,22,2025-01-25,online,delivered
3041,58,2025-09-07,physical,delivered
3042,36,2025-12-29,online,delivered
3043,59,2025-11-09,physical,delivered
3044,21,2025-09-01,physical,delivered
3045,7,2025-01-30,online,delivered
3046,34,2025-07-12,physical,delivered
3047,23,2025-06-26,online,delivered
3048,51,2025-12-29,online,delivered
3049,54,2025-09-15,online,delivered
3050,31,2025-03-17,physical,delivered
3051,96,2026-10-25,online,delivered
3052,33,2026-11-30,online,delivered
3053,7,2026-08-09,online,delivered
3054,95,2026-05-27,online,delivered
3055,70,2026-10-05,physical,cancelled
3056,70,2026-08-25,online,delivered
3057,2,2026-04-10,online,delivered
3058,22,2026-10-28,online,delivered
3059,71,2026-07-24,online,delivered
3060,100,2026-09-26,online,delivered
3061,64,2026-09-19,physical,delivered
3062,7,2026-10-08,online,delivered
3063,43,2026-02-14,physical,delivered
3064,70,2026-09-08,online,delivered
3065,1,2026-10-15,online,delivered
3066,35,2026-07-17,online,delivered
3067,11,2026-01-01,online,delivered
3068,2,2026-01-18,online,cancelled
3069,34,2026-11-30,online,delivered
3070,69,2026-07-23,online,cancelled
3071,33,2026-04-05,online,delivered
3072,64,2026-01-18,online,delivered
3073,33,2026-07-03,online,delivered
3074,52,2026-05-22,online,cancelled
3075,41,2026-05-29,physical,delivered
3076,95,2026-05-21,online,delivered
3077,69,2026-08-24,online,delivered
3078,72,2026-10-22,online,delivered
3079,69,2026-11-05,physical,delivered
3080,92,2026-12-25,online,shipped
3081,26,2026-06-12,online,delivered
3082,84,2026-04-13,online,delivered
3083,69,2026-09-21,online,delivered
3084,96,2026-09-06,online,delivered
3085,33,2026-06-11,online,delivered
3086,2,2026-12-22,online,shipped
3087,2,2026-10-07,online,cancelled
3088,98,2026-07-30,online,delivered
3089,79,2026-08-24,online,delivered
3090,44,2026-11-17,online,delivered
3091,44,2026-01-31,online,delivered
3092,70,2026-11-13,online,delivered
3093,1,2026-05-25,online,delivered
3094,81,2026-04-27,online,delivered
3095,85,2026-09-01,online,delivered
3096,59,2026-09-19,online,delivered
3097,66,2026-03-19,online,delivered
3098,20,2026-03-11,online,delivered
3099,57,2026-03-28,online,delivered
3100,75,2026-12-03,online,delivered
3101,1,2026-07-20,online,delivered
3102,34,2026-01-18,online,delivered
3103,47,2026-06-05,online,cancelled
3104,50,2026-01-27,online,delivered
3105,100,2026-08-15,online,delivered
3106,32,2026-12-03,online,delivered
3107,33,2026-04-20,physical,delivered
3108,73,2026-11-27,online,delivered
3109,93,2026-08-13,online,delivered
3110,80,2026-09-28,online,delivered
3111,12,2026-02-03,online,delivered
3112,52,2026-08-03,online,delivered
3113,22,2026-06-27,online,delivered
3114,69,2026-07-22,physical,delivered
3115,96,2026-09-29,online,delivered
3116,80,2026-09-03,online,delivered
3117,4,2026-04-24,online,delivered
3118,39,2026-08-07,physical,delivered
3119,23,2026-11-01,online,delivered
3120,90,2026-05-25,online,delivered
3121,93,2026-12-12,online,delivered
3122,89,2026-10-08,online,delivered
3123,51,2026-06-30,online,delivered
3124,95,2026-08-14,online,cancelled
3125,67,2026-10-18,online,delivered
3126,56,2026-07-11,physical,delivered
3127,28,2026-10-28,online,delivered
3128,69,2026-12-18,online,cancelled
3129,44,2026-03-17,online,delivered
3130,72,2026-12-29,physical,processing
3131,68,2026-11-03,online,delivered
3132,19,2026-10-23,online,delivered
3133,85,2026-12-25,online,shipped
3134,36,2026-04-06,online,delivered
3135,93,2026-06-12,online,delivered
3136,28,2026-01-03,online,cancelled
3137,4,2026-12-29,online,processing
3138,69,2026-10-08,online,delivered
3139,53,2026-01-10,online,delivered
3140,93,2026-07-14,physical,delivered
3141,17,2026-07-30,physical,delivered
3142,33,2026-05-15,online,delivered
3143,17,2026-09-04,physical,delivered
3144,41,2026-11-23,physical,delivered
3145,75,2026-11-11,online,delivered
3146,28,2026-12-07,online,delivered
3147,69,2026-07-22,online,delivered
3148,24,2026-05-11,online,delivered
3149,8,2026-01-01,online,delivered
3150,47,2026-10-22,online,delivered
3151,95,2026-12-04,online,cancelled
3152,33,2026-05-27,online,delivered
3153,68,2026-08-02,online,delivered
3154,100,2026-03-28,online,delivered
3155,40,2026-03-21,online,delivered
3156,1,2026-07-25,online,delivered
3157,69,2026-09-05,online,delivered
3158,22,2026-06-13,online,delivered
3159,80,2026-10-30,online,cancelled
3160,90,2026-02-19,online,delivered
3161,58,2026-02-25,online,delivered
3162,82,2026-08-05,online,delivered
3163,57,2026-02-06,physical,delivered
3164,69,2026-07-29,physical,cancelled
3165,41,2026-12-24,online,shipped
3166,52,2026-03-31,physical,delivered
3167,28,2026-12-15,physical,delivered
3168,90,2026-12-21,online,shipped
3169,12,2026-07-21,online,delivered
3170,95,2026-08-31,online,delivered
3171,22,2026-09-30,physical,delivered
3172,8,2026-12-14,online,cancelled
3173,44,2026-05-25,online,delivered
3174,38,2026-06-28,online,delivered
3175,8,2026-10-18,physical,delivered
3176,34,2026-02-02,online,delivered
3177,21,2026-08-14,online,delivered
3178,52,2026-02-07,online,delivered
3179,16,2026-07-16,online,delivered
3180,28,2026-02-21,online,delivered
3181,44,2026-09-05,online,cancelled
3182,8,2026-11-15,online,delivered
3183,80,2026-10-11,online,delivered
3184,12,2026-01-30,online,delivered
3185,39,2026-08-18,online,delivered
3186,93,2026-11-21,physical,delivered
3187,71,2026-07-09,online,delivered
3188,31,2026-06-18,online,delivered
3189,2,2026-09-15,physical,delivered
3190,29,2026-02-20,physical,delivered
3191,72,2026-11-10,online,delivered
3192,20,2026-04-24,online,delivered
3193,21,2026-04-12,online,delivered
3194,61,2026-11-27,online,delivered
3195,92,2026-08-15,online,delivered
3196,82,2026-09-18,online,delivered
3197,51,2026-09-30,online,delivered
3198,80,2026-12-16,online,shipped
3199,39,2026-05-07,online,delivered
3200,2,2026-05-04,physical,delivered
3201,28,2026-06-25,online,delivered
3202,92,2026-07-29,online,delivered
3203,40,2026-04-01,online,delivered
3204,96,2026-08-03,online,cancelled
3205,70,2026-09-03,online,delivered
3206,70,2026-08-21,online,delivered
3207,52,2026-10-30,online,delivered
3208,30,2026-10-27,online,delivered
3209,10,2026-08-16,physical,cancelled
3210,23,2026-02-12,online,delivered
3211,80,2026-08-26,physical,delivered
3212,44,2026-02-11,online,delivered
3213,22,2026-03-05,online,delivered
3214,70,2026-10-21,online,cancelled
3215,37,2026-06-30,physical,delivered
3216,21,2026-05-02,online,delivered
3217,96,2026-10-06,online,delivered
3218,24,2026-02-16,online,delivered
3219,89,2026-12-04,online,delivered
3220,39,2026-05-20,online,delivered
3221,49,2026-10-27,online,delivered
3222,35,2026-03-22,online,delivered
3223,16,2026-06-25,online,delivered
3224,2,2026-04-30,online,delivered
3225,96,2026-10-17,physical,cancelled
3226,90,2026-05-09,online,delivered
3227,41,2026-11-28,physical,delivered
3228,85,2026-04-06,online,delivered
3229,1,2026-02-05,physical,delivered
3230,37,2026-03-03,physical,delivered
3231,67,2026-11-29,physical,delivered
3232,99,2026-12-22,online,shipped
3233,47,2026-04-29,online,delivered
3234,1,2026-11-17,online,delivered
3235,80,2026-12-10,physical,delivered
3236,72,2026-12-25,physical,shipped
3237,1,2026-08-23,online,delivered
3238,26,2026-01-16,online,delivered
3239,72,2026-11-08,physical,delivered
3240,72,2026-11-19,online,delivered
3241,61,2026-02-27,physical,delivered
3242,14,2026-02-05,physical,delivered
3243,42,2026-10-04,online,delivered
3244,61,2026-04-07,online,cancelled
3245,19,2026-05-19,online,delivered
3246,92,2026-09-15,online,cancelled
3247,1,2026-07-19,online,delivered
3248,74,2026-03-19,online,delivered
3249,53,2026-09-20,online,delivered
3250,76,2026-10-27,online,delivered
3251,64,2026-04-12,physical,delivered
3252,89,2026-09-24,online,delivered
3253,28,2026-01-13,online,delivered
3254,76,2026-12-29,online,shipped
3255,66,2026-08-03,online,delivered
3256,28,2026-11-28,physical,delivered
3257,60,2026-06-25,online,delivered
3258,32,2026-08-04,online,delivered
3259,93,2026-11-14,online,cancelled
3260,11,2026-04-08,online,delivered
3261,51,2026-02-06,online,delivered
3262,59,2026-06-29,online,delivered
3263,15,2026-02-09,online,delivered
3264,61,2026-11-09,online,delivered
3265,40,2026-11-05,online,cancelled
3266,33,2026-02-24,online,delivered
3267,96,2026-08-12,online,delivered
3268,98,2026-04-01,online,delivered
3269,69,2026-08-01,online,delivered
3270,54,2026-11-19,online,delivered
3271,28,2026-10-31,online,delivered
3272,53,2026-03-28,physical,delivered
3273,84,2026-03-07,online,delivered
3274,100,2026-05-03,physical,delivered
3275,37,2026-11-16,online,cancelled
3276,49,2026-06-05,online,delivered
3277,45,2026-05-25,online,delivered
3278,40,2026-09-24,online,delivered
3279,89,2026-12-22,online,shipped
3280,40,2026-09-08,online,delivered
3281,33,2026-02-02,online,delivered
3282,69,2026-11-11,online,cancelled
3283,50,2026-08-16,online,delivered
3284,2,2026-04-11,online,delivered
3285,37,2026-12-23,physical,shipped
3286,69,2026-12-25,online,shipped
3287,74,2026-03-29,online,delivered
3288,2,2026-01-09,online,cancelled
3289,59,2026-01-26,online,delivered
3290,60,2026-03-18,online,delivered
3291,32,2026-12-17,online,shipped
3292,52,2026-09-08,online,cancelled
3293,93,2026-10-04,online,delivered
3294,23,2026-11-11,physical,delivered
3295,68,2026-05-25,online,delivered
3296,85,2026-03-26,online,delivered
3297,24,2026-12-18,physical,shipped
3298,95,2026-07-30,online,delivered
3299,28,2026-02-17,online,delivered
3300,69,2026-07-29,online,delivered
3301,48,2026-06-29,physical,delivered
3302,33,2026-01-20,online,delivered
3303,47,2026-03-07,online,delivered
3304,84,2026-08-26,online,cancelled
3305,80,2026-10-19,online,cancelled
3306,12,2026-11-16,online,delivered
3307,17,2026-10-09,physical,delivered
3308,80,2026-10-11,online,cancelled
3309,35,2026-07-12,online,delivered
3310,11,2026-01-12,physical,delivered
3311,12,2026-05-29,online,delivered
3312,74,2026-11-20,online,delivered
3313,72,2026-11-29,online,delivered
3314,69,2026-08-23,physical,delivered
3315,12,2026-05-18,online,delivered
3316,41,2026-03-25,online,delivered
3317,19,2026-12-19,online,shipped
3318,66,2026-05-10,online,delivered
3319,80,2026-09-18,physical,delivered
3320,27,2026-04-19,online,delivered
3321,69,2026-10-15,online,delivered
3322,23,2026-12-10,online,delivered
3323,22,2026-02-27,online,delivered
3324,54,2026-01-14,online,delivered
3325,37,2026-08-27,physical,cancelled
3326,50,2026-08-29,physical,delivered
3327,52,2026-08-28,online,delivered
3328,24,2026-04-06,online,delivered
3329,40,2026-09-09,online,delivered
3330,7,2026-04-25,online,delivered
3331,29,2026-07-13,online,delivered
3332,29,2026-06-10,online,delivered
3333,49,2026-12-09,online,delivered
3334,1,2026-08-02,online,cancelled
3335,27,2026-07-06,online,delivered
3336,69,2026-08-01,online,delivered
3337,41,2026-02-04,online,delivered
3338,29,2026-04-19,online,delivered
3339,32,2026-05-29,online,delivered
3340,76,2026-10-11,online,delivered
3341,1,2026-06-12,online,delivered
3342,11,2026-03-19,online,delivered
3343,32,2026-09-07,physical,delivered
3344,61,2026-12-10,online,cancelled
3345,53,2026-11-06,online,delivered
3346,15,2026-07-24,online,delivered
3347,69,2026-09-07,physical,delivered
3348,31,2026-09-02,online,delivered
3349,12,2026-11-08,physical,delivered
3350,18,2026-07-31,online,delivered
3351,17,2026-11-05,physical,delivered
3352,63,2026-01-08,online,delivered
3353,96,2026-10-02,online,delivered
3354,96,2026-12-18,online,delivered
3355,1,2026-10-05,online,delivered
3356,7,2026-05-20,online,delivered
3357,47,2026-07-06,online,delivered
3358,93,2026-11-12,physical,cancelled
3359,10,2026-10-31,online,delivered
3360,24,2026-07-08,online,delivered
3361,44,2026-05-14,online,delivered
3362,26,2026-12-21,online,shipped
3363,61,2026-08-08,online,delivered
3364,91,2026-12-02,online,delivered
3365,96,2026-09-20,physical,cancelled
3366,24,2026-05-31,physical,delivered
3367,81,2026-06-25,online,cancelled
3368,29,2026-03-11,online,delivered
3369,58,2026-01-11,online,delivered
3370,58,2026-05-04,online,delivered
3371,19,2026-08-20,online,delivered
3372,53,2026-03-27,online,delivered
3373,68,2026-04-16,online,delivered
3374,52,2026-12-14,physical,delivered
3375,41,2026-11-11,online,delivered
3376,77,2026-11-16,online,delivered
3377,37,2026-01-23,online,delivered
3378,99,2026-12-01,online,delivered
3379,53,2026-07-25,online,delivered
3380,33,2026-05-19,online,delivered
3381,2,2026-10-25,physical,delivered
3382,49,2026-08-15,online,delivered
3383,59,2026-04-01,online,delivered
3384,83,2026-08-28,online,delivered
3385,24,2026-02-08,online,delivered
3386,5,2026-04-07,online,delivered
3387,61,2026-09-13,physical,delivered
3388,72,2026-11-11,online,delivered
3389,68,2026-07-17,online,delivered
3390,52,2026-07-27,online,delivered
3391,87,2026-12-25,online,shipped
3392,19,2026-11-04,physical,delivered
3393,7,2026-12-23,physical,shipped
3394,10,2026-10-14,online,cancelled
3395,59,2026-01-22,online,delivered
3396,10,2026-10-24,online,delivered
3397,1,2026-03-27,online,delivered
3398,22,2026-08-12,online,delivered
3399,68,2026-09-02,physical,delivered
3400,13,2026-05-18,online,delivered
3401,28,2026-12-30,online,processing
3402,10,2026-11-22,online,delivered
3403,73,2026-12-25,online,shipped
3404,88,2026-04-07,online,delivered
3405,96,2026-08-23,online,cancelled
3406,89,2026-10-06,physical,delivered
3407,11,2026-08-19,physical,delivered
3408,69,2026-09-20,online,delivered
3409,66,2026-12-10,physical,cancelled
3410,71,2026-11-01,online,delivered
3411,31,2026-12-21,online,shipped
3412,68,2026-11-20,online,delivered
3413,64,2026-01-11,physical,delivered
3414,93,2026-08-29,physical,delivered
3415,76,2026-12-28,physical,cancelled
3416,69,2026-11-08,online,delivered
3417,7,2026-08-07,online,delivered
3418,92,2026-06-09,online,delivered
3419,7,2026-08-07,physical,delivered
3420,100,2026-04-30,online,delivered
3421,69,2026-12-30,online,processing
3422,24,2026-11-11,online,cancelled
3423,82,2026-10-27,online,cancelled
3424,24,2026-07-30,online,delivered
3425,96,2026-09-18,online,delivered
3426,2,2026-03-10,physical,delivered
3427,69,2026-10-24,online,delivered
3428,37,2026-01-15,online,delivered
3429,18,2026-02-05,physical,delivered
3430,25,2026-01-22,online,delivered
3431,82,2026-07-18,online,delivered
3432,37,2026-08-22,online,delivered
3433,95,2026-06-16,online,delivered
3434,72,2026-10-20,online,delivered
3435,12,2026-07-24,online,cancelled
3436,80,2026-10-27,online,delivered
3437,1,2026-01-01,online,delivered
3438,60,2026-05-09,online,delivered
3439,94,2026-12-07,online,delivered
3440,72,2026-11-07,online,cancelled
3441,4,2026-11-10,online,delivered
3442,68,2026-05-25,online,delivered
3443,69,2026-09-25,online,delivered
3444,100,2026-11-21,online,delivered
3445,93,2026-06-22,online,delivered
3446,28,2026-12-23,physical,shipped
3447,68,2026-08-08,online,delivered
3448,61,2026-01-24,online,delivered
3449,10,2026-01-09,physical,delivered
3450,54,2026-02-27,online,cancelled
3451,47,2026-08-16,physical,delivered
3452,60,2026-10-01,online,delivered
3453,93,2026-06-09,physical,delivered
3454,84,2026-11-12,online,delivered
3455,1,2026-02-13,online,delivered
3456,96,2026-10-30,physical,delivered
3457,31,2026-12-01,online,delivered
3458,20,2026-05-22,physical,delivered
3459,22,2026-01-29,online,delivered
3460,89,2026-11-02,online,delivered
3461,33,2026-10-01,online,delivered
3462,33,2026-09-15,online,delivered
3463,79,2026-10-11,physical,delivered
3464,93,2026-11-28,online,delivered
3465,59,2026-02-09,online,delivered
3466,4,2026-05-11,physical,delivered
3467,70,2026-09-22,online,delivered
3468,69,2026-09-21,online,delivered
3469,33,2026-02-22,online,delivered
3470,69,2026-08-20,online,delivered
3471,75,2026-11-19,online,cancelled
3472,4,2026-06-19,online,delivered
3473,41,2026-11-04,online,delivered
3474,28,2026-09-06,online,delivered
3475,80,2026-10-29,physical,delivered
3476,44,2026-09-10,physical,delivered
3477,22,2026-05-04,online,delivered
3478,73,2026-04-08,online,delivered
3479,54,2026-10-02,online,delivered
3480,91,2026-12-25,physical,shipped
3481,1,2026-09-27,online,cancelled
3482,7,2026-12-12,online,delivered
3483,82,2026-12-13,online,delivered
3484,10,2026-11-02,online,delivered
3485,91,2026-10-06,online,delivered
3486,69,2026-09-02,online,delivered
3487,68,2026-12-19,online,shipped
3488,14,2026-08-17,online,delivered
3489,37,2026-11-13,physical,delivered
3490,2,2026-03-10,online,delivered
3491,70,2026-10-07,physical,delivered
3492,28,2026-04-30,online,delivered
3493,80,2026-12-16,online,shipped
3494,74,2026-11-22,online,delivered
3495,53,2026-04-25,online,cancelled
3496,80,2026-08-20,physical,delivered
3497,69,2026-08-24,physical,delivered
3498,28,2026-10-11,online,delivered
3499,10,2026-01-01,online,delivered
3500,89,2026-12-11,online,shipped
3501,1,2026-06-02,online,delivered
3502,82,2026-11-25,online,delivered
3503,69,2026-07-27,physical,delivered
3504,17,2026-03-12,physical,delivered
3505,18,2026-08-22,online,cancelled
3506,49,2026-05-04,online,delivered
3507,70,2026-12-30,online,processing
3508,24,2026-08-26,online,delivered
3509,84,2026-04-11,online,delivered
3510,53,2026-09-06,physical,delivered
3511,84,2026-08-23,online,delivered
3512,13,2026-02-10,physical,delivered
3513,80,2026-10-31,online,delivered
3514,28,2026-02-24,online,delivered
3515,28,2026-05-09,online,delivered
3516,47,2026-10-17,online,delivered
3517,59,2026-01-31,online,delivered
3518,19,2026-04-03,physical,delivered
3519,2,2026-05-15,online,delivered
3520,28,2026-05-05,online,delivered
3521,39,2026-03-07,online,delivered
3522,69,2026-11-21,physical,delivered
3523,28,2026-12-10,online,delivered
3524,7,2026-02-04,physical,delivered
3525,69,2026-12-27,online,shipped
3526,54,2026-10-03,online,delivered
3527,52,2026-09-18,online,delivered
3528,11,2026-09-06,online,delivered
3529,59,2026-10-11,online,delivered
3530,85,2026-06-29,online,delivered
3531,68,2026-09-25,online,delivered
3532,93,2026-04-19,physical,delivered
3533,45,2026-04-13,physical,delivered
3534,99,2026-11-06,online,delivered
3535,1,2026-04-07,online,delivered
3536,39,2026-09-27,online,delivered
3537,42,2026-01-27,physical,delivered
3538,57,2026-05-17,online,delivered
3539,2,2026-04-10,online,delivered
3540,80,2026-12-26,online,shipped
3541,1,2026-02-11,online,delivered
3542,21,2026-10-07,online,delivered
3543,2,2026-01-01,online,delivered
3544,60,2026-01-19,online,delivered
3545,8,2026-05-30,online,delivered
3546,28,2026-06-20,online,delivered
3547,11,2026-10-12,online,delivered
3548,13,2026-06-12,online,delivered
3549,96,2026-08-21,online,delivered
3550,39,2026-12-10,online,delivered
3551,4,2026-06-10,physical,delivered
3552,33,2026-07-11,physical,delivered
3553,96,2026-10-01,online,delivered
3554,17,2026-05-17,online,delivered
3555,69,2026-11-04,physical,delivered
3556,41,2026-05-26,physical,delivered
3557,1,2026-02-09,online,delivered
3558,94,2026-11-11,online,delivered
3559,64,2026-11-03,online,delivered
3560,41,2026-12-02,online,delivered
3561,66,2026-10-09,physical,delivered
3562,40,2026-09-10,online,delivered
3563,21,2026-10-22,online,delivered
3564,84,2026-10-09,online,delivered
3565,64,2026-03-29,physical,delivered
3566,28,2026-03-05,online,delivered
3567,17,2026-06-25,online,delivered
3568,44,2026-01-29,online,delivered
3569,24,2026-11-07,online,delivered
3570,51,2026-11-25,online,delivered
3571,82,2026-05-01,online,delivered
3572,7,2026-04-25,online,delivered
3573,84,2026-01-23,online,delivered
3574,59,2026-05-04,physical,delivered
3575,2,2026-04-12,online,delivered
3576,8,2026-02-10,physical,delivered
3577,94,2026-08-24,online,cancelled
3578,96,2026-09-24,online,delivered
3579,93,2026-06-20,online,delivered
3580,4,2026-12-11,online,delivered
3581,62,2026-05-26,online,delivered
3582,71,2026-08-16,online,cancelled
3583,23,2026-10-12,physical,delivered
3584,39,2026-01-30,online,cancelled
3585,8,2026-08-01,online,delivered
3586,96,2026-08-07,online,delivered
3587,8,2026-05-12,online,delivered
3588,70,2026-11-18,online,delivered
3589,54,2026-08-27,physical,delivered
3590,11,2026-12-13,online,delivered
3591,70,2026-10-27,physical,delivered
3592,52,2026-10-01,online,delivered
3593,95,2026-04-05,online,delivered
3594,37,2026-06-17,online,delivered
3595,42,2026-09-11,online,delivered
3596,32,2026-03-06,online,delivered
3597,89,2026-12-17,online,shipped
3598,68,2026-09-20,online,delivered
3599,79,2026-07-11,online,delivered
3600,53,2026-01-21,physical,delivered
3601,22,2026-02-09,online,delivered
3602,71,2026-10-21,physical,delivered
3603,44,2026-03-21,physical,delivered
3604,22,2026-03-15,online,delivered
3605,89,2026-11-09,physical,delivered
3606,1,2026-09-28,online,delivered
3607,40,2026-08-04,physical,delivered
3608,39,2026-10-08,online,delivered
3609,17,2026-12-26,physical,cancelled
3610,69,2026-12-09,online,shipped
3611,59,2026-07-29,online,delivered
3612,28,2026-04-14,online,delivered
3613,88,2026-10-13,online,delivered
3614,61,2026-04-20,physical,delivered
3615,60,2026-04-26,online,delivered
3616,95,2026-06-24,online,delivered
3617,21,2026-02-07,online,delivered
3618,73,2026-02-19,physical,delivered
3619,15,2026-06-02,online,delivered
3620,96,2026-11-08,online,delivered
3621,100,2026-09-17,online,delivered
3622,29,2026-11-23,online,cancelled
3623,98,2026-10-04,physical,delivered
3624,12,2026-03-01,online,delivered
3625,61,2026-01-22,online,delivered
3626,52,2026-05-21,online,delivered
3627,93,2026-04-16,online,delivered
3628,84,2026-07-01,physical,delivered
3629,39,2026-02-04,online,delivered
3630,85,2026-06-13,physical,delivered
3631,11,2026-11-16,online,delivered
3632,69,2026-11-26,online,delivered
3633,64,2026-08-31,online,delivered
3634,96,2026-11-13,online,cancelled
3635,87,2026-08-16,physical,delivered
3636,28,2026-03-19,online,delivered
3637,8,2026-02-07,online,delivered
3638,39,2026-01-10,online,delivered
3639,1,2026-03-22,online,delivered
3640,11,2026-03-08,online,delivered
3641,28,2026-09-05,physical,delivered
3642,11,2026-04-24,online,delivered
3643,28,2026-02-01,online,cancelled
3644,53,2026-07-03,online,delivered
3645,41,2026-11-24,online,delivered
3646,61,2026-02-14,online,delivered
3647,22,2026-04-30,online,delivered
3648,4,2026-11-01,physical,cancelled
3649,90,2026-06-30,online,delivered
3650,70,2026-10-25,online,delivered
3651,34,2026-07-09,online,delivered
3652,98,2026-12-09,online,shipped
3653,84,2026-04-28,online,delivered
3654,53,2026-02-05,online,delivered
3655,44,2026-09-07,online,delivered
3656,46,2026-07-31,online,delivered
3657,36,2026-05-31,online,delivered
3658,26,2026-03-13,physical,delivered
3659,68,2026-08-27,online,delivered
3660,54,2026-12-10,physical,delivered
3661,41,2026-05-29,online,delivered
3662,29,2026-05-24,online,delivered
3663,85,2026-05-02,online,delivered
3664,96,2026-10-14,online,delivered
3665,34,2026-01-18,online,delivered
3666,64,2026-04-13,online,cancelled
3667,37,2026-06-20,physical,delivered
3668,9,2026-06-30,online,delivered
3669,28,2026-04-13,physical,delivered
3670,8,2026-03-29,physical,delivered
3671,80,2026-09-17,online,delivered
3672,69,2026-11-07,online,cancelled
3673,83,2026-08-09,online,delivered
3674,96,2026-08-18,physical,cancelled
3675,53,2026-10-20,online,delivered
3676,39,2026-09-28,online,delivered
3677,45,2026-09-17,online,delivered
3678,59,2026-02-07,online,delivered
3679,76,2026-10-06,online,delivered
3680,52,2026-09-17,online,cancelled
3681,39,2026-05-14,online,delivered
3682,77,2026-12-11,online,delivered
3683,96,2026-10-08,online,delivered
3684,1,2026-10-21,online,delivered
3685,68,2026-11-20,online,delivered
3686,41,2026-03-30,online,delivered
3687,22,2026-08-03,physical,delivered
3688,34,2026-01-24,online,delivered
3689,24,2026-11-23,physical,cancelled
3690,11,2026-05-31,online,delivered
3691,33,2026-11-14,online,delivered
3692,59,2026-07-22,physical,delivered
3693,5,2026-06-12,online,delivered
3694,68,2026-10-29,online,delivered
3695,12,2026-09-24,online,delivered
3696,69,2026-10-21,online,delivered
3697,69,2026-11-09,online,cancelled
3698,72,2026-11-10,physical,delivered
3699,79,2026-11-11,online,delivered
3700,93,2026-08-09,online,delivered
3701,69,2026-08-05,online,delivered
3702,52,2026-06-03,physical,cancelled
3703,58,2026-12-17,online,shipped
3704,60,2026-11-28,physical,delivered
3705,20,2026-10-05,physical,delivered
3706,2,2026-01-14,online,delivered
3707,82,2026-10-30,online,delivered
3708,68,2026-11-12,online,delivered
3709,92,2026-11-01,online,delivered
3710,91,2026-12-28,online,processing
3711,1,2026-09-21,online,delivered
3712,71,2026-08-11,physical,delivered
3713,10,2026-02-16,online,delivered
3714,53,2026-10-22,physical,delivered
3715,12,2026-06-24,physical,delivered
3716,72,2026-11-04,online,delivered
3717,33,2026-03-06,online,delivered
3718,53,2026-03-24,online,cancelled
3719,31,2026-11-10,online,delivered
3720,39,2026-03-16,online,delivered
3721,85,2026-04-09,online,delivered
3722,40,2026-01-17,online,delivered
3723,20,2026-06-14,online,cancelled
3724,1,2026-01-31,online,delivered
3725,29,2026-09-23,online,delivered
3726,70,2026-10-18,online,delivered
3727,47,2026-03-20,online,delivered
3728,25,2026-11-16,online,delivered
3729,74,2026-10-29,online,delivered
3730,60,2026-02-27,physical,delivered
3731,84,2026-12-05,online,delivered
3732,60,2026-08-20,physical,delivered
3733,69,2026-09-09,online,delivered
3734,69,2026-09-21,online,delivered
3735,1,2026-12-20,online,shipped
3736,26,2026-10-10,physical,cancelled
3737,70,2026-12-29,physical,processing
3738,70,2026-08-08,online,delivered
3739,72,2026-10-27,online,delivered
3740,61,2026-05-31,online,delivered
3741,41,2026-08-05,online,delivered
3742,69,2026-10-06,online,delivered
3743,28,2026-08-03,online,delivered
3744,33,2026-05-07,online,cancelled
3745,18,2026-11-29,online,delivered
3746,80,2026-09-18,online,delivered
3747,96,2026-10-28,online,delivered
3748,53,2026-06-27,online,delivered
3749,69,2026-07-23,online,delivered
3750,2,2026-11-02,online,delivered
3751,39,2026-09-30,online,delivered
3752,70,2026-11-23,online,delivered
3753,54,2026-08-17,physical,delivered
3754,70,2026-11-04,online,delivered
3755,59,2026-10-31,online,delivered
3756,93,2026-09-24,online,delivered
3757,74,2026-04-12,online,delivered
3758,66,2026-08-06,online,cancelled
3759,72,2026-11-02,online,delivered
3760,94,2026-09-07,online,delivered
3761,28,2026-08-09,online,cancelled
3762,82,2026-12-03,physical,delivered
3763,77,2026-12-15,online,delivered
3764,2,2026-10-22,online,cancelled
3765,2,2026-02-08,physical,delivered
3766,39,2026-12-26,online,processing
3767,30,2026-02-11,online,delivered
3768,41,2026-08-07,online,delivered
3769,92,2026-05-24,online,delivered
3770,92,2026-08-04,online,delivered
3771,34,2026-12-03,online,cancelled
3772,49,2026-07-28,online,delivered
3773,13,2026-12-08,online,delivered
3774,14,2026-05-14,online,cancelled
3775,7,2026-12-07,physical,delivered
3776,24,2026-06-09,online,delivered
3777,24,2026-04-13,online,delivered
3778,33,2026-05-29,online,delivered
3779,33,2026-09-12,online,cancelled
3780,53,2026-07-08,physical,delivered
3781,89,2026-12-11,online,delivered
3782,64,2026-08-25,online,delivered
3783,24,2026-07-03,online,delivered
3784,33,2026-01-15,physical,delivered
3785,41,2026-03-08,online,delivered
3786,64,2026-04-17,online,delivered
3787,80,2026-10-13,online,cancelled
3788,11,2026-02-25,online,delivered
3789,69,2026-11-18,online,delivered
3790,64,2026-08-25,online,delivered
3791,53,2026-09-22,online,delivered
3792,75,2026-11-11,online,delivered
3793,72,2026-11-27,online,delivered
3794,21,2026-01-16,physical,delivered
3795,44,2026-06-03,online,delivered
3796,4,2026-12-12,online,delivered
3797,21,2026-12-08,online,delivered
3798,34,2026-05-09,online,delivered
3799,28,2026-09-26,online,delivered
3800,11,2026-04-03,online,delivered
3801,32,2026-01-20,online,delivered
3802,24,2026-10-17,online,delivered
3803,12,2026-07-04,online,delivered
3804,1,2026-12-24,online,shipped
3805,39,2026-04-15,physical,delivered
3806,44,2026-12-15,online,shipped
3807,69,2026-10-01,online,delivered
3808,84,2026-01-23,online,delivered
3809,33,2026-05-12,online,delivered
3810,13,2026-11-14,online,delivered
3811,2,2026-11-05,online,delivered
3812,39,2026-04-28,online,delivered
3813,70,2026-09-24,online,delivered
3814,70,2026-09-18,online,delivered
3815,41,2026-11-24,physical,delivered
3816,37,2026-07-10,online,delivered
3817,83,2026-12-11,physical,cancelled
3818,52,2026-09-23,online,cancelled
3819,69,2026-08-09,online,delivered
3820,24,2026-12-04,online,delivered
3821,47,2026-03-30,physical,delivered
3822,39,2026-02-22,online,delivered
3823,69,2026-09-17,online,delivered
3824,55,2026-10-16,online,cancelled
3825,83,2026-10-23,online,delivered
3826,40,2026-10-28,online,delivered
3827,16,2026-11-17,online,delivered
3828,39,2026-05-05,online,delivered
3829,44,2026-04-15,online,delivered
3830,81,2026-12-20,physical,shipped
3831,59,2026-06-11,online,delivered
3832,68,2026-11-25,online,delivered
3833,96,2026-11-22,online,delivered
3834,95,2026-04-27,online,delivered
3835,22,2026-03-14,physical,delivered
3836,89,2026-11-15,online,delivered
3837,39,2026-03-24,physical,delivered
3838,96,2026-12-26,online,shipped
3839,80,2026-10-14,online,delivered
3840,34,2026-10-15,online,delivered
3841,70,2026-10-28,physical,delivered
3842,96,2026-12-14,physical,shipped
3843,69,2026-10-29,online,delivered
3844,28,2026-12-03,physical,delivered
3845,51,2026-05-26,online,delivered
3846,28,2026-11-15,physical,cancelled
3847,84,2026-02-06,online,delivered
3848,72,2026-12-08,online,delivered
3849,61,2026-11-04,online,delivered
3850,8,2026-03-03,online,delivered
3851,56,2026-01-26,online,cancelled
3852,12,2026-05-01,online,delivered
3853,2,2026-10-03,physical,delivered
3854,24,2026-07-16,online,delivered
3855,68,2026-09-08,physical,delivered
3856,89,2026-09-17,online,delivered
3857,69,2026-12-19,physical,shipped
3858,59,2026-11-27,online,delivered
3859,32,2026-07-23,online,delivered
3860,94,2026-11-28,online,delivered
3861,28,2026-01-12,online,delivered
3862,11,2026-03-09,online,delivered
3863,95,2026-06-06,online,delivered
3864,80,2026-09-03,physical,delivered
3865,1,2026-11-22,online,cancelled
3866,76,2026-10-03,physical,delivered
3867,4,2026-04-07,physical,delivered
3868,49,2026-01-13,online,cancelled
3869,26,2026-06-27,online,delivered
3870,76,2026-10-02,online,delivered
3871,34,2026-12-23,online,shipped
3872,1,2026-05-20,online,delivered
3873,84,2026-10-16,physical,delivered
3874,94,2026-09-17,online,delivered
3875,32,2026-04-17,online,delivered
3876,26,2026-05-24,online,delivered
3877,12,2026-11-16,online,delivered
3878,44,2026-06-30,online,delivered
3879,28,2026-07-16,online,delivered
3880,10,2026-06-04,online,delivered
3881,28,2026-09-04,online,delivered
3882,54,2026-12-25,online,shipped
3883,28,2026-02-18,physical,delivered
3884,95,2026-12-13,online,cancelled
3885,72,2026-10-21,online,delivered
3886,71,2026-09-16,physical,cancelled
3887,39,2026-05-25,online,delivered
3888,95,2026-09-29,online,delivered
3889,59,2026-08-19,online,cancelled
3890,2,2026-06-23,online,delivered
3891,31,2026-03-10,online,delivered
3892,34,2026-12-05,online,cancelled
3893,64,2026-07-04,online,cancelled
3894,61,2026-08-16,online,delivered
3895,53,2026-08-03,online,cancelled
3896,53,2026-05-16,online,delivered
3897,28,2026-05-14,physical,delivered
3898,59,2026-03-05,physical,delivered
3899,26,2026-11-22,online,delivered
3900,96,2026-09-08,online,delivered
3901,91,2026-06-25,physical,delivered
3902,74,2026-06-18,online,delivered
3903,40,2026-01-11,physical,delivered
3904,93,2026-09-12,online,delivered
3905,92,2026-05-04,online,delivered
3906,44,2026-03-05,online,delivered
3907,22,2026-11-28,physical,delivered
3908,37,2026-08-11,online,delivered
3909,5,2026-10-30,physical,delivered
3910,93,2026-07-07,online,cancelled
3911,28,2026-11-29,online,delivered
3912,23,2026-03-27,physical,delivered
3913,93,2026-12-22,online,cancelled
3914,65,2026-03-29,online,delivered
3915,91,2026-08-09,online,delivered
3916,4,2026-04-15,physical,delivered
3917,17,2026-09-11,physical,delivered
3918,13,2026-06-09,online,delivered
3919,74,2026-09-15,online,delivered
3920,72,2026-10-20,online,cancelled
3921,37,2026-12-02,online,delivered
3922,19,2026-10-31,online,delivered
3923,69,2026-12-17,online,delivered
3924,47,2026-09-22,physical,delivered
3925,2,2026-01-04,online,delivered
3926,33,2026-07-04,online,delivered
3927,95,2026-05-14,online,delivered
3928,80,2026-11-29,physical,delivered
3929,61,2026-03-09,online,delivered
3930,23,2026-08-22,online,delivered
3931,18,2026-11-08,online,delivered
3932,1,2026-01-04,physical,delivered
3933,4,2026-03-28,online,delivered
3934,92,2026-07-22,online,delivered
3935,39,2026-08-25,online,delivered
3936,11,2026-11-09,physical,delivered
3937,60,2026-04-29,online,delivered
3938,41,2026-10-04,online,delivered
3939,39,2026-10-03,physical,delivered
3940,4,2026-09-07,online,delivered
3941,94,2026-10-02,physical,delivered
3942,68,2026-09-16,online,delivered
3943,8,2026-12-14,physical,shipped
3944,90,2026-06-22,physical,delivered
3945,75,2026-12-12,online,delivered
3946,17,2026-05-16,online,delivered
3947,95,2026-09-18,online,delivered
3948,53,2026-04-08,online,delivered
3949,80,2026-09-07,online,delivered
3950,79,2026-11-08,online,cancelled
3951,44,2026-04-28,online,delivered
3952,20,2026-09-20,online,cancelled
3953,82,2026-11-07,online,delivered
3954,64,2026-11-17,physical,delivered
3955,1,2026-08-31,physical,delivered
3956,64,2026-06-04,online,delivered
3957,54,2026-08-15,online,delivered
3958,67,2026-07-15,online,delivered
3959,22,2026-01-03,online,delivered
3960,94,2026-11-17,online,delivered
3961,28,2026-09-15,online,delivered
3962,73,2026-12-24,online,shipped
3963,37,2026-11-22,online,delivered
3964,1,2026-05-26,online,delivered
3965,61,2026-08-07,online,delivered
3966,13,2026-09-09,online,delivered
3967,7,2026-08-19,online,delivered
3968,32,2026-08-25,online,delivered
3969,18,2026-04-20,physical,delivered
3970,69,2026-09-16,physical,cancelled
3971,7,2026-09-23,online,delivered
3972,71,2026-07-26,online,delivered
3973,1,2026-07-07,online,cancelled
3974,68,2026-04-29,online,delivered
3975,28,2026-05-11,online,delivered
3976,31,2026-04-18,online,delivered
3977,33,2026-09-06,online,delivered
3978,95,2026-07-28,physical,delivered
3979,30,2026-12-01,online,delivered
3980,72,2026-11-14,online,delivered
3981,87,2026-05-23,physical,delivered
3982,76,2026-11-30,online,delivered
3983,33,2026-10-04,online,delivered
3984,37,2026-12-13,online,delivered
3985,2,2026-09-11,online,delivered
3986,1,2026-04-27,online,delivered
3987,4,2026-03-15,online,delivered
3988,54,2026-02-28,online,delivered
3989,2,2026-07-20,online,delivered
3990,75,2026-11-25,physical,delivered
3991,1,2026-04-04,online,delivered
3992,71,2026-07-07,online,delivered
3993,39,2026-11-09,physical,delivered
3994,40,2026-11-29,online,cancelled
3995,41,2026-11-08,online,delivered
3996,69,2026-12-25,online,shipped
3997,82,2026-12-08,online,cancelled
3998,90,2026-07-02,online,delivered
3999,23,2026-09-14,online,delivered
4000,79,2026-09-12,physical,delivered
4001,96,2026-11-29,physical,delivered
4002,59,2026-02-24,online,delivered
4003,39,2026-10-08,online,delivered
4004,69,2026-07-25,online,delivered
4005,13,2026-09-12,online,delivered
4006,39,2026-07-13,physical,cancelled
4007,85,2026-06-13,online,delivered
4008,40,2026-04-11,physical,cancelled
4009,40,2026-12-19,physical,shipped
4010,52,2026-06-12,online,delivered
4011,64,2026-06-07,online,delivered
4012,12,2026-05-31,physical,delivered
4013,33,2026-10-14,physical,delivered
4014,28,2026-01-14,online,delivered
4015,40,2026-08-15,online,delivered
4016,40,2026-10-02,online,delivered
4017,73,2026-09-10,online,delivered
4018,47,2026-11-13,physical,delivered
4019,13,2026-03-15,online,delivered
4020,96,2026-09-24,online,delivered
4021,13,2026-10-10,online,delivered
4022,69,2026-12-06,online,delivered
4023,67,2026-08-08,online,delivered
4024,19,2026-09-24,online,delivered
4025,32,2026-07-27,physical,delivered
4026,96,2026-11-20,online,delivered
4027,21,2026-11-01,online,delivered
4028,84,2026-07-19,physical,delivered
4029,70,2026-12-03,online,delivered
4030,98,2026-08-14,online,delivered
4031,93,2026-10-29,online,delivered
4032,37,2026-04-27,physical,delivered
4033,13,2026-11-25,online,delivered
4034,40,2026-03-08,online,delivered
4035,98,2026-12-08,physical,shipped
4036,64,2026-12-07,online,cancelled
4037,69,2026-11-06,online,delivered
4038,69,2026-08-25,online,delivered
4039,34,2026-04-25,physical,delivered
4040,11,2026-02-07,online,delivered
4041,23,2026-07-02,online,cancelled
4042,1,2026-02-19,online,delivered
4043,8,2026-10-15,online,cancelled
4044,28,2026-04-11,physical,delivered
4045,41,2026-10-09,online,delivered
4046,64,2026-11-10,online,delivered
4047,53,2026-08-06,physical,delivered
4048,39,2026-10-24,online,cancelled
4049,96,2026-08-24,physical,cancelled
4050,37,2026-09-21,online,delivered
4051,84,2026-05-26,online,delivered
4052,86,2026-11-16,online,delivered
4053,72,2026-10-27,online,delivered
4054,68,2026-06-30,physical,delivered
4055,95,2026-08-08,physical,delivered
4056,44,2026-03-28,online,delivered
4057,37,2026-10-17,online,delivered
4058,96,2026-09-17,online,delivered
4059,33,2026-06-13,physical,delivered
4060,18,2026-11-03,online,delivered
4061,17,2026-12-11,online,shipped
4062,51,2026-05-09,online,delivered
4063,32,2026-05-25,online,delivered
4064,96,2026-09-08,online,delivered
4065,40,2026-08-16,online,delivered
4066,1,2026-04-25,online,delivered
4067,96,2026-10-18,online,cancelled
4068,34,2026-11-27,online,delivered
4069,39,2026-02-15,online,delivered
4070,7,2026-07-02,online,delivered
4071,28,2026-01-21,online,delivered
4072,39,2026-12-03,physical,delivered
4073,70,2026-11-26,online,delivered
4074,92,2026-11-27,online,cancelled
4075,89,2026-12-12,online,shipped
4076,20,2026-08-30,physical,delivered
4077,40,2026-01-28,online,delivered
4078,8,2026-07-03,online,delivered
4079,77,2026-11-07,online,delivered
4080,47,2026-07-14,online,delivered
4081,72,2026-10-30,online,delivered
4082,54,2026-12-03,online,delivered
4083,58,2026-09-22,online,delivered
4084,60,2026-05-29,online,delivered
4085,76,2026-11-18,online,delivered
4086,7,2026-04-26,online,delivered
4087,68,2026-09-12,online,cancelled
4088,53,2026-01-21,physical,delivered
4089,75,2026-12-16,online,cancelled
4090,28,2026-11-28,online,delivered
4091,100,2026-04-15,online,delivered
4092,20,2026-02-23,online,delivered
4093,47,2026-03-19,online,delivered
4094,41,2026-05-14,online,delivered
4095,90,2026-07-04,online,delivered
4096,51,2026-08-10,online,delivered
4097,28,2026-12-13,physical,delivered
4098,76,2026-12-25,physical,shipped
4099,59,2026-06-27,online,delivered
4100,28,2026-02-25,online,delivered
4101,37,2026-05-03,online,delivered
4102,13,2026-12-01,online,delivered
4103,68,2026-06-14,online,delivered
4104,1,2026-10-30,online,delivered
4105,71,2026-07-16,physical,delivered
4106,7,2026-07-09,online,delivered
4107,7,2026-05-10,physical,delivered
4108,80,2026-11-26,online,delivered
4109,93,2026-06-22,online,delivered
4110,60,2026-05-02,online,delivered
4111,80,2026-11-27,online,delivered
4112,93,2026-05-07,physical,delivered
4113,70,2026-07-26,physical,cancelled
4114,8,2026-06-25,online,delivered
4115,69,2026-09-12,online,delivered
4116,14,2026-03-23,online,delivered
4117,1,2026-10-23,online,delivered
4118,68,2026-06-09,online,delivered
4119,68,2026-11-14,online,delivered
4120,4,2026-10-24,online,delivered
4121,70,2026-08-25,online,delivered
4122,80,2026-10-30,online,delivered
4123,93,2026-05-19,online,delivered
4124,21,2026-02-20,online,delivered
4125,36,2026-08-27,online,delivered
4126,21,2026-06-18,online,delivered
4127,26,2026-09-04,online,delivered
4128,19,2026-06-16,online,delivered
4129,95,2026-08-27,online,delivered
4130,60,2026-06-16,online,delivered
4131,91,2026-11-22,online,delivered
4132,41,2026-05-29,online,delivered
4133,46,2026-01-02,online,delivered
4134,84,2026-01-30,physical,delivered
4135,80,2026-11-07,online,delivered
4136,2,2026-03-19,online,delivered
4137,94,2026-12-29,online,processing
4138,28,2026-05-25,online,delivered
4139,72,2026-10-20,online,cancelled
4140,96,2026-09-20,online,cancelled
4141,100,2026-12-06,online,delivered
4142,96,2026-12-28,online,shipped
4143,44,2026-07-26,online,delivered
4144,24,2026-03-16,online,delivered
4145,7,2026-01-07,online,delivered
4146,11,2026-09-20,online,delivered
4147,80,2026-07-27,online,delivered
4148,72,2026-12-18,online,cancelled
4149,98,2026-07-02,online,delivered
4150,7,2026-03-29,online,delivered
4151,61,2026-09-27,online,delivered
4152,69,2026-09-25,physical,delivered
4153,96,2026-09-18,online,delivered
4154,73,2026-03-22,physical,delivered
4155,53,2026-02-09,online,delivered
4156,7,2026-05-29,online,delivered
4157,72,2026-12-06,online,delivered
4158,11,2026-08-17,online,delivered
4159,24,2026-04-29,physical,delivered
4160,24,2026-03-06,online,cancelled
4161,39,2026-01-26,online,delivered
4162,24,2026-11-16,online,cancelled
4163,92,2026-05-02,online,delivered
4164,2,2026-04-26,online,delivered
4165,66,2026-06-19,online,delivered
4166,40,2026-06-27,physical,delivered
4167,88,2026-11-08,physical,delivered
4168,33,2026-07-22,online,cancelled
4169,39,2026-08-20,online,delivered
4170,2,2026-07-23,online,delivered
4171,53,2026-05-12,online,delivered
4172,70,2026-10-18,online,delivered
4173,84,2026-12-26,online,shipped
4174,28,2026-09-24,online,delivered
4175,69,2026-08-15,physical,delivered
4176,93,2026-08-26,online,delivered
4177,77,2026-12-06,online,delivered
4178,12,2026-05-20,online,delivered
4179,24,2026-10-19,physical,delivered
4180,52,2026-03-15,online,delivered
4181,1,2026-03-06,physical,delivered
4182,92,2026-09-18,online,delivered
4183,52,2026-01-08,online,delivered
4184,64,2026-03-30,physical,delivered
4185,70,2026-09-07,online,delivered
4186,28,2026-10-10,online,delivered
4187,91,2026-07-10,online,delivered
4188,80,2026-09-06,online,delivered
4189,23,2026-10-13,online,cancelled
4190,89,2026-08-26,online,delivered
4191,77,2026-12-16,online,delivered
4192,49,2026-07-15,online,delivered
4193,1,2026-03-07,physical,delivered
4194,39,2026-02-17,online,delivered
4195,68,2026-08-25,online,delivered
4196,11,2026-10-04,online,cancelled
4197,70,2026-11-29,online,delivered
4198,1,2026-11-04,online,delivered
4199,36,2026-01-15,online,delivered
4200,37,2026-05-26,online,cancelled
4201,13,2026-12-07,online,delivered
4202,17,2026-09-06,online,delivered
4203,2,2026-04-10,online,delivered
4204,68,2026-10-29,online,delivered
4205,100,2026-10-16,online,delivered
4206,89,2026-08-31,physical,delivered
4207,53,2026-08-19,physical,delivered
4208,69,2026-07-30,online,delivered
4209,1,2026-09-15,physical,delivered
4210,80,2026-08-16,online,delivered
4211,53,2026-09-11,online,delivered
4212,20,2026-11-21,online,delivered
4213,69,2026-07-24,online,delivered
4214,96,2026-07-29,physical,delivered
4215,33,2026-09-25,physical,delivered
4216,56,2026-02-14,physical,delivered
4217,44,2026-06-11,online,delivered
4218,24,2026-06-22,online,delivered
4219,32,2026-05-28,online,delivered
4220,39,2026-02-17,online,delivered
4221,90,2026-08-27,online,delivered
4222,23,2026-04-09,online,delivered
4223,37,2026-07-04,online,delivered
4224,53,2026-09-30,physical,delivered
4225,69,2026-08-19,online,delivered
4226,35,2026-03-21,online,delivered
4227,51,2026-09-27,online,delivered
4228,54,2026-09-24,physical,delivered
4229,90,2026-09-28,physical,delivered
4230,72,2026-10-19,online,delivered
4231,8,2026-04-27,online,delivered
4232,28,2026-06-13,online,delivered
4233,47,2026-09-14,online,delivered
4234,69,2026-08-09,physical,delivered
4235,53,2026-09-15,online,delivered
4236,69,2026-10-30,online,delivered
4237,72,2026-11-14,physical,delivered
4238,54,2026-08-30,physical,delivered
4239,82,2026-12-10,online,delivered
4240,34,2026-09-30,online,delivered
4241,94,2026-09-05,online,cancelled
4242,79,2026-10-20,online,cancelled
4243,96,2026-12-28,online,processing
4244,90,2026-03-08,physical,delivered
4245,40,2026-07-18,physical,delivered
4246,64,2026-10-07,online,delivered
4247,47,2026-08-28,physical,delivered
4248,96,2026-08-11,online,cancelled
4249,22,2026-04-20,online,cancelled
4250,21,2026-02-14,online,delivered
4251,91,2026-07-01,online,delivered
4252,60,2026-07-13,online,delivered
4253,51,2026-03-19,online,delivered
4254,60,2026-08-25,physical,delivered
4255,24,2026-03-19,online,delivered
4256,60,2026-10-30,online,delivered
4257,37,2026-04-13,online,delivered
4258,84,2026-12-04,online,delivered
4259,57,2026-07-23,online,delivered
4260,69,2026-08-29,online,delivered
4261,44,2026-05-20,online,delivered
4262,1,2026-10-01,online,cancelled
4263,11,2026-06-09,online,cancelled
4264,28,2026-04-25,online,delivered
4265,28,2026-03-04,physical,delivered
4266,53,2026-01-16,online,delivered
4267,1,2026-08-01,online,delivered
4268,64,2026-07-12,online,delivered
4269,92,2026-07-04,online,cancelled
4270,80,2026-12-07,online,delivered
4271,12,2026-12-29,online,processing
4272,8,2026-07-06,online,delivered
4273,77,2026-11-21,online,delivered
4274,52,2026-04-02,online,delivered
4275,93,2026-04-16,online,delivered
4276,32,2026-01-05,online,cancelled
4277,39,2026-09-18,online,delivered
4278,2,2026-02-04,online,cancelled
4279,29,2026-12-19,online,shipped
4280,70,2026-08-16,online,cancelled
4281,28,2026-11-21,online,delivered
4282,27,2026-08-11,online,delivered
4283,22,2026-09-17,online,delivered
4284,28,2026-07-11,online,delivered
4285,69,2026-08-18,online,delivered
4286,76,2026-12-29,physical,processing
4287,1,2026-02-04,online,delivered
4288,76,2026-12-12,online,shipped
4289,50,2026-07-18,online,delivered
4290,69,2026-08-04,online,delivered
4291,84,2026-10-24,physical,delivered
4292,93,2026-05-24,online,delivered
4293,7,2026-12-18,online,shipped
4294,82,2026-07-27,physical,delivered
4295,60,2026-09-08,online,cancelled
4296,5,2026-03-31,physical,delivered
4297,80,2026-10-23,online,delivered
4298,92,2026-08-07,online,delivered
4299,23,2026-04-13,online,delivered
4300,61,2026-06-30,online,delivered
4301,44,2026-01-20,online,delivered
4302,92,2026-05-23,physical,delivered
4303,28,2026-11-12,online,delivered
4304,18,2026-03-09,online,delivered
4305,32,2026-12-06,online,delivered
4306,81,2026-03-27,online,delivered
4307,14,2026-11-27,online,delivered
4308,45,2026-04-23,online,delivered
4309,70,2026-10-03,online,cancelled
4310,98,2026-12-15,online,delivered
4311,80,2026-09-25,online,delivered
4312,52,2026-06-15,online,delivered
4313,7,2026-10-14,online,cancelled
4314,24,2026-02-15,online,delivered
4315,76,2026-10-07,online,delivered
4316,84,2026-12-12,online,shipped
4317,52,2026-10-22,online,delivered
4318,30,2026-12-12,physical,cancelled
4319,2,2026-01-18,physical,delivered
4320,19,2026-01-04,online,delivered
4321,98,2026-05-20,online,delivered
4322,53,2026-09-15,physical,delivered
4323,37,2026-09-09,online,cancelled
4324,39,2026-03-08,online,delivered
4325,71,2026-10-20,online,delivered
4326,84,2026-06-03,online,delivered
4327,28,2026-12-14,physical,shipped
4328,41,2026-06-19,physical,delivered
4329,15,2026-08-30,physical,delivered
4330,28,2026-04-15,online,delivered
4331,13,2026-12-08,online,delivered
4332,28,2026-10-12,online,delivered
4333,31,2026-02-06,online,delivered
4334,32,2026-05-25,online,delivered
4335,61,2026-11-13,online,delivered
4336,71,2026-10-26,online,cancelled
4337,28,2026-03-13,online,delivered
4338,37,2026-02-14,online,delivered
4339,96,2026-10-05,online,delivered
4340,69,2026-10-06,online,delivered
4341,34,2026-06-27,online,delivered
4342,71,2026-09-28,online,delivered
4343,4,2026-11-21,online,delivered
4344,91,2026-10-17,online,delivered
4345,32,2026-09-25,physical,delivered
4346,69,2026-10-21,online,delivered
4347,100,2026-12-23,online,shipped
4348,31,2026-06-13,online,delivered
4349,75,2026-11-02,online,delivered
4350,33,2026-12-11,online,shipped
4351,67,2026-11-27,online,delivered
4352,71,2026-08-18,online,delivered
4353,91,2026-07-03,online,delivered
4354,94,2026-09-04,online,delivered
4355,74,2026-11-25,online,delivered
4356,12,2026-10-10,online,delivered
4357,30,2026-01-23,online,delivered
4358,44,2026-11-24,online,delivered
4359,16,2026-03-03,online,cancelled
4360,13,2026-02-10,online,delivered
4361,70,2026-10-14,online,delivered
4362,70,2026-11-17,online,delivered
4363,56,2026-07-07,online,delivered
4364,40,2026-11-08,physical,delivered
4365,96,2026-11-07,online,delivered
4366,94,2026-12-19,online,shipped
4367,12,2026-06-20,online,delivered
4368,28,2026-03-12,online,delivered
4369,94,2026-12-06,physical,delivered
4370,96,2026-10-01,online,delivered
4371,8,2026-10-30,online,delivered
4372,70,2026-10-03,online,delivered
4373,69,2026-11-16,online,delivered
4374,69,2026-07-26,physical,delivered
4375,37,2026-12-01,online,delivered
4376,95,2026-12-14,physical,delivered
4377,49,2026-12-08,online,delivered
4378,2,2026-11-22,online,cancelled
4379,11,2026-10-10,online,delivered
4380,22,2026-12-13,physical,delivered
4381,90,2026-03-18,online,delivered
4382,72,2026-12-04,online,delivered
4383,68,2026-10-11,online,delivered
4384,37,2026-02-13,online,delivered
4385,40,2026-12-11,online,delivered
4386,10,2026-06-09,online,delivered
4387,18,2026-06-21,online,delivered
4388,67,2026-07-04,physical,delivered
4389,50,2026-01-25,online,delivered
4390,10,2026-04-12,online,delivered
4391,71,2026-10-15,online,delivered
4392,74,2026-03-04,online,delivered
4393,72,2026-12-26,physical,shipped
4394,76,2026-12-21,physical,shipped
4395,31,2026-09-21,online,delivered
4396,3,2026-07-23,online,delivered
4397,13,2026-10-26,online,delivered
4398,64,2026-10-16,online,delivered
4399,96,2026-11-08,online,delivered
4400,18,2026-10-09,physical,delivered
4401,28,2026-08-08,physical,delivered
4402,61,2026-03-28,online,delivered
4403,59,2026-09-18,physical,delivered
4404,1,2026-12-06,online,delivered
4405,96,2026-09-23,online,delivered
4406,24,2026-07-21,physical,cancelled
4407,66,2026-09-18,online,delivered
4408,72,2026-12-24,online,shipped
4409,47,2026-09-30,online,delivered
4410,33,2026-08-29,online,delivered
4411,43,2026-02-06,online,delivered
4412,12,2026-06-18,online,delivered
4413,92,2026-12-27,online,shipped
4414,31,2026-10-10,physical,delivered
4415,84,2026-04-22,online,delivered
4416,96,2026-10-21,online,delivered
4417,69,2026-09-26,physical,delivered
4418,82,2026-12-24,online,shipped
4419,7,2026-05-30,physical,delivered
4420,71,2026-08-11,online,delivered
4421,28,2026-11-22,online,delivered
4422,77,2026-12-13,online,delivered
4423,4,2026-12-13,online,shipped
4424,8,2026-08-27,physical,delivered
4425,68,2026-04-26,online,delivered
4426,30,2026-01-05,online,delivered
4427,53,2026-09-07,physical,delivered
4428,37,2026-12-29,physical,shipped
4429,86,2026-05-06,online,delivered
4430,100,2026-08-31,online,delivered
4431,98,2026-09-26,online,delivered
4432,71,2026-12-24,online,shipped
4433,78,2026-11-23,physical,delivered
4434,37,2026-01-30,online,delivered
4435,69,2026-12-13,online,delivered
4436,57,2026-07-10,online,delivered
4437,34,2026-05-05,online,delivered
4438,52,2026-04-04,online,cancelled
4439,75,2026-09-02,online,delivered
4440,41,2026-04-19,online,delivered
4441,41,2026-01-20,online,cancelled
4442,29,2026-07-16,online,delivered
4443,10,2026-03-28,online,delivered
4444,68,2026-11-04,online,delivered
4445,76,2026-11-29,online,delivered
4446,28,2026-05-28,online,delivered
4447,52,2026-06-06,physical,delivered
4448,96,2026-12-25,online,cancelled
4449,33,2026-04-02,physical,delivered
4450,53,2026-01-31,online,delivered
4451,25,2026-06-28,online,delivered
4452,40,2026-06-22,online,delivered
4453,34,2026-11-08,physical,cancelled
4454,83,2026-11-17,online,delivered
4455,34,2026-06-24,online,delivered
4456,71,2026-07-19,physical,delivered
4457,24,2026-11-29,online,delivered
4458,88,2026-08-11,physical,delivered
4459,22,2026-06-23,online,delivered
4460,72,2026-11-18,physical,delivered
4461,41,2026-02-16,online,delivered
4462,53,2026-07-13,online,cancelled
4463,8,2026-10-17,online,delivered
4464,84,2026-09-26,online,delivered
4465,33,2026-01-07,online,delivered
4466,2,2026-02-09,online,delivered
4467,4,2026-06-06,physical,delivered
4468,39,2026-06-10,online,delivered
4469,41,2026-01-14,online,delivered
4470,99,2026-12-10,online,cancelled
4471,31,2026-08-02,online,delivered
4472,86,2026-03-07,online,delivered
4473,11,2026-11-17,physical,cancelled
4474,68,2026-05-10,online,delivered
4475,36,2026-11-04,online,delivered
4476,15,2026-08-23,online,delivered
4477,1,2026-08-29,online,delivered
4478,24,2026-09-05,online,cancelled
4479,1,2026-04-29,online,delivered
4480,37,2026-12-12,physical,cancelled
4481,95,2026-10-07,physical,cancelled
4482,2,2026-08-07,online,delivered
4483,76,2026-10-18,online,delivered
4484,72,2026-12-21,online,shipped
4485,28,2026-09-18,online,delivered
4486,33,2026-06-27,online,delivered
4487,28,2026-05-13,online,delivered
4488,23,2026-05-22,online,delivered
4489,86,2026-03-28,online,delivered
4490,53,2026-11-14,online,delivered
4491,44,2026-03-28,online,delivered
4492,50,2026-11-24,online,delivered
4493,28,2026-06-26,online,delivered
4494,24,2026-05-09,online,delivered
4495,95,2026-10-27,physical,cancelled
4496,100,2026-12-11,physical,delivered
4497,53,2026-08-29,online,delivered
4498,61,2026-08-21,online,delivered
4499,51,2026-07-03,online,delivered
4500,39,2026-10-06,online,delivered
4501,30,2026-09-13,online,delivered
4502,72,2026-11-23,physical,delivered
4503,70,2026-12-12,online,shipped
4504,42,2026-06-25,online,delivered
4505,98,2026-05-11,physical,delivered
4506,75,2026-07-18,physical,delivered
4507,53,2026-10-22,online,delivered
4508,10,2026-09-13,online,delivered
4509,90,2026-04-23,online,delivered
4510,44,2026-01-01,online,delivered
4511,22,2026-05-13,online,delivered
4512,11,2026-05-18,online,delivered
4513,85,2026-10-23,online,cancelled
4514,37,2026-11-07,physical,delivered
4515,67,2026-08-21,online,delivered
4516,92,2026-11-13,online,delivered
4517,39,2026-07-22,online,delivered
4518,69,2026-10-01,online,delivered
4519,76,2026-12-05,physical,delivered
4520,70,2026-08-15,online,delivered
4521,44,2026-01-18,online,delivered
4522,93,2026-06-17,physical,delivered
4523,11,2026-07-11,online,delivered
4524,37,2026-02-24,online,delivered
4525,2,2026-11-16,online,delivered
4526,89,2026-11-09,online,delivered
4527,66,2026-04-09,online,delivered
4528,32,2026-04-09,online,delivered
4529,39,2026-08-26,online,delivered
4530,14,2026-03-18,physical,delivered
4531,41,2026-03-14,online,delivered
4532,41,2026-02-16,physical,delivered
4533,64,2026-12-28,online,processing
4534,32,2026-11-27,online,delivered
4535,72,2026-11-26,online,delivered
4536,7,2026-03-25,online,delivered
4537,36,2026-06-27,online,delivered
4538,69,2026-12-28,online,shipped
4539,39,2026-10-31,online,cancelled
4540,4,2026-03-16,online,delivered
4541,40,2026-10-06,online,delivered
4542,10,2026-05-12,physical,delivered
4543,96,2026-08-09,online,delivered
4544,71,2026-11-22,physical,delivered
4545,99,2026-10-21,online,cancelled
4546,30,2026-12-26,online,shipped
4547,20,2026-09-03,online,delivered
4548,8,2026-11-22,online,delivered
4549,28,2026-09-19,online,delivered
4550,34,2026-08-17,physical,delivered
4551,41,2026-02-17,physical,delivered
4552,36,2026-10-27,online,cancelled
4553,97,2026-12-21,online,delivered
4554,89,2026-11-17,online,delivered
4555,28,2026-06-27,online,cancelled
4556,96,2026-11-24,online,cancelled
4557,75,2026-10-22,online,delivered
4558,53,2026-07-15,online,delivered
4559,4,2026-02-22,online,delivered
4560,92,2026-10-25,online,delivered
4561,41,2026-01-02,online,delivered
4562,47,2026-07-25,online,delivered
4563,14,2026-10-13,online,delivered
4564,44,2026-01-19,physical,delivered
4565,95,2026-10-24,online,delivered
4566,22,2026-12-30,online,processing
4567,69,2026-10-13,online,delivered
4568,14,2026-11-22,online,delivered
4569,69,2026-11-11,physical,delivered
4570,93,2026-10-19,online,delivered
4571,84,2026-08-01,online,delivered
4572,39,2026-10-31,online,delivered
4573,28,2026-12-24,online,cancelled
4574,68,2026-06-12,online,delivered
4575,8,2026-09-26,online,delivered
4576,17,2026-08-13,physical,delivered
4577,41,2026-03-09,online,delivered
4578,94,2026-12-29,online,processing
4579,54,2026-11-13,physical,cancelled
4580,20,2026-02-19,online,delivered
4581,68,2026-05-15,physical,delivered
4582,56,2026-05-31,online,delivered
4583,17,2026-09-13,online,delivered
4584,7,2026-08-22,online,delivered
4585,59,2026-08-24,online,delivered
4586,73,2026-06-04,online,delivered
4587,7,2026-07-15,online,delivered
4588,69,2026-10-03,physical,delivered
4589,32,2026-06-12,online,delivered
4590,27,2026-08-25,online,delivered
4591,100,2026-11-11,online,delivered
4592,10,2026-10-24,online,delivered
4593,84,2026-04-22,physical,delivered
4594,24,2026-04-17,online,delivered
4595,69,2026-10-06,online,delivered
4596,70,2026-09-30,online,delivered
4597,80,2026-09-22,online,cancelled
4598,37,2026-06-25,online,delivered
4599,84,2026-11-24,online,cancelled
4600,76,2026-10-10,online,delivered
4601,72,2026-11-01,online,cancelled
4602,24,2026-06-10,online,delivered
4603,64,2026-08-22,online,delivered
4604,21,2026-09-29,physical,cancelled
4605,44,2026-12-11,online,delivered
4606,28,2026-10-18,online,delivered
4607,85,2026-09-05,online,delivered
4608,70,2026-09-22,online,delivered
4609,59,2026-11-24,physical,delivered
4610,69,2026-12-04,physical,delivered
4611,57,2026-08-01,online,delivered
4612,54,2026-12-01,online,delivered
4613,95,2026-07-23,physical,delivered
4614,47,2026-10-04,online,delivered
4615,68,2026-11-05,online,delivered
4616,76,2026-11-28,online,delivered
4617,39,2026-03-26,online,delivered
4618,72,2026-11-07,online,cancelled
4619,93,2026-07-05,online,delivered
4620,70,2026-11-24,online,delivered
4621,96,2026-12-05,online,delivered
4622,77,2026-11-17,physical,cancelled
4623,53,2026-09-24,online,delivered
4624,91,2026-10-02,online,delivered
4625,12,2026-12-24,online,shipped
4626,44,2026-09-19,physical,cancelled
4627,7,2026-02-21,online,delivered
4628,69,2026-12-05,online,delivered
4629,60,2026-09-10,online,delivered
4630,47,2026-03-11,online,delivered
4631,73,2026-08-14,online,delivered
4632,60,2026-07-30,online,delivered
4633,36,2026-09-27,online,delivered
4634,16,2026-09-05,physical,delivered
4635,9,2026-05-06,online,delivered
4636,12,2026-10-03,online,delivered
4637,90,2026-03-12,online,delivered
4638,20,2026-10-23,physical,delivered
4639,40,2026-05-17,online,delivered
4640,60,2026-08-07,online,delivered
4641,40,2026-07-06,online,delivered
4642,59,2026-08-15,online,delivered
4643,34,2026-08-10,physical,delivered
4644,10,2026-09-17,online,delivered
4645,76,2026-12-05,online,delivered
4646,59,2026-06-12,online,delivered
4647,68,2026-12-22,online,shipped
4648,54,2026-10-18,online,delivered
4649,69,2026-11-01,online,delivered
4650,53,2026-04-22,online,delivered
4651,28,2026-12-07,online,delivered
4652,67,2026-12-07,online,delivered
4653,90,2026-07-10,online,cancelled
4654,28,2026-11-10,online,delivered
4655,69,2026-07-23,physical,delivered
4656,76,2026-11-17,physical,delivered
4657,11,2026-02-11,online,delivered
4658,69,2026-07-25,online,delivered
4659,61,2026-05-28,online,delivered
4660,28,2026-02-26,online,delivered
4661,71,2026-07-05,online,delivered
4662,93,2026-05-06,physical,delivered
4663,31,2026-03-19,online,delivered
4664,68,2026-07-17,physical,delivered
4665,64,2026-10-19,online,delivered
4666,75,2026-11-29,online,cancelled
4667,37,2026-03-04,online,delivered
4668,69,2026-09-14,online,delivered
4669,84,2026-10-08,physical,delivered
4670,93,2026-07-21,online,delivered
4671,37,2026-02-26,online,delivered
4672,4,2026-11-22,physical,delivered
4673,80,2026-08-08,online,cancelled
4674,24,2026-09-26,online,delivered
4675,93,2026-08-07,online,delivered
4676,48,2026-03-21,online,delivered
4677,41,2026-10-20,online,delivered
4678,37,2026-07-30,physical,cancelled
4679,84,2026-01-28,online,delivered
4680,57,2026-05-20,online,delivered
4681,41,2026-11-13,physical,delivered
4682,98,2026-09-19,online,delivered
4683,39,2026-02-09,physical,delivered
4684,23,2026-08-28,online,delivered
4685,37,2026-12-04,physical,delivered
4686,12,2026-09-20,online,cancelled
4687,1,2026-10-15,online,delivered
4688,71,2026-09-10,online,delivered
4689,31,2026-10-16,physical,delivered
4690,59,2026-09-09,online,delivered
4691,59,2026-08-06,online,delivered
4692,76,2026-11-04,online,delivered
4693,72,2026-11-11,online,delivered
4694,51,2026-07-18,online,delivered
4695,19,2026-11-01,physical,delivered
4696,80,2026-12-28,online,shipped
4697,84,2026-11-22,online,delivered
4698,94,2026-12-23,online,shipped
4699,23,2026-04-22,online,delivered
4700,1,2026-09-27,online,delivered
4701,53,2026-09-16,online,cancelled
4702,28,2026-01-19,online,delivered
4703,72,2026-11-25,online,delivered
4704,2,2026-05-31,physical,delivered
4705,82,2026-09-27,online,delivered
4706,32,2026-11-03,online,delivered
4707,12,2026-09-24,online,delivered
4708,18,2026-05-02,online,delivered
4709,21,2026-08-03,online,delivered
4710,96,2026-07-30,physical,delivered
4711,82,2026-04-24,physical,delivered
4712,28,2026-10-16,online,delivered
4713,92,2026-07-21,online,delivered
4714,37,2026-03-20,physical,delivered
4715,68,2026-12-02,online,delivered
4716,12,2026-12-04,online,delivered
4717,40,2026-10-31,online,delivered
4718,2,2026-12-01,online,cancelled
4719,92,2026-10-04,online,delivered
4720,22,2026-11-19,online,delivered
4721,68,2026-07-01,online,cancelled
4722,91,2026-10-10,online,delivered
4723,1,2026-10-21,online,delivered
4724,22,2026-08-17,online,delivered
4725,25,2026-08-01,online,delivered
4726,16,2026-10-14,physical,cancelled
4727,33,2026-08-23,physical,delivered
4728,32,2026-03-18,online,delivered
4729,33,2026-10-29,online,delivered
4730,76,2026-12-07,online,delivered
4731,11,2026-03-17,physical,delivered
4732,88,2026-05-24,online,delivered
4733,11,2026-06-24,online,delivered
4734,4,2026-03-10,online,delivered
4735,17,2026-09-23,physical,delivered
4736,41,2026-01-29,physical,delivered
4737,8,2026-03-14,online,delivered
4738,19,2026-03-09,physical,delivered
4739,1,2026-10-13,online,delivered
4740,69,2026-10-28,online,delivered
4741,69,2026-08-13,physical,delivered
4742,1,2026-05-27,online,delivered
4743,28,2026-01-16,online,cancelled
4744,84,2026-07-01,online,delivered
4745,24,2026-04-19,physical,delivered
4746,69,2026-11-06,online,delivered
4747,64,2026-04-13,online,delivered
4748,80,2026-08-21,online,delivered
4749,90,2026-03-30,online,delivered
4750,39,2026-08-15,online,delivered
4751,36,2026-11-25,online,delivered
4752,69,2026-09-08,online,delivered
4753,76,2026-09-28,online,delivered
4754,32,2026-05-09,online,delivered
4755,40,2026-07-01,online,delivered
4756,52,2026-10-03,online,delivered
4757,14,2026-03-02,online,delivered
4758,28,2026-01-16,online,delivered
4759,69,2026-08-19,online,delivered
4760,61,2026-12-27,online,cancelled
4761,45,2026-05-06,online,delivered
4762,18,2026-08-20,physical,delivered
4763,36,2026-01-20,online,delivered
4764,15,2026-10-28,physical,delivered
4765,42,2026-12-29,physical,processing
4766,9,2026-08-31,online,delivered
4767,13,2026-08-28,online,delivered
4768,53,2026-11-24,online,delivered
4769,60,2026-09-15,online,delivered
4770,64,2026-04-27,online,delivered
4771,22,2026-07-10,physical,cancelled
4772,93,2026-11-23,online,delivered
4773,96,2026-11-03,online,delivered
4774,17,2026-05-20,online,cancelled
4775,77,2026-10-27,online,delivered
4776,98,2026-12-27,online,shipped
4777,5,2026-05-04,online,delivered
4778,97,2026-11-16,physical,delivered
4779,68,2026-06-29,online,delivered
4780,69,2026-08-25,physical,delivered
4781,82,2026-11-07,online,delivered
4782,22,2026-01-27,online,delivered
4783,69,2026-12-20,online,shipped
4784,70,2026-11-01,online,delivered
4785,32,2026-03-03,physical,delivered
4786,91,2026-10-29,online,delivered
4787,73,2026-08-29,online,delivered
4788,72,2026-12-10,online,delivered
4789,34,2026-06-06,online,delivered
4790,66,2026-04-03,online,delivered
4791,76,2026-10-31,online,delivered
4792,22,2026-03-27,physical,delivered
4793,59,2026-12-10,online,delivered
4794,71,2026-09-05,online,delivered
4795,33,2026-09-15,online,delivered
4796,24,2026-05-09,online,delivered
4797,17,2026-05-09,online,delivered
4798,4,2026-05-21,online,delivered
4799,53,2026-04-25,online,delivered
4800,47,2026-03-26,online,delivered
4801,95,2026-11-19,online,delivered
4802,16,2026-07-26,online,delivered
4803,92,2026-10-16,online,delivered
4804,37,2026-08-07,online,delivered
4805,60,2026-11-16,online,delivered
4806,22,2026-10-20,online,delivered
4807,68,2026-12-13,online,shipped
4808,84,2026-01-19,online,delivered
4809,70,2026-08-17,online,delivered
4810,86,2026-11-21,online,delivered
4811,39,2026-05-15,online,delivered
4812,76,2026-11-10,online,delivered
4813,2,2026-04-04,online,delivered
4814,96,2026-11-21,online,delivered
4815,69,2026-11-17,physical,delivered
4816,84,2026-09-14,physical,delivered
4817,1,2026-04-05,physical,cancelled
4818,26,2026-01-16,online,delivered
4819,2,2026-09-23,online,delivered
4820,64,2026-12-10,online,shipped
4821,93,2026-08-17,physical,delivered
4822,44,2026-05-29,online,delivered
4823,66,2026-04-12,physical,delivered
4824,93,2026-09-11,online,delivered
4825,76,2026-10-22,online,delivered
4826,52,2026-07-29,online,delivered
4827,69,2026-12-08,online,delivered
4828,100,2026-06-05,physical,delivered
4829,41,2026-01-10,physical,delivered
4830,100,2026-09-04,online,delivered
4831,84,2026-12-01,online,delivered
4832,1,2026-10-27,online,delivered
4833,17,2026-05-26,physical,delivered
4834,84,2026-08-03,online,delivered
4835,41,2026-11-08,online,delivered
4836,28,2026-07-17,online,delivered
4837,59,2026-06-23,online,delivered
4838,45,2026-07-09,online,delivered
4839,96,2026-07-28,online,delivered
4840,72,2026-11-16,online,cancelled
4841,72,2026-12-21,online,shipped
4842,32,2026-03-16,online,delivered
4843,84,2026-05-20,online,delivered
4844,4,2026-07-19,online,delivered
4845,64,2026-02-01,online,delivered
4846,96,2026-08-07,online,delivered
4847,28,2026-03-07,online,delivered
4848,37,2026-10-28,online,delivered
4849,70,2026-11-07,online,delivered
4850,21,2026-07-27,online,cancelled
4851,52,2026-01-03,online,cancelled
4852,60,2026-09-01,online,cancelled
4853,94,2026-08-22,physical,delivered
4854,28,2026-03-23,online,delivered
4855,93,2026-12-15,online,cancelled
4856,54,2026-10-28,online,delivered
4857,75,2026-08-10,online,delivered
4858,40,2026-12-02,online,delivered
4859,69,2026-12-01,online,delivered
4860,80,2026-10-17,physical,delivered
4861,72,2026-10-29,online,delivered
4862,74,2026-05-18,online,delivered
4863,67,2026-10-08,online,delivered
4864,47,2026-11-18,physical,delivered
4865,60,2026-09-30,online,delivered
4866,72,2026-12-29,physical,processing
4867,79,2026-10-27,online,cancelled
4868,71,2026-07-13,physical,delivered
4869,24,2026-10-18,online,delivered
4870,33,2026-09-24,online,delivered
4871,84,2026-03-16,online,delivered
4872,95,2026-04-02,online,delivered
4873,33,2026-06-28,online,delivered
4874,22,2026-10-06,physical,delivered
4875,82,2026-08-25,online,delivered
4876,40,2026-01-15,physical,delivered
4877,1,2026-02-03,online,delivered
4878,44,2026-01-29,online,delivered
4879,72,2026-10-24,online,delivered
4880,55,2026-03-11,online,delivered
4881,66,2026-06-04,online,delivered
4882,69,2026-11-06,online,delivered
4883,20,2026-01-28,physical,delivered
4884,68,2026-11-14,physical,delivered
4885,54,2026-11-16,online,delivered
4886,38,2026-03-30,online,delivered
4887,90,2026-05-07,online,delivered
4888,90,2026-07-04,physical,delivered
4889,98,2026-08-25,online,cancelled
4890,41,2026-06-25,online,delivered
4891,20,2026-09-02,online,delivered
4892,68,2026-09-09,online,delivered
4893,21,2026-06-18,physical,delivered
4894,2,2026-05-03,online,delivered
4895,41,2026-01-07,physical,delivered
4896,82,2026-09-17,online,delivered
4897,36,2026-09-19,online,delivered
4898,73,2026-03-17,online,cancelled
4899,60,2026-07-27,online,delivered
4900,96,2026-07-21,online,delivered
4901,67,2026-10-28,online,cancelled
4902,92,2026-12-11,online,delivered
4903,69,2026-08-02,online,delivered
4904,22,2026-10-21,online,delivered
4905,39,2026-10-17,online,delivered
4906,8,2026-08-16,physical,delivered
4907,40,2026-01-18,physical,delivered
4908,95,2026-12-21,online,shipped
4909,76,2026-12-19,online,delivered
4910,68,2026-05-03,online,delivered
4911,60,2026-05-19,online,delivered
4912,28,2026-12-27,online,shipped
4913,1,2026-07-15,online,delivered
4914,47,2026-02-11,physical,delivered
4915,77,2026-11-17,online,delivered
4916,80,2026-12-26,online,shipped
4917,7,2026-09-24,physical,cancelled
4918,68,2026-07-31,online,delivered
4919,32,2026-08-24,physical,delivered
4920,10,2026-02-03,online,delivered
4921,61,2026-04-20,online,delivered
4922,37,2026-10-25,online,cancelled
4923,96,2026-10-12,online,delivered
4924,2,2026-05-29,online,delivered
4925,32,2026-06-03,online,delivered
4926,84,2026-12-01,online,delivered
4927,51,2026-09-14,physical,delivered
4928,76,2026-09-30,physical,delivered
4929,69,2026-10-21,online,delivered
4930,30,2026-03-02,physical,delivered
4931,53,2026-07-27,online,delivered
4932,36,2026-03-27,online,cancelled
4933,31,2026-02-22,online,delivered
4934,81,2026-12-27,online,shipped
4935,23,2026-06-01,physical,delivered
4936,72,2026-12-10,online,shipped
4937,8,2026-04-25,physical,delivered
4938,37,2026-09-04,physical,cancelled
4939,28,2026-02-25,online,delivered
4940,69,2026-09-16,online,delivered
4941,82,2026-12-26,physical,shipped
4942,68,2026-08-27,online,delivered
4943,89,2026-08-24,physical,delivered
4944,76,2026-11-20,physical,delivered
4945,1,2026-12-06,online,delivered
4946,54,2026-08-04,online,delivered
4947,24,2026-02-24,online,delivered
4948,71,2026-08-01,online,cancelled
4949,66,2026-03-15,online,delivered
4950,18,2026-01-02,online,delivered
4951,72,2026-12-13,online,shipped
4952,52,2026-08-20,online,delivered
4953,37,2026-06-03,online,delivered
4954,41,2026-07-28,online,delivered
4955,33,2026-08-01,online,cancelled
4956,30,2026-02-03,online,delivered
4957,70,2026-09-23,physical,delivered
4958,93,2026-07-05,online,delivered
4959,69,2026-12-13,online,delivered
4960,1,2026-10-15,online,cancelled
4961,60,2026-12-17,online,shipped
4962,95,2026-12-30,online,processing
4963,61,2026-05-14,online,delivered
4964,84,2026-04-08,online,delivered
4965,91,2026-10-28,online,delivered
4966,61,2026-12-18,physical,delivered
4967,23,2026-09-08,online,delivered
4968,69,2026-10-28,online,delivered
4969,28,2026-02-25,online,delivered
4970,69,2026-08-21,online,delivered
4971,44,2026-03-13,physical,delivered
4972,1,2026-03-27,online,delivered
4973,56,2026-08-28,online,delivered
4974,93,2026-07-22,online,delivered
4975,76,2026-10-16,online,delivered
4976,4,2026-02-14,online,delivered
4977,11,2026-03-12,online,delivered
4978,2,2026-09-18,online,delivered
4979,69,2026-12-23,online,shipped
4980,76,2026-11-22,physical,delivered
4981,39,2026-11-27,physical,delivered
4982,80,2026-08-06,online,delivered
4983,93,2026-11-14,online,cancelled
4984,69,2026-10-18,online,cancelled
4985,20,2026-09-08,online,delivered
4986,41,2026-08-02,online,delivered
4987,33,2026-01-29,online,delivered
4988,89,2026-10-17,online,delivered
4989,96,2026-11-27,online,delivered
4990,84,2026-02-11,online,delivered
4991,8,2026-04-08,online,delivered
4992,59,2026-02-08,online,delivered
4993,91,2026-08-05,online,delivered
4994,82,2026-11-30,online,delivered
4995,76,2026-11-14,online,cancelled
4996,89,2026-10-25,online,delivered
4997,37,2026-05-19,online,delivered
4998,80,2026-08-20,online,delivered
4999,44,2026-09-18,online,delivered
5000,39,2026-09-12,physical,delivered
