order_item_id,order_id,product_id,quantity,unit_price,discount_pct,replacement_cost
1,1,41,1,134050.77,0.0071,87320.48
2,1,5,1,193101.56,0.0226,112581.22
3,1,34,2,29576.45,0.0183,21207.51
4,2,29,1,102239.91,0.023,78390.98
5,2,34,1,29576.45,0.0154,21207.51
6,2,35,3,105924.32,0.0086,76373.38
7,3,34,1,29576.45,0.0014,21207.51
8,3,1,1,303474.01,0.0298,230232.02
9,3,21,1,1187423.28,0.0262,881791.8
10,4,29,1,102239.91,0.019,78390.98
11,4,20,1,575877.6,0.0379,442151.16
12,5,35,1,105924.32,0.0146,76373.38
13,6,19,2,1354046.38,0.037,1110487.85
14,6,35,3,105924.32,0.0115,76373.38
15,7,2,2,389998.01,0.0367,241268.15
16,7,35,1,105924.32,0.0178,76373.38
17,8,5,1,193101.56,0.0192,112581.22
18,8,29,3,102239.91,0.0321,78390.98
19,8,20,1,575877.6,0.013,442151.16
20,9,34,3,29576.45,0.04,21207.51
21,10,5,1,193101.56,0.0004,112581.22
22,10,35,2,105924.32,0.0156,76373.38
23,10,29,2,102239.91,0.0243,78390.98
24,11,45,3,123594.09,0.0009,91072.42
25,11,34,2,29576.45,0.0164,21207.51
26,12,34,2,29576.45,0.0004,21207.51
27,12,36,1,94176.05,0.0076,79768.64
28,13,9,2,185395.24,0.0096,117809.8
29,14,34,1,29576.45,0.0232,21207.51
30,14,21,2,1187423.28,0.0132,881791.8
31,15,34,2,29576.45,0.0038,21207.51
32,15,1,2,303474.01,0.0129,230232.02
33,16,21,1,1187423.28,0.0091,881791.8
34,17,34,1,29576.45,0.0039,21207.51
35,17,27,1,175446.16,0.0236,143447.23
36,17,11,2,597554.26,0.0104,505348.73
37,18,27,4,175446.16,0.02,143447.23
38,18,36,2,94176.05,0.021,79768.64
39,18,5,1,193101.56,0.013,112581.22
40,19,21,4,1187423.28,0.0092,881791.8
41,20,45,1,123594.09,0.0261,91072.42
42,20,43,1,129758.67,0.0314,81108.95
43,21,1,3,303474.01,0.0336,230232.02
44,22,29,1,102239.91,0.0083,78390.98
45,22,1,3,303474.01,0.0049,230232.02
46,23,44,1,80989.05,0.011,57232.77
47,24,21,1,1187423.28,0.0149,881791.8
48,25,21,1,1187423.28,0.0155,881791.8
49,26,12,1,918711.15,0.0248,570787.21
50,26,29,1,102239.91,0.0162,78390.98
51,27,2,1,389998.01,0.0339,241268.15
52,28,35,2,105924.32,0.0379,76373.38
53,29,27,1,175446.16,0.0107,143447.23
54,29,29,3,102239.91,0.0273,78390.98
55,30,36,1,94176.05,0.0338,79768.64
56,30,5,2,193101.56,0.0113,112581.22
57,31,5,1,193101.56,0.0003,112581.22
58,31,21,2,1187423.28,0.0049,881791.8
59,32,35,1,105924.32,0.0137,76373.38
60,32,1,1,303474.01,0.0399,230232.02
61,33,35,1,105924.32,0.0245,76373.38
62,34,27,1,175446.16,0.002,143447.23
63,35,29,1,102239.91,0.0171,78390.98
64,36,29,2,102239.91,0.0052,78390.98
65,37,1,1,303474.01,0.0011,230232.02
66,37,12,4,918711.15,0.0123,570787.21
67,37,34,1,29576.45,0.0114,21207.51
68,38,21,1,1187423.28,0.0053,881791.8
69,38,29,1,102239.91,0.029,78390.98
70,39,44,1,80989.05,0.02,57232.77
71,40,1,1,303474.01,0.0111,230232.02
72,40,21,2,1187423.28,0.0059,881791.8
73,40,5,2,193101.56,0.0382,112581.22
74,41,45,1,123594.09,0.0128,91072.42
75,41,19,1,1354046.38,0.038,1110487.85
76,41,36,4,94176.05,0.0094,79768.64
77,42,1,2,303474.01,0.0093,230232.02
78,42,45,1,123594.09,0.0004,91072.42
79,43,35,3,105924.32,0.0361,76373.38
80,44,9,1,185395.24,0.0163,117809.8
81,45,31,2,368499.82,0.0206,243595.93
82,45,35,1,105924.32,0.0038,76373.38
83,45,20,1,575877.6,0.0397,442151.16
84,46,20,1,575877.6,0.0118,442151.16
85,47,34,1,29576.45,0.0231,21207.51
86,47,2,3,389998.01,0.0156,241268.15
87,48,2,1,389998.01,0.0316,241268.15
88,48,11,1,597554.26,0.0327,505348.73
89,49,34,1,29576.45,0.0062,21207.51
90,50,21,1,1187423.28,0.0044,881791.8
91,50,27,1,175446.16,0.0124,143447.23
92,50,5,1,193101.56,0.0205,112581.22
93,50,34,1,29576.45,0.0208,21207.51
94,51,2,1,389998.01,0.0239,241268.15
95,52,34,1,29576.45,0.0121,21207.51
96,53,21,2,1187423.28,0.0235,881791.8
97,54,34,1,29576.45,0.0114,21207.51
98,54,21,1,1187423.28,0.0216,881791.8
99,55,35,1,105924.32,0.0314,76373.38
100,55,1,1,303474.01,0.039,230232.02
101,56,36,2,94176.05,0.0147,79768.64
102,57,14,1,398520.48,0.015,241485.7
103,57,1,1,303474.01,0.0397,230232.02
104,57,29,4,102239.91,0.0076,78390.98
105,58,11,1,597554.26,0.0062,505348.73
106,58,26,1,128124.88,0.0396,79847.03
107,59,35,1,105924.32,0.0086,76373.38
108,59,29,1,102239.91,0.0204,78390.98
109,60,45,1,123594.09,0.0067,91072.42
110,61,27,1,175446.16,0.0356,143447.23
111,62,1,2,303474.01,0.014,230232.02
112,63,36,1,94176.05,0.0279,79768.64
113,63,9,2,185395.24,0.0115,117809.8
114,64,5,2,193101.56,0.0078,112581.22
115,65,1,1,303474.01,0.0248,230232.02
116,65,20,1,575877.6,0.0046,442151.16
117,66,20,1,575877.6,0.0087,442151.16
118,66,19,1,1354046.38,0.0197,1110487.85
119,67,29,4,102239.91,0.0266,78390.98
120,68,35,2,105924.32,0.0129,76373.38
121,69,44,1,80989.05,0.0293,57232.77
122,69,1,2,303474.01,0.0221,230232.02
123,70,2,1,389998.01,0.0153,241268.15
124,71,29,1,102239.91,0.0274,78390.98
125,72,2,1,389998.01,0.0093,241268.15
126,72,21,2,1187423.28,0.0356,881791.8
127,72,34,1,29576.45,0.0011,21207.51
128,73,35,2,105924.32,0.0007,76373.38
129,73,9,1,185395.24,0.0235,117809.8
130,74,34,2,29576.45,0.0171,21207.51
131,75,34,1,29576.45,0.0099,21207.51
132,75,36,2,94176.05,0.0295,79768.64
133,76,20,1,575877.6,0.0026,442151.16
134,76,34,4,29576.45,0.025,21207.51
135,76,11,3,597554.26,0.0042,505348.73
136,76,29,1,102239.91,0.0054,78390.98
137,77,34,3,29576.45,0.0201,21207.51
138,77,12,1,918711.15,0.0051,570787.21
139,77,21,1,1187423.28,0.0203,881791.8
140,78,21,1,1187423.28,0.0161,881791.8
141,78,34,1,29576.45,0.0244,21207.51
142,79,1,3,303474.01,0.0257,230232.02
143,80,27,1,175446.16,0.0362,143447.23
144,81,5,1,193101.56,0.0377,112581.22
145,82,34,1,29576.45,0.0081,21207.51
146,82,21,2,1187423.28,0.0082,881791.8
147,83,29,1,102239.91,0.0063,78390.98
148,84,19,2,1354046.38,0.0255,1110487.85
149,84,34,4,29576.45,0.0092,21207.51
150,84,2,1,389998.01,0.024,241268.15
151,84,29,1,102239.91,0.0191,78390.98
152,85,34,1,29576.45,0.0115,21207.51
153,86,41,1,134050.77,0.0133,87320.48
154,87,12,1,918711.15,0.0392,570787.21
155,88,29,1,102239.91,0.0392,78390.98
156,88,1,4,303474.01,0.0142,230232.02
157,88,43,1,129758.67,0.0384,81108.95
158,88,34,2,29576.45,0.0085,21207.51
159,89,29,1,102239.91,0.0136,78390.98
160,89,34,1,29576.45,0.0098,21207.51
161,90,19,3,1354046.38,0.0118,1110487.85
162,91,34,1,29576.45,0.0222,21207.51
163,92,35,1,105924.32,0.004,76373.38
164,92,1,1,303474.01,0.0225,230232.02
165,92,45,1,123594.09,0.0121,91072.42
166,92,41,1,134050.77,0.0126,87320.48
167,93,45,1,123594.09,0.0094,91072.42
168,93,36,2,94176.05,0.0334,79768.64
169,93,19,1,1354046.38,0.039,1110487.85
170,94,29,1,102239.91,0.0182,78390.98
171,94,2,1,389998.01,0.006,241268.15
172,95,35,1,105924.32,0.033,76373.38
173,96,2,1,389998.01,0.0187,241268.15
174,97,36,2,94176.05,0.0131,79768.64
175,97,11,1,597554.26,0.0156,505348.73
176,98,2,1,389998.01,0.0103,241268.15
177,98,1,1,303474.01,0.0356,230232.02
178,99,34,4,29576.45,0.0041,21207.51
179,99,5,1,193101.56,0.0168,112581.22
180,100,5,2,193101.56,0.0337,112581.22
181,100,21,2,1187423.28,0.0257,881791.8
182,101,44,1,80989.05,0.0333,57232.77
183,101,27,3,175446.16,0.0197,143447.23
184,101,11,2,597554.26,0.0151,505348.73
185,101,5,1,193101.56,0.0235,112581.22
186,102,1,1,303474.01,0.0349,230232.02
187,103,21,1,1187423.28,0.0243,881791.8
188,104,2,1,389998.01,0.0162,241268.15
189,105,1,1,303474.01,0.0359,230232.02
190,106,2,1,389998.01,0.0389,241268.15
191,107,20,1,575877.6,0.0203,442151.16
192,107,35,2,105924.32,0.0279,76373.38
193,107,1,2,303474.01,0.0183,230232.02
194,108,34,1,29576.45,0.0259,21207.51
195,109,29,1,102239.91,0.0026,78390.98
196,109,36,4,94176.05,0.0061,79768.64
197,110,5,2,193101.56,0.0164,112581.22
198,111,35,1,105924.32,0.0228,76373.38
199,112,36,3,94176.05,0.0114,79768.64
200,112,45,2,123594.09,0.0045,91072.42
201,113,36,2,94176.05,0.009,79768.64
202,114,2,1,389998.01,0.0041,241268.15
203,114,44,1,80989.05,0.027,57232.77
204,115,36,3,94176.05,0.009,79768.64
205,116,5,1,193101.56,0.0068,112581.22
206,117,5,2,193101.56,0.0198,112581.22
207,118,44,4,80989.05,0.0148,57232.77
208,119,2,1,389998.01,0.0096,241268.15
209,120,34,1,29576.45,0.0206,21207.51
210,120,21,2,1187423.28,0.0311,881791.8
211,121,34,1,29576.45,0.0046,21207.51
212,121,1,1,303474.01,0.008,230232.02
213,122,34,1,29576.45,0.0131,21207.51
214,123,29,1,102239.91,0.0391,78390.98
215,123,41,2,134050.77,0.0023,87320.48
216,123,5,1,193101.56,0.0225,112581.22
217,124,2,1,389998.01,0.0193,241268.15
218,124,5,1,193101.56,0.0109,112581.22
219,125,1,1,303474.01,0.0025,230232.02
220,125,45,1,123594.09,0.0343,91072.42
221,125,2,1,389998.01,0.0312,241268.15
222,125,5,2,193101.56,0.0329,112581.22
223,126,34,1,29576.45,0.0059,21207.51
224,126,11,1,597554.26,0.0147,505348.73
225,127,9,1,185395.24,0.0241,117809.8
226,127,34,1,29576.45,0.0013,21207.51
227,128,21,1,1187423.28,0.0261,881791.8
228,128,35,1,105924.32,0.0393,76373.38
229,129,34,1,29576.45,0.0247,21207.51
230,129,19,1,1354046.38,0.0155,1110487.85
231,129,41,2,134050.77,0.0249,87320.48
232,130,20,1,575877.6,0.0321,442151.16
233,130,34,1,29576.45,0.0328,21207.51
234,131,21,1,1187423.28,0.0016,881791.8
235,131,29,1,102239.91,0.0356,78390.98
236,132,34,1,29576.45,0.0187,21207.51
237,132,1,2,303474.01,0.0186,230232.02
238,132,21,2,1187423.28,0.0123,881791.8
239,133,2,2,389998.01,0.0132,241268.15
240,133,34,2,29576.45,0.0195,21207.51
241,133,31,1,368499.82,0.0031,243595.93
242,134,20,3,575877.6,0.0323,442151.16
243,134,1,2,303474.01,0.0057,230232.02
244,135,44,1,80989.05,0.0342,57232.77
245,136,20,1,575877.6,0.0305,442151.16
246,136,14,1,398520.48,0.0013,241485.7
247,136,2,1,389998.01,0.0322,241268.15
248,136,29,1,102239.91,0.0359,78390.98
249,137,14,1,398520.48,0.0064,241485.7
250,138,36,1,94176.05,0.0319,79768.64
251,138,34,1,29576.45,0.0192,21207.51
252,138,1,2,303474.01,0.0169,230232.02
253,139,29,1,102239.91,0.0255,78390.98
254,139,11,2,597554.26,0.036,505348.73
255,139,1,1,303474.01,0.0242,230232.02
256,140,29,1,102239.91,0.0043,78390.98
257,141,9,2,185395.24,0.03,117809.8
258,142,36,2,94176.05,0.0032,79768.64
259,143,29,3,102239.91,0.0336,78390.98
260,143,9,1,185395.24,0.0298,117809.8
261,144,45,2,123594.09,0.0212,91072.42
262,145,29,1,102239.91,0.0236,78390.98
263,145,5,1,193101.56,0.0244,112581.22
264,145,45,2,123594.09,0.0367,91072.42
265,146,21,1,1187423.28,0.033,881791.8
266,146,11,1,597554.26,0.0249,505348.73
267,146,2,3,389998.01,0.004,241268.15
268,147,29,2,102239.91,0.0202,78390.98
269,147,41,1,134050.77,0.0162,87320.48
270,147,34,4,29576.45,0.0081,21207.51
271,148,1,1,303474.01,0.0087,230232.02
272,148,21,2,1187423.28,0.0121,881791.8
273,149,1,1,303474.01,0.0207,230232.02
274,149,19,1,1354046.38,0.0383,1110487.85
275,149,34,1,29576.45,0.0215,21207.51
276,149,14,1,398520.48,0.0166,241485.7
277,150,36,2,94176.05,0.0062,79768.64
278,150,27,1,175446.16,0.0316,143447.23
279,151,34,1,29576.45,0.0125,21207.51
280,152,41,1,134050.77,0.0151,87320.48
281,153,34,1,29576.45,0.0242,21207.51
282,153,41,4,134050.77,0.0386,87320.48
283,154,36,1,94176.05,0.0009,79768.64
284,154,29,2,102239.91,0.0022,78390.98
285,154,19,1,1354046.38,0.0218,1110487.85
286,155,19,2,1354046.38,0.0311,1110487.85
287,156,36,2,94176.05,0.0088,79768.64
288,156,1,2,303474.01,0.0142,230232.02
289,156,44,2,80989.05,0.0049,57232.77
290,157,19,4,1354046.38,0.0017,1110487.85
291,157,34,1,29576.45,0.0049,21207.51
292,158,20,1,575877.6,0.0323,442151.16
293,159,45,1,123594.09,0.0287,91072.42
294,159,1,1,303474.01,0.0141,230232.02
295,160,20,2,575877.6,0.0006,442151.16
296,160,36,1,94176.05,0.0085,79768.64
297,160,12,1,918711.15,0.0117,570787.21
298,161,14,2,398520.48,0.0077,241485.7
299,161,41,1,134050.77,0.0147,87320.48
300,162,36,2,94176.05,0.0357,79768.64
301,162,2,1,389998.01,0.0035,241268.15
302,163,29,1,102239.91,0.0065,78390.98
303,163,11,1,597554.26,0.0224,505348.73
304,164,11,4,597554.26,0.0162,505348.73
305,165,29,2,102239.91,0.0098,78390.98
306,166,2,1,389998.01,0.0181,241268.15
307,166,27,2,175446.16,0.0087,143447.23
308,167,11,2,597554.26,0.0133,505348.73
309,167,35,1,105924.32,0.0112,76373.38
310,167,27,1,175446.16,0.0223,143447.23
311,168,5,3,193101.56,0.0039,112581.22
312,169,44,1,80989.05,0.0103,57232.77
313,170,36,2,94176.05,0.0091,79768.64
314,170,14,3,398520.48,0.032,241485.7
315,170,45,2,123594.09,0.0339,91072.42
316,171,11,1,597554.26,0.015,505348.73
317,171,14,1,398520.48,0.0223,241485.7
318,172,21,1,1187423.28,0.0368,881791.8
319,172,5,1,193101.56,0.0278,112581.22
320,172,34,2,29576.45,0.0268,21207.51
321,173,29,1,102239.91,0.0057,78390.98
322,173,41,4,134050.77,0.0018,87320.48
323,174,11,1,597554.26,0.0144,505348.73
324,174,5,2,193101.56,0.0298,112581.22
325,175,21,1,1187423.28,0.0226,881791.8
326,175,2,3,389998.01,0.0398,241268.15
327,175,44,4,80989.05,0.0287,57232.77
328,176,34,1,29576.45,0.033,21207.51
329,177,35,2,105924.32,0.0112,76373.38
330,177,34,2,29576.45,0.0126,21207.51
331,177,11,1,597554.26,0.0153,505348.73
332,178,2,1,389998.01,0.0231,241268.15
333,178,21,1,1187423.28,0.0265,881791.8
334,178,35,1,105924.32,0.037,76373.38
335,179,20,1,575877.6,0.0307,442151.16
336,180,1,1,303474.01,0.0201,230232.02
337,181,34,1,29576.45,0.0117,21207.51
338,181,5,2,193101.56,0.0208,112581.22
339,182,29,1,102239.91,0.0256,78390.98
340,183,1,2,303474.01,0.0271,230232.02
341,184,27,3,175446.16,0.0157,143447.23
342,184,21,1,1187423.28,0.0265,881791.8
343,185,41,1,134050.77,0.0137,87320.48
344,185,34,1,29576.45,0.0116,21207.51
345,186,1,2,303474.01,0.0176,230232.02
346,186,35,1,105924.32,0.0146,76373.38
347,187,35,1,105924.32,0.0107,76373.38
348,188,34,1,29576.45,0.031,21207.51
349,189,44,3,80989.05,0.0331,57232.77
350,190,35,3,105924.32,0.0247,76373.38
351,190,11,1,597554.26,0.0052,505348.73
352,190,21,2,1187423.28,0.024,881791.8
353,190,29,1,102239.91,0.0277,78390.98
354,191,45,1,123594.09,0.0159,91072.42
355,192,34,3,29576.45,0.0336,21207.51
356,192,19,2,1354046.38,0.0006,1110487.85
357,193,44,1,80989.05,0.0355,57232.77
358,193,34,1,29576.45,0.0176,21207.51
359,193,14,2,398520.48,0.0256,241485.7
360,194,41,2,134050.77,0.022,87320.48
361,195,21,2,1187423.28,0.0082,881791.8
362,196,29,1,102239.91,0.022,78390.98
363,196,27,1,175446.16,0.0121,143447.23
364,197,44,2,80989.05,0.0386,57232.77
365,197,14,2,398520.48,0.0287,241485.7
366,198,19,1,1354046.38,0.0013,1110487.85
367,198,29,1,102239.91,0.0339,78390.98
368,199,36,1,94176.05,0.0109,79768.64
369,200,2,1,389998.01,0.0246,241268.15
370,201,9,2,185395.24,0.0219,117809.8
371,202,44,2,80989.05,0.0309,57232.77
372,202,35,1,105924.32,0.0142,76373.38
373,202,21,3,1187423.28,0.0022,881791.8
374,203,21,1,1187423.28,0.0246,881791.8
375,204,27,2,175446.16,0.0223,143447.23
376,205,34,1,29576.45,0.0208,21207.51
377,205,29,1,102239.91,0.0043,78390.98
378,206,34,2,29576.45,0.0235,21207.51
379,207,1,1,303474.01,0.0224,230232.02
380,207,35,1,105924.32,0.0039,76373.38
381,208,1,1,303474.01,0.0279,230232.02
382,208,41,1,134050.77,0.0303,87320.48
383,208,5,1,193101.56,0.0022,112581.22
384,209,5,1,193101.56,0.0055,112581.22
385,209,11,1,597554.26,0.0288,505348.73
386,209,21,2,1187423.28,0.028,881791.8
387,210,34,1,29576.45,0.0224,21207.51
388,210,36,2,94176.05,0.0392,79768.64
389,210,29,1,102239.91,0.0383,78390.98
390,211,29,2,102239.91,0.0253,78390.98
391,212,20,1,575877.6,0.0031,442151.16
392,212,35,1,105924.32,0.0237,76373.38
393,212,2,2,389998.01,0.0362,241268.15
394,213,19,1,1354046.38,0.0084,1110487.85
395,213,2,1,389998.01,0.0311,241268.15
396,214,9,4,185395.24,0.0165,117809.8
397,214,29,1,102239.91,0.0094,78390.98
398,214,2,1,389998.01,0.0385,241268.15
399,215,2,1,389998.01,0.0281,241268.15
400,216,35,1,105924.32,0.0325,76373.38
401,216,2,1,389998.01,0.037,241268.15
402,217,34,1,29576.45,0.0136,21207.51
403,218,19,1,1354046.38,0.0275,1110487.85
404,219,41,2,134050.77,0.0146,87320.48
405,219,34,1,29576.45,0.039,21207.51
406,220,1,1,303474.01,0.018,230232.02
407,220,36,2,94176.05,0.0076,79768.64
408,220,21,1,1187423.28,0.0213,881791.8
409,221,19,1,1354046.38,0.0304,1110487.85
410,222,34,1,29576.45,0.0295,21207.51
411,223,34,1,29576.45,0.0349,21207.51
412,223,19,2,1354046.38,0.0138,1110487.85
413,224,21,2,1187423.28,0.0085,881791.8
414,225,2,2,389998.01,0.0216,241268.15
415,225,29,2,102239.91,0.0218,78390.98
416,226,45,1,123594.09,0.0213,91072.42
417,227,21,2,1187423.28,0.0171,881791.8
418,227,45,4,123594.09,0.0043,91072.42
419,227,5,1,193101.56,0.0137,112581.22
420,228,35,2,105924.32,0.0016,76373.38
421,229,44,1,80989.05,0.0273,57232.77
422,230,34,2,29576.45,0.0073,21207.51
423,230,2,1,389998.01,0.0012,241268.15
424,230,19,1,1354046.38,0.0322,1110487.85
425,231,1,1,303474.01,0.0175,230232.02
426,231,34,1,29576.45,0.0157,21207.51
427,232,45,1,123594.09,0.0375,91072.42
428,232,21,1,1187423.28,0.0337,881791.8
429,233,5,2,193101.56,0.0199,112581.22
430,233,14,1,398520.48,0.0245,241485.7
431,233,29,1,102239.91,0.0047,78390.98
432,234,29,2,102239.91,0.0385,78390.98
433,235,9,1,185395.24,0.034,117809.8
434,236,34,1,29576.45,0.0113,21207.51
435,237,1,1,303474.01,0.0132,230232.02
436,237,34,1,29576.45,0.0339,21207.51
437,237,21,3,1187423.28,0.017,881791.8
438,238,2,1,389998.01,0.0063,241268.15
439,238,34,3,29576.45,0.0204,21207.51
440,238,21,1,1187423.28,0.0195,881791.8
441,238,36,2,94176.05,0.0331,79768.64
442,239,29,1,102239.91,0.0347,78390.98
443,239,14,1,398520.48,0.0243,241485.7
444,239,45,2,123594.09,0.017,91072.42
445,240,44,1,80989.05,0.025,57232.77
446,241,2,1,389998.01,0.0117,241268.15
447,242,44,2,80989.05,0.0103,57232.77
448,243,34,2,29576.45,0.0337,21207.51
449,244,2,1,389998.01,0.0378,241268.15
450,245,27,3,175446.16,0.011,143447.23
451,246,1,1,303474.01,0.0034,230232.02
452,247,29,4,102239.91,0.0382,78390.98
453,247,44,3,80989.05,0.0339,57232.77
454,247,21,2,1187423.28,0.033,881791.8
455,248,29,1,102239.91,0.0256,78390.98
456,249,11,2,597554.26,0.0336,505348.73
457,249,29,1,102239.91,0.0287,78390.98
458,249,35,4,105924.32,0.0061,76373.38
459,250,9,1,185395.24,0.0257,117809.8
460,250,29,3,102239.91,0.0164,78390.98
461,250,21,1,1187423.28,0.0211,881791.8
462,251,34,1,29576.45,0.0116,21207.51
463,252,34,1,29576.45,0.0184,21207.51
464,252,21,3,1187423.28,0.036,881791.8
465,252,29,2,102239.91,0.0236,78390.98
466,253,34,1,29576.45,0.0036,21207.51
467,254,34,1,29576.45,0.0267,21207.51
468,254,29,1,102239.91,0.0186,78390.98
469,254,36,1,94176.05,0.0321,79768.64
470,255,12,1,918711.15,0.0052,570787.21
471,256,1,2,303474.01,0.0076,230232.02
472,257,45,3,123594.09,0.0214,91072.42
473,258,1,1,303474.01,0.0048,230232.02
474,259,36,2,94176.05,0.0257,79768.64
475,259,29,1,102239.91,0.0253,78390.98
476,260,44,1,80989.05,0.0321,57232.77
477,261,29,1,102239.91,0.0349,78390.98
478,262,36,1,94176.05,0.0283,79768.64
479,263,34,2,29576.45,0.0074,21207.51
480,263,29,1,102239.91,0.005,78390.98
481,264,21,1,1187423.28,0.0276,881791.8
482,264,1,1,303474.01,0.0024,230232.02
483,265,12,4,918711.15,0.0356,570787.21
484,266,45,1,123594.09,0.0019,91072.42
485,266,14,1,398520.48,0.027,241485.7
486,266,34,1,29576.45,0.012,21207.51
487,266,29,1,102239.91,0.019,78390.98
488,267,19,1,1354046.38,0.0164,1110487.85
489,268,45,1,123594.09,0.03,91072.42
490,269,1,2,303474.01,0.0011,230232.02
491,270,29,1,102239.91,0.0383,78390.98
492,271,26,1,128124.88,0.0207,79847.03
493,271,1,1,303474.01,0.0192,230232.02
494,272,9,1,185395.24,0.006,117809.8
495,273,34,1,29576.45,0.0031,21207.51
496,273,2,3,389998.01,0.0247,241268.15
497,274,35,1,105924.32,0.0253,76373.38
498,275,29,3,102239.91,0.0014,78390.98
499,276,2,3,389998.01,0.0386,241268.15
500,277,14,2,398520.48,0.0089,241485.7
501,278,2,3,389998.01,0.004,241268.15
502,278,35,1,105924.32,0.001,76373.38
503,279,27,1,175446.16,0.032,143447.23
504,280,1,1,303474.01,0.0315,230232.02
505,281,29,1,102239.91,0.0005,78390.98
506,281,27,1,175446.16,0.005,143447.23
507,282,34,1,29576.45,0.027,21207.51
508,282,1,2,303474.01,0.0247,230232.02
509,282,21,1,1187423.28,0.0107,881791.8
510,283,34,1,29576.45,0.0073,21207.51
511,283,14,2,398520.48,0.0327,241485.7
512,283,5,1,193101.56,0.0261,112581.22
513,284,34,1,29576.45,0.0249,21207.51
514,284,1,2,303474.01,0.0397,230232.02
515,285,29,2,102239.91,0.0166,78390.98
516,286,21,2,1187423.28,0.0049,881791.8
517,287,11,1,597554.26,0.0144,505348.73
518,288,27,1,175446.16,0.0221,143447.23
519,288,9,1,185395.24,0.0254,117809.8
520,289,29,1,102239.91,0.0203,78390.98
521,289,2,2,389998.01,0.0226,241268.15
522,289,21,1,1187423.28,0.0257,881791.8
523,290,29,1,102239.91,0.0213,78390.98
524,291,1,1,303474.01,0.0262,230232.02
525,292,29,1,102239.91,0.0396,78390.98
526,292,34,2,29576.45,0.0145,21207.51
527,292,45,1,123594.09,0.0229,91072.42
528,293,5,1,193101.56,0.0265,112581.22
529,293,19,1,1354046.38,0.0155,1110487.85
530,293,36,1,94176.05,0.0282,79768.64
531,294,21,1,1187423.28,0.0148,881791.8
532,295,19,2,1354046.38,0.0134,1110487.85
533,295,34,3,29576.45,0.003,21207.51
534,295,1,1,303474.01,0.0051,230232.02
535,296,29,1,102239.91,0.0265,78390.98
536,297,21,2,1187423.28,0.0275,881791.8
537,297,34,2,29576.45,0.0083,21207.51
538,298,34,1,29576.45,0.0377,21207.51
539,298,20,1,575877.6,0.0023,442151.16
540,299,34,2,29576.45,0.0113,21207.51
541,299,29,1,102239.91,0.0024,78390.98
542,300,2,1,389998.01,0.0027,241268.15
543,300,36,1,94176.05,0.0171,79768.64
544,300,34,1,29576.45,0.0298,21207.51
545,300,44,3,80989.05,0.0104,57232.77
546,301,34,1,29576.45,0.0155,21207.51
547,301,11,1,597554.26,0.0091,505348.73
548,302,21,1,1187423.28,0.0344,881791.8
549,302,1,2,303474.01,0.0284,230232.02
550,303,21,3,1187423.28,0.0221,881791.8
551,303,20,1,575877.6,0.0134,442151.16
552,303,1,2,303474.01,0.0215,230232.02
553,303,36,3,94176.05,0.0095,79768.64
554,304,2,1,389998.01,0.0322,241268.15
555,305,27,1,175446.16,0.0171,143447.23
556,306,35,1,105924.32,0.0205,76373.38
557,307,34,1,29576.45,0.0384,21207.51
558,308,5,1,193101.56,0.0206,112581.22
559,308,29,1,102239.91,0.0399,78390.98
560,308,34,1,29576.45,0.0181,21207.51
561,308,36,1,94176.05,0.014,79768.64
562,309,19,2,1354046.38,0.0224,1110487.85
563,310,1,1,303474.01,0.0326,230232.02
564,310,34,1,29576.45,0.0133,21207.51
565,311,11,3,597554.26,0.0094,505348.73
566,311,35,1,105924.32,0.0215,76373.38
567,312,34,1,29576.45,0.017,21207.51
568,312,35,1,105924.32,0.0009,76373.38
569,312,45,1,123594.09,0.0391,91072.42
570,313,29,3,102239.91,0.0082,78390.98
571,314,41,2,134050.77,0.0045,87320.48
572,314,34,1,29576.45,0.0127,21207.51
573,314,5,1,193101.56,0.0176,112581.22
574,314,35,1,105924.32,0.0266,76373.38
575,315,34,1,29576.45,0.037,21207.51
576,315,45,3,123594.09,0.0016,91072.42
577,315,11,1,597554.26,0.017,505348.73
578,316,20,1,575877.6,0.0104,442151.16
579,316,36,2,94176.05,0.0241,79768.64
580,317,1,3,303474.01,0.0272,230232.02
581,318,34,2,29576.45,0.0045,21207.51
582,319,29,1,102239.91,0.0017,78390.98
583,319,5,1,193101.56,0.006,112581.22
584,320,2,2,389998.01,0.0059,241268.15
585,320,35,1,105924.32,0.0317,76373.38
586,321,1,1,303474.01,0.0198,230232.02
587,322,34,2,29576.45,0.029,21207.51
588,322,21,1,1187423.28,0.0288,881791.8
589,322,1,1,303474.01,0.0086,230232.02
590,323,35,2,105924.32,0.0021,76373.38
591,323,2,1,389998.01,0.0314,241268.15
592,324,19,2,1354046.38,0.0172,1110487.85
593,324,44,2,80989.05,0.0292,57232.77
594,324,11,1,597554.26,0.0128,505348.73
595,325,45,1,123594.09,0.0115,91072.42
596,326,1,1,303474.01,0.0068,230232.02
597,327,2,1,389998.01,0.0192,241268.15
598,327,21,2,1187423.28,0.0194,881791.8
599,327,35,1,105924.32,0.019,76373.38
600,328,35,4,105924.32,0.0252,76373.38
601,328,34,2,29576.45,0.0006,21207.51
602,328,45,3,123594.09,0.0382,91072.42
603,329,1,2,303474.01,0.0205,230232.02
604,329,29,1,102239.91,0.0341,78390.98
605,330,2,1,389998.01,0.0264,241268.15
606,330,43,3,129758.67,0.0293,81108.95
607,331,44,1,80989.05,0.0392,57232.77
608,332,19,3,1354046.38,0.0325,1110487.85
609,332,36,2,94176.05,0.014,79768.64
610,333,34,2,29576.45,0.0173,21207.51
611,334,1,2,303474.01,0.0125,230232.02
612,334,29,2,102239.91,0.0198,78390.98
613,334,45,1,123594.09,0.0165,91072.42
614,335,19,1,1354046.38,0.0115,1110487.85
615,335,1,1,303474.01,0.0086,230232.02
616,335,45,1,123594.09,0.0059,91072.42
617,336,21,1,1187423.28,0.0239,881791.8
618,336,34,1,29576.45,0.0391,21207.51
619,336,29,1,102239.91,0.0329,78390.98
620,337,19,2,1354046.38,0.0331,1110487.85
621,337,2,1,389998.01,0.0271,241268.15
622,337,36,1,94176.05,0.0314,79768.64
623,338,27,3,175446.16,0.0046,143447.23
624,338,34,1,29576.45,0.0146,21207.51
625,338,36,1,94176.05,0.0039,79768.64
626,338,1,1,303474.01,0.0397,230232.02
627,339,36,2,94176.05,0.0188,79768.64
628,339,34,2,29576.45,0.0383,21207.51
629,340,44,1,80989.05,0.0197,57232.77
630,340,11,4,597554.26,0.0155,505348.73
631,341,20,1,575877.6,0.0056,442151.16
632,341,34,3,29576.45,0.012,21207.51
633,342,44,1,80989.05,0.0387,57232.77
634,343,45,2,123594.09,0.0137,91072.42
635,344,21,4,1187423.28,0.0139,881791.8
636,344,29,1,102239.91,0.0058,78390.98
637,344,5,2,193101.56,0.0058,112581.22
638,345,34,1,29576.45,0.0142,21207.51
639,346,36,3,94176.05,0.0344,79768.64
640,347,35,2,105924.32,0.0257,76373.38
641,348,20,1,575877.6,0.0204,442151.16
642,348,45,2,123594.09,0.0281,91072.42
643,349,2,1,389998.01,0.0108,241268.15
644,350,27,1,175446.16,0.0216,143447.23
645,350,29,1,102239.91,0.0335,78390.98
646,351,29,1,102239.91,0.023,78390.98
647,352,35,1,105924.32,0.032,76373.38
648,353,29,3,102239.91,0.0359,78390.98
649,354,1,2,303474.01,0.0245,230232.02
650,354,5,1,193101.56,0.0387,112581.22
651,355,29,1,102239.91,0.0115,78390.98
652,356,34,1,29576.45,0.0364,21207.51
653,356,27,1,175446.16,0.034,143447.23
654,357,21,1,1187423.28,0.0024,881791.8
655,358,1,1,303474.01,0.0378,230232.02
656,359,35,2,105924.32,0.0171,76373.38
657,360,27,1,175446.16,0.0026,143447.23
658,361,29,2,102239.91,0.0151,78390.98
659,361,27,2,175446.16,0.0045,143447.23
660,361,14,2,398520.48,0.0329,241485.7
661,362,14,1,398520.48,0.0105,241485.7
662,362,1,1,303474.01,0.0387,230232.02
663,362,34,3,29576.45,0.0144,21207.51
664,363,12,3,918711.15,0.0104,570787.21
665,363,15,2,39573.64,0.0107,27845.12
666,363,45,1,123594.09,0.008,91072.42
667,364,21,2,1187423.28,0.0211,881791.8
668,364,29,1,102239.91,0.0101,78390.98
669,365,21,1,1187423.28,0.0231,881791.8
670,365,19,1,1354046.38,0.0301,1110487.85
671,366,1,1,303474.01,0.0288,230232.02
672,366,35,3,105924.32,0.0257,76373.38
673,366,21,2,1187423.28,0.0289,881791.8
674,367,34,1,29576.45,0.0337,21207.51
675,368,45,3,123594.09,0.0248,91072.42
676,369,1,2,303474.01,0.0161,230232.02
677,370,34,1,29576.45,0.036,21207.51
678,370,2,1,389998.01,0.0264,241268.15
679,370,27,4,175446.16,0.0059,143447.23
680,371,36,1,94176.05,0.0336,79768.64
681,371,1,1,303474.01,0.0375,230232.02
682,372,45,1,123594.09,0.0055,91072.42
683,372,29,2,102239.91,0.0207,78390.98
684,372,21,1,1187423.28,0.0052,881791.8
685,373,1,1,303474.01,0.0349,230232.02
686,373,29,2,102239.91,0.0314,78390.98
687,374,21,1,1187423.28,0.022,881791.8
688,375,11,1,597554.26,0.0138,505348.73
689,375,29,1,102239.91,0.027,78390.98
690,375,1,2,303474.01,0.0041,230232.02
691,375,45,1,123594.09,0.0267,91072.42
692,376,20,2,575877.6,0.0327,442151.16
693,376,26,2,128124.88,0.0246,79847.03
694,377,35,3,105924.32,0.0156,76373.38
695,377,34,1,29576.45,0.0327,21207.51
696,377,36,1,94176.05,0.0372,79768.64
697,378,44,3,80989.05,0.0236,57232.77
698,379,5,1,193101.56,0.0397,112581.22
699,379,21,1,1187423.28,0.0106,881791.8
700,379,34,1,29576.45,0.0376,21207.51
701,380,1,2,303474.01,0.0275,230232.02
702,380,34,3,29576.45,0.0266,21207.51
703,381,1,2,303474.01,0.03,230232.02
704,381,44,1,80989.05,0.0044,57232.77
705,382,34,1,29576.45,0.0199,21207.51
706,383,29,4,102239.91,0.0132,78390.98
707,383,21,2,1187423.28,0.0213,881791.8
708,384,45,2,123594.09,0.0387,91072.42
709,385,34,1,29576.45,0.0021,21207.51
710,386,35,2,105924.32,0.0336,76373.38
711,387,35,1,105924.32,0.0364,76373.38
712,387,1,1,303474.01,0.0302,230232.02
713,388,1,3,303474.01,0.0319,230232.02
714,388,5,3,193101.56,0.0086,112581.22
715,389,34,2,29576.45,0.0297,21207.51
716,389,12,1,918711.15,0.0005,570787.21
717,390,45,1,123594.09,0.0341,91072.42
718,391,2,1,389998.01,0.038,241268.15
719,391,35,1,105924.32,0.0166,76373.38
720,391,27,1,175446.16,0.0344,143447.23
721,392,21,1,1187423.28,0.0273,881791.8
722,392,1,1,303474.01,0.0153,230232.02
723,393,34,1,29576.45,0.0351,21207.51
724,394,34,1,29576.45,0.0097,21207.51
725,394,19,1,1354046.38,0.0139,1110487.85
726,395,29,1,102239.91,0.028,78390.98
727,395,31,1,368499.82,0.0127,243595.93
728,396,20,1,575877.6,0.0159,442151.16
729,396,29,1,102239.91,0.0096,78390.98
730,396,21,1,1187423.28,0.0121,881791.8
731,396,35,3,105924.32,0.0307,76373.38
732,397,34,1,29576.45,0.0203,21207.51
733,397,2,1,389998.01,0.003,241268.15
734,398,35,1,105924.32,0.0023,76373.38
735,399,20,1,575877.6,0.0147,442151.16
736,400,44,1,80989.05,0.009,57232.77
737,401,34,1,29576.45,0.013,21207.51
738,402,1,2,303474.01,0.0154,230232.02
739,403,34,1,29576.45,0.0091,21207.51
740,404,2,4,389998.01,0.0334,241268.15
741,405,36,2,94176.05,0.0102,79768.64
742,406,45,2,123594.09,0.0053,91072.42
743,407,34,2,29576.45,0.0222,21207.51
744,408,29,2,102239.91,0.031,78390.98
745,408,34,1,29576.45,0.0003,21207.51
746,408,21,2,1187423.28,0.04,881791.8
747,408,1,1,303474.01,0.0394,230232.02
748,409,44,1,80989.05,0.0068,57232.77
749,410,20,2,575877.6,0.0136,442151.16
750,410,19,3,1354046.38,0.0218,1110487.85
751,411,5,2,193101.56,0.0041,112581.22
752,411,45,2,123594.09,0.0097,91072.42
753,412,44,1,80989.05,0.0361,57232.77
754,413,20,2,575877.6,0.0311,442151.16
755,413,11,1,597554.26,0.0331,505348.73
756,414,36,1,94176.05,0.014,79768.64
757,415,21,1,1187423.28,0.0113,881791.8
758,416,45,2,123594.09,0.0232,91072.42
759,417,41,1,134050.77,0.0308,87320.48
760,417,35,1,105924.32,0.0228,76373.38
761,418,1,1,303474.01,0.0129,230232.02
762,419,34,3,29576.45,0.0297,21207.51
763,419,45,1,123594.09,0.011,91072.42
764,419,21,3,1187423.28,0.0175,881791.8
765,420,41,1,134050.77,0.0381,87320.48
766,420,21,3,1187423.28,0.0264,881791.8
767,420,45,1,123594.09,0.016,91072.42
768,420,34,3,29576.45,0.0354,21207.51
769,421,1,1,303474.01,0.0334,230232.02
770,422,26,2,128124.88,0.0331,79847.03
771,422,1,3,303474.01,0.0047,230232.02
772,423,21,1,1187423.28,0.0374,881791.8
773,424,44,1,80989.05,0.0129,57232.77
774,424,11,1,597554.26,0.0324,505348.73
775,425,45,2,123594.09,0.0009,91072.42
776,425,2,3,389998.01,0.0086,241268.15
777,426,34,1,29576.45,0.0033,21207.51
778,426,45,1,123594.09,0.0226,91072.42
779,427,34,1,29576.45,0.0116,21207.51
780,427,41,3,134050.77,0.0041,87320.48
781,428,45,1,123594.09,0.0337,91072.42
782,429,34,4,29576.45,0.0142,21207.51
783,430,35,1,105924.32,0.0272,76373.38
784,431,1,2,303474.01,0.0089,230232.02
785,432,21,3,1187423.28,0.0296,881791.8
786,433,14,2,398520.48,0.0251,241485.7
787,434,35,1,105924.32,0.0104,76373.38
788,435,34,2,29576.45,0.0063,21207.51
789,435,44,1,80989.05,0.0108,57232.77
790,436,1,2,303474.01,0.0008,230232.02
791,436,45,1,123594.09,0.0103,91072.42
792,436,2,2,389998.01,0.0184,241268.15
793,436,21,4,1187423.28,0.0088,881791.8
794,437,29,2,102239.91,0.033,78390.98
795,437,19,1,1354046.38,0.0275,1110487.85
796,438,34,1,29576.45,0.0358,21207.51
797,439,34,2,29576.45,0.015,21207.51
798,439,35,2,105924.32,0.001,76373.38
799,439,5,1,193101.56,0.0265,112581.22
800,439,1,1,303474.01,0.0381,230232.02
801,440,29,1,102239.91,0.0271,78390.98
802,441,2,1,389998.01,0.0086,241268.15
803,441,20,2,575877.6,0.0128,442151.16
804,441,36,1,94176.05,0.0253,79768.64
805,442,45,4,123594.09,0.0253,91072.42
806,443,36,1,94176.05,0.0388,79768.64
807,443,1,1,303474.01,0.0016,230232.02
808,443,29,1,102239.91,0.0186,78390.98
809,443,5,1,193101.56,0.0205,112581.22
810,444,21,1,1187423.28,0.0254,881791.8
811,445,21,2,1187423.28,0.0233,881791.8
812,446,44,1,80989.05,0.0393,57232.77
813,446,34,1,29576.45,0.0389,21207.51
814,446,14,1,398520.48,0.0291,241485.7
815,447,34,1,29576.45,0.0232,21207.51
816,447,45,2,123594.09,0.0224,91072.42
817,447,1,1,303474.01,0.0277,230232.02
818,448,36,2,94176.05,0.0017,79768.64
819,449,9,1,185395.24,0.0253,117809.8
820,450,2,1,389998.01,0.0057,241268.15
821,450,41,1,134050.77,0.0334,87320.48
822,450,1,1,303474.01,0.0129,230232.02
823,450,34,1,29576.45,0.0104,21207.51
824,451,1,1,303474.01,0.0322,230232.02
825,452,34,2,29576.45,0.0176,21207.51
826,452,36,1,94176.05,0.005,79768.64
827,452,35,2,105924.32,0.0239,76373.38
828,453,34,1,29576.45,0.0304,21207.51
829,453,21,2,1187423.28,0.0106,881791.8
830,453,2,2,389998.01,0.037,241268.15
831,454,34,2,29576.45,0.0019,21207.51
832,454,29,3,102239.91,0.0263,78390.98
833,454,1,1,303474.01,0.0075,230232.02
834,455,45,1,123594.09,0.0302,91072.42
835,456,19,1,1354046.38,0.0159,1110487.85
836,457,1,1,303474.01,0.0018,230232.02
837,457,36,1,94176.05,0.0272,79768.64
838,458,29,1,102239.91,0.0059,78390.98
839,459,34,1,29576.45,0.004,21207.51
840,460,2,1,389998.01,0.0132,241268.15
841,461,21,1,1187423.28,0.0344,881791.8
842,461,34,2,29576.45,0.0306,21207.51
843,462,11,2,597554.26,0.0073,505348.73
844,463,34,1,29576.45,0.0376,21207.51
845,464,11,3,597554.26,0.0109,505348.73
846,465,5,3,193101.56,0.0369,112581.22
847,465,1,1,303474.01,0.0346,230232.02
848,465,14,4,398520.48,0.013,241485.7
849,466,11,2,597554.26,0.012,505348.73
850,467,34,1,29576.45,0.0209,21207.51
851,467,29,1,102239.91,0.0117,78390.98
852,467,5,1,193101.56,0.0336,112581.22
853,468,29,2,102239.91,0.0318,78390.98
854,469,11,1,597554.26,0.0091,505348.73
855,469,21,1,1187423.28,0.0004,881791.8
856,470,41,4,134050.77,0.0062,87320.48
857,470,34,1,29576.45,0.0385,21207.51
858,471,34,3,29576.45,0.0329,21207.51
859,471,14,1,398520.48,0.0356,241485.7
860,471,2,3,389998.01,0.0198,241268.15
861,472,35,1,105924.32,0.0134,76373.38
862,473,29,2,102239.91,0.0225,78390.98
863,474,34,1,29576.45,0.0319,21207.51
864,474,45,1,123594.09,0.0046,91072.42
865,475,20,1,575877.6,0.0024,442151.16
866,475,35,1,105924.32,0.0309,76373.38
867,476,29,1,102239.91,0.0077,78390.98
868,476,11,2,597554.26,0.0355,505348.73
869,477,1,2,303474.01,0.0209,230232.02
870,477,29,2,102239.91,0.0358,78390.98
871,478,19,3,1354046.38,0.0172,1110487.85
872,478,34,3,29576.45,0.0249,21207.51
873,478,21,3,1187423.28,0.0016,881791.8
874,479,29,2,102239.91,0.007,78390.98
875,479,34,2,29576.45,0.033,21207.51
876,480,27,1,175446.16,0.0228,143447.23
877,481,36,1,94176.05,0.0039,79768.64
878,481,1,1,303474.01,0.0105,230232.02
879,482,45,2,123594.09,0.0229,91072.42
880,483,1,1,303474.01,0.0194,230232.02
881,483,5,1,193101.56,0.034,112581.22
882,483,34,2,29576.45,0.0348,21207.51
883,484,1,2,303474.01,0.0216,230232.02
884,485,11,1,597554.26,0.0216,505348.73
885,485,2,1,389998.01,0.0267,241268.15
886,485,34,1,29576.45,0.0008,21207.51
887,486,31,4,368499.82,0.0138,243595.93
888,487,1,4,303474.01,0.0377,230232.02
889,487,21,3,1187423.28,0.0358,881791.8
890,487,5,1,193101.56,0.0061,112581.22
891,488,45,1,123594.09,0.0039,91072.42
892,488,2,2,389998.01,0.0225,241268.15
893,489,31,2,368499.82,0.023,243595.93
894,489,27,1,175446.16,0.0185,143447.23
895,489,45,4,123594.09,0.0055,91072.42
896,490,21,2,1187423.28,0.0173,881791.8
897,491,34,1,29576.45,0.0093,21207.51
898,492,21,3,1187423.28,0.0202,881791.8
899,493,29,1,102239.91,0.0042,78390.98
900,494,21,1,1187423.28,0.0392,881791.8
901,494,9,1,185395.24,0.0335,117809.8
902,494,1,1,303474.01,0.003,230232.02
903,495,2,2,389998.01,0.0125,241268.15
904,496,45,2,123594.09,0.0099,91072.42
905,497,35,2,105924.32,0.0197,76373.38
906,498,11,1,597554.26,0.0159,505348.73
907,498,29,1,102239.91,0.0367,78390.98
908,498,34,3,29576.45,0.0394,21207.51
909,499,20,2,575877.6,0.0166,442151.16
910,500,21,2,1187423.28,0.0071,881791.8
911,500,34,1,29576.45,0.0126,21207.51
912,501,11,1,597554.26,0.0143,505348.73
913,501,29,4,102239.91,0.0154,78390.98
914,501,9,1,185395.24,0.0249,117809.8
915,502,1,1,303474.01,0.0248,230232.02
916,502,34,1,29576.45,0.0211,21207.51
917,502,45,1,123594.09,0.0123,91072.42
918,503,5,3,193101.56,0.0284,112581.22
919,503,34,3,29576.45,0.0264,21207.51
920,504,44,1,80989.05,0.0362,57232.77
921,505,29,4,102239.91,0.0062,78390.98
922,505,45,1,123594.09,0.0145,91072.42
923,506,45,1,123594.09,0.0177,91072.42
924,507,34,1,29576.45,0.0032,21207.51
925,507,45,2,123594.09,0.0184,91072.42
926,508,34,1,29576.45,0.0356,21207.51
927,508,29,1,102239.91,0.0369,78390.98
928,509,44,1,80989.05,0.0142,57232.77
929,509,35,1,105924.32,0.0212,76373.38
930,510,2,1,389998.01,0.0264,241268.15
931,510,19,2,1354046.38,0.0271,1110487.85
932,511,11,4,597554.26,0.0162,505348.73
933,511,35,1,105924.32,0.0329,76373.38
934,512,11,2,597554.26,0.0072,505348.73
935,513,19,1,1354046.38,0.0151,1110487.85
936,514,29,1,102239.91,0.0306,78390.98
937,515,1,2,303474.01,0.0336,230232.02
938,515,45,1,123594.09,0.0347,91072.42
939,515,27,1,175446.16,0.0188,143447.23
940,516,5,1,193101.56,0.0316,112581.22
941,516,11,1,597554.26,0.0051,505348.73
942,517,35,1,105924.32,0.0356,76373.38
943,518,34,1,29576.45,0.0117,21207.51
944,518,27,1,175446.16,0.033,143447.23
945,518,20,1,575877.6,0.037,442151.16
946,518,41,2,134050.77,0.0359,87320.48
947,519,34,2,29576.45,0.0248,21207.51
948,519,20,2,575877.6,0.0334,442151.16
949,520,45,2,123594.09,0.0369,91072.42
950,520,34,3,29576.45,0.0266,21207.51
951,521,21,1,1187423.28,0.0343,881791.8
952,522,45,1,123594.09,0.0092,91072.42
953,523,41,1,134050.77,0.0116,87320.48
954,523,34,1,29576.45,0.0306,21207.51
955,524,35,1,105924.32,0.0053,76373.38
956,524,21,2,1187423.28,0.0322,881791.8
957,524,29,2,102239.91,0.0288,78390.98
958,524,5,3,193101.56,0.0087,112581.22
959,525,29,2,102239.91,0.0329,78390.98
960,526,21,4,1187423.28,0.0318,881791.8
961,526,45,2,123594.09,0.0024,91072.42
962,527,2,2,389998.01,0.0079,241268.15
963,528,36,3,94176.05,0.0356,79768.64
964,529,19,2,1354046.38,0.0019,1110487.85
965,530,1,2,303474.01,0.0305,230232.02
966,531,1,1,303474.01,0.0086,230232.02
967,532,21,2,1187423.28,0.0162,881791.8
968,532,27,1,175446.16,0.0239,143447.23
969,532,20,2,575877.6,0.0327,442151.16
970,532,34,1,29576.45,0.0393,21207.51
971,533,27,1,175446.16,0.0139,143447.23
972,534,1,3,303474.01,0.0294,230232.02
973,534,21,1,1187423.28,0.0065,881791.8
974,535,2,1,389998.01,0.0291,241268.15
975,536,1,1,303474.01,0.004,230232.02
976,536,5,1,193101.56,0.0367,112581.22
977,536,34,1,29576.45,0.0128,21207.51
978,537,34,1,29576.45,0.0189,21207.51
979,538,36,4,94176.05,0.0201,79768.64
980,538,34,1,29576.45,0.0273,21207.51
981,538,29,2,102239.91,0.0029,78390.98
982,539,19,2,1354046.38,0.0189,1110487.85
983,539,1,1,303474.01,0.0285,230232.02
984,539,34,2,29576.45,0.0007,21207.51
985,540,19,1,1354046.38,0.0302,1110487.85
986,541,12,1,918711.15,0.0309,570787.21
987,542,45,2,123594.09,0.0177,91072.42
988,543,5,1,193101.56,0.0386,112581.22
989,544,1,1,303474.01,0.0383,230232.02
990,544,44,2,80989.05,0.006,57232.77
991,544,19,1,1354046.38,0.0123,1110487.85
992,545,21,2,1187423.28,0.011,881791.8
993,545,1,1,303474.01,0.0085,230232.02
994,546,21,1,1187423.28,0.0139,881791.8
995,547,45,3,123594.09,0.0057,91072.42
996,547,34,1,29576.45,0.0031,21207.51
997,548,24,2,1091294.49,0.0232,677884.56
998,548,19,1,1354046.38,0.0142,1110487.85
999,549,20,1,575877.6,0.0245,442151.16
1000,550,29,2,102239.91,0.023,78390.98
1001,551,11,1,597554.26,0.0385,505348.73
1002,552,2,1,389998.01,0.0179,241268.15
1003,553,34,1,29576.45,0.0373,21207.51
1004,553,35,2,105924.32,0.0351,76373.38
1005,554,36,2,94176.05,0.0151,79768.64
1006,555,36,3,94176.05,0.0037,79768.64
1007,556,29,1,102239.91,0.0397,78390.98
1008,556,35,1,105924.32,0.0303,76373.38
1009,556,44,1,80989.05,0.0199,57232.77
1010,556,1,2,303474.01,0.0313,230232.02
1011,557,21,1,1187423.28,0.0168,881791.8
1012,558,5,1,193101.56,0.0323,112581.22
1013,559,45,1,123594.09,0.0384,91072.42
1014,560,44,1,80989.05,0.0297,57232.77
1015,561,35,2,105924.32,0.0291,76373.38
1016,561,19,1,1354046.38,0.0214,1110487.85
1017,561,45,2,123594.09,0.0038,91072.42
1018,562,1,2,303474.01,0.0285,230232.02
1019,563,5,3,193101.56,0.0307,112581.22
1020,564,34,3,29576.45,0.0193,21207.51
1021,564,35,2,105924.32,0.0268,76373.38
1022,564,41,2,134050.77,0.0315,87320.48
1023,564,19,1,1354046.38,0.0093,1110487.85
1024,565,21,2,1187423.28,0.0324,881791.8
1025,566,24,1,1091294.49,0.0331,677884.56
1026,566,1,1,303474.01,0.002,230232.02
1027,567,35,3,105924.32,0.0316,76373.38
1028,567,19,1,1354046.38,0.0026,1110487.85
1029,568,5,2,193101.56,0.0266,112581.22
1030,568,21,1,1187423.28,0.0049,881791.8
1031,569,34,1,29576.45,0.009,21207.51
1032,569,36,2,94176.05,0.0392,79768.64
1033,569,11,2,597554.26,0.025,505348.73
1034,570,5,1,193101.56,0.0077,112581.22
1035,571,44,1,80989.05,0.0354,57232.77
1036,571,29,1,102239.91,0.0209,78390.98
1037,572,21,2,1187423.28,0.0131,881791.8
1038,572,5,3,193101.56,0.0178,112581.22
1039,573,45,2,123594.09,0.0047,91072.42
1040,573,34,2,29576.45,0.022,21207.51
1041,574,9,3,185395.24,0.006,117809.8
1042,574,1,1,303474.01,0.0118,230232.02
1043,574,5,4,193101.56,0.0009,112581.22
1044,575,11,2,597554.26,0.0259,505348.73
1045,575,2,1,389998.01,0.0091,241268.15
1046,576,9,1,185395.24,0.003,117809.8
1047,577,2,1,389998.01,0.0159,241268.15
1048,578,21,1,1187423.28,0.0083,881791.8
1049,579,27,1,175446.16,0.0279,143447.23
1050,580,21,3,1187423.28,0.0036,881791.8
1051,581,36,2,94176.05,0.0272,79768.64
1052,581,11,3,597554.26,0.0056,505348.73
1053,581,41,1,134050.77,0.0101,87320.48
1054,581,45,1,123594.09,0.0124,91072.42
1055,582,5,1,193101.56,0.0153,112581.22
1056,582,11,1,597554.26,0.0243,505348.73
1057,583,34,1,29576.45,0.017,21207.51
1058,583,2,1,389998.01,0.0314,241268.15
1059,583,1,1,303474.01,0.0384,230232.02
1060,583,29,1,102239.91,0.0125,78390.98
1061,584,35,3,105924.32,0.0257,76373.38
1062,584,14,1,398520.48,0.0299,241485.7
1063,584,44,1,80989.05,0.0155,57232.77
1064,584,1,1,303474.01,0.0209,230232.02
1065,585,21,1,1187423.28,0.0375,881791.8
1066,585,1,1,303474.01,0.0027,230232.02
1067,586,44,2,80989.05,0.0381,57232.77
1068,586,34,2,29576.45,0.008,21207.51
1069,587,34,3,29576.45,0.0065,21207.51
1070,587,14,1,398520.48,0.0222,241485.7
1071,587,44,1,80989.05,0.0394,57232.77
1072,587,36,1,94176.05,0.0251,79768.64
1073,588,34,1,29576.45,0.0312,21207.51
1074,589,27,1,175446.16,0.038,143447.23
1075,590,1,1,303474.01,0.0089,230232.02
1076,590,2,1,389998.01,0.031,241268.15
1077,590,34,2,29576.45,0.0098,21207.51
1078,591,34,1,29576.45,0.0009,21207.51
1079,591,45,1,123594.09,0.009,91072.42
1080,592,5,2,193101.56,0.0199,112581.22
1081,593,11,2,597554.26,0.0292,505348.73
1082,593,1,1,303474.01,0.0105,230232.02
1083,593,45,2,123594.09,0.008,91072.42
1084,594,35,1,105924.32,0.0091,76373.38
1085,594,27,2,175446.16,0.0378,143447.23
1086,594,29,1,102239.91,0.0044,78390.98
1087,595,29,1,102239.91,0.0016,78390.98
1088,595,11,1,597554.26,0.0187,505348.73
1089,595,5,1,193101.56,0.0203,112581.22
1090,596,14,2,398520.48,0.0394,241485.7
1091,596,11,1,597554.26,0.0034,505348.73
1092,596,29,4,102239.91,0.0002,78390.98
1093,597,19,1,1354046.38,0.0304,1110487.85
1094,597,34,3,29576.45,0.0156,21207.51
1095,597,29,1,102239.91,0.0091,78390.98
1096,598,29,1,102239.91,0.0269,78390.98
1097,598,45,1,123594.09,0.0129,91072.42
1098,599,20,1,575877.6,0.0057,442151.16
1099,599,34,2,29576.45,0.0353,21207.51
1100,600,1,1,303474.01,0.0304,230232.02
1101,601,34,1,29576.45,0.0248,21207.51
1102,602,29,1,102239.91,0.0393,78390.98
1103,603,5,3,193101.56,0.0071,112581.22
1104,604,1,1,303474.01,0.0031,230232.02
1105,604,34,2,29576.45,0.0357,21207.51
1106,604,29,1,102239.91,0.029,78390.98
1107,605,24,2,1091294.49,0.0286,677884.56
1108,606,34,1,29576.45,0.0188,21207.51
1109,607,29,1,102239.91,0.0252,78390.98
1110,607,11,1,597554.26,0.0284,505348.73
1111,607,36,2,94176.05,0.0286,79768.64
1112,607,21,3,1187423.28,0.0059,881791.8
1113,608,21,4,1187423.28,0.0063,881791.8
1114,609,45,2,123594.09,0.0273,91072.42
1115,609,41,1,134050.77,0.0086,87320.48
1116,610,11,1,597554.26,0.0265,505348.73
1117,610,43,1,129758.67,0.0155,81108.95
1118,611,2,3,389998.01,0.0203,241268.15
1119,612,36,3,94176.05,0.0262,79768.64
1120,612,5,4,193101.56,0.0043,112581.22
1121,613,21,1,1187423.28,0.0324,881791.8
1122,613,45,3,123594.09,0.0109,91072.42
1123,613,1,1,303474.01,0.029,230232.02
1124,614,36,2,94176.05,0.0044,79768.64
1125,615,27,1,175446.16,0.023,143447.23
1126,615,2,1,389998.01,0.0108,241268.15
1127,615,45,1,123594.09,0.0195,91072.42
1128,616,29,3,102239.91,0.0003,78390.98
1129,617,36,1,94176.05,0.021,79768.64
1130,617,1,1,303474.01,0.0243,230232.02
1131,617,19,1,1354046.38,0.0066,1110487.85
1132,618,21,1,1187423.28,0.0027,881791.8
1133,619,29,1,102239.91,0.0272,78390.98
1134,620,1,1,303474.01,0.0053,230232.02
1135,621,21,1,1187423.28,0.0271,881791.8
1136,621,36,2,94176.05,0.0234,79768.64
1137,622,5,1,193101.56,0.0101,112581.22
1138,623,34,2,29576.45,0.0197,21207.51
1139,623,21,4,1187423.28,0.0219,881791.8
1140,623,1,1,303474.01,0.0038,230232.02
1141,624,2,3,389998.01,0.0347,241268.15
1142,624,29,2,102239.91,0.0157,78390.98
1143,625,1,2,303474.01,0.0165,230232.02
1144,625,35,1,105924.32,0.0272,76373.38
1145,626,35,2,105924.32,0.0009,76373.38
1146,626,1,1,303474.01,0.0341,230232.02
1147,626,41,2,134050.77,0.0156,87320.48
1148,627,45,3,123594.09,0.0365,91072.42
1149,627,1,2,303474.01,0.0084,230232.02
1150,628,44,1,80989.05,0.0358,57232.77
1151,628,19,1,1354046.38,0.0265,1110487.85
1152,629,34,2,29576.45,0.0221,21207.51
1153,629,5,1,193101.56,0.0282,112581.22
1154,630,34,1,29576.45,0.0397,21207.51
1155,631,36,2,94176.05,0.0211,79768.64
1156,631,45,2,123594.09,0.0301,91072.42
1157,632,45,4,123594.09,0.0184,91072.42
1158,632,1,2,303474.01,0.0319,230232.02
1159,633,34,1,29576.45,0.0388,21207.51
1160,634,14,1,398520.48,0.0194,241485.7
1161,635,2,3,389998.01,0.0114,241268.15
1162,636,2,2,389998.01,0.0111,241268.15
1163,637,44,2,80989.05,0.0317,57232.77
1164,637,34,2,29576.45,0.0035,21207.51
1165,638,1,1,303474.01,0.0014,230232.02
1166,639,45,1,123594.09,0.0223,91072.42
1167,639,36,1,94176.05,0.0194,79768.64
1168,640,14,1,398520.48,0.026,241485.7
1169,641,27,2,175446.16,0.035,143447.23
1170,641,34,2,29576.45,0.0275,21207.51
1171,642,34,1,29576.45,0.0325,21207.51
1172,643,21,1,1187423.28,0.0058,881791.8
1173,644,29,2,102239.91,0.0105,78390.98
1174,645,1,1,303474.01,0.0271,230232.02
1175,646,27,1,175446.16,0.0314,143447.23
1176,646,20,1,575877.6,0.0277,442151.16
1177,647,14,4,398520.48,0.0093,241485.7
1178,647,34,1,29576.45,0.0105,21207.51
1179,648,21,1,1187423.28,0.0134,881791.8
1180,649,21,3,1187423.28,0.0078,881791.8
1181,650,2,2,389998.01,0.0353,241268.15
1182,650,45,3,123594.09,0.0301,91072.42
1183,650,11,2,597554.26,0.0175,505348.73
1184,650,21,1,1187423.28,0.0373,881791.8
1185,651,5,1,193101.56,0.0305,112581.22
1186,652,34,2,29576.45,0.003,21207.51
1187,652,21,2,1187423.28,0.0099,881791.8
1188,653,21,1,1187423.28,0.0337,881791.8
1189,653,36,1,94176.05,0.001,79768.64
1190,653,34,1,29576.45,0.0133,21207.51
1191,654,29,1,102239.91,0.0175,78390.98
1192,654,27,1,175446.16,0.0342,143447.23
1193,655,45,1,123594.09,0.0253,91072.42
1194,656,45,3,123594.09,0.0358,91072.42
1195,656,34,1,29576.45,0.0336,21207.51
1196,656,36,2,94176.05,0.0361,79768.64
1197,657,45,3,123594.09,0.0161,91072.42
1198,658,1,1,303474.01,0.0171,230232.02
1199,658,45,1,123594.09,0.0142,91072.42
1200,659,34,2,29576.45,0.0276,21207.51
1201,659,29,1,102239.91,0.0388,78390.98
1202,659,21,2,1187423.28,0.0079,881791.8
1203,660,20,1,575877.6,0.0025,442151.16
1204,660,36,1,94176.05,0.0221,79768.64
1205,660,34,1,29576.45,0.0139,21207.51
1206,661,5,1,193101.56,0.0062,112581.22
1207,661,34,4,29576.45,0.0121,21207.51
1208,661,2,2,389998.01,0.0093,241268.15
1209,661,27,1,175446.16,0.0155,143447.23
1210,662,29,1,102239.91,0.0234,78390.98
1211,662,34,3,29576.45,0.0396,21207.51
1212,662,2,1,389998.01,0.0334,241268.15
1213,662,11,1,597554.26,0.0238,505348.73
1214,663,29,1,102239.91,0.0064,78390.98
1215,664,44,1,80989.05,0.0076,57232.77
1216,664,35,1,105924.32,0.0389,76373.38
1217,665,34,1,29576.45,0.0366,21207.51
1218,665,20,1,575877.6,0.0054,442151.16
1219,666,2,1,389998.01,0.0307,241268.15
1220,666,36,4,94176.05,0.0144,79768.64
1221,667,27,1,175446.16,0.0114,143447.23
1222,668,2,2,389998.01,0.0026,241268.15
1223,668,29,2,102239.91,0.0075,78390.98
1224,668,34,4,29576.45,0.0151,21207.51
1225,669,20,1,575877.6,0.0138,442151.16
1226,669,1,2,303474.01,0.0191,230232.02
1227,670,34,1,29576.45,0.0371,21207.51
1228,670,1,4,303474.01,0.0182,230232.02
1229,670,21,1,1187423.28,0.0334,881791.8
1230,671,36,3,94176.05,0.0237,79768.64
1231,672,45,1,123594.09,0.0306,91072.42
1232,672,21,1,1187423.28,0.0322,881791.8
1233,673,1,1,303474.01,0.0381,230232.02
1234,673,27,2,175446.16,0.0394,143447.23
1235,674,14,2,398520.48,0.0245,241485.7
1236,675,41,1,134050.77,0.0117,87320.48
1237,675,34,3,29576.45,0.017,21207.51
1238,676,21,1,1187423.28,0.0399,881791.8
1239,676,35,2,105924.32,0.0311,76373.38
1240,676,20,1,575877.6,0.0363,442151.16
1241,676,29,1,102239.91,0.0272,78390.98
1242,677,44,2,80989.05,0.0352,57232.77
1243,678,5,2,193101.56,0.001,112581.22
1244,679,19,4,1354046.38,0.0142,1110487.85
1245,679,41,1,134050.77,0.0263,87320.48
1246,679,26,1,128124.88,0.0193,79847.03
1247,680,20,1,575877.6,0.0007,442151.16
1248,681,1,1,303474.01,0.0248,230232.02
1249,682,21,1,1187423.28,0.0259,881791.8
1250,682,29,3,102239.91,0.0111,78390.98
1251,683,21,2,1187423.28,0.0014,881791.8
1252,683,14,1,398520.48,0.0203,241485.7
1253,683,34,2,29576.45,0.0115,21207.51
1254,684,41,2,134050.77,0.0149,87320.48
1255,684,34,1,29576.45,0.0073,21207.51
1256,684,36,1,94176.05,0.0198,79768.64
1257,684,2,2,389998.01,0.029,241268.15
1258,685,19,1,1354046.38,0.0008,1110487.85
1259,686,1,2,303474.01,0.016,230232.02
1260,687,21,4,1187423.28,0.0243,881791.8
1261,687,45,1,123594.09,0.0152,91072.42
1262,687,20,1,575877.6,0.0241,442151.16
1263,688,36,2,94176.05,0.0314,79768.64
1264,688,1,2,303474.01,0.034,230232.02
1265,688,27,1,175446.16,0.0349,143447.23
1266,689,21,1,1187423.28,0.0395,881791.8
1267,689,9,4,185395.24,0.023,117809.8
1268,690,21,1,1187423.28,0.0166,881791.8
1269,690,34,1,29576.45,0.0208,21207.51
1270,690,27,1,175446.16,0.0085,143447.23
1271,691,36,1,94176.05,0.0025,79768.64
1272,691,41,1,134050.77,0.0164,87320.48
1273,692,27,1,175446.16,0.0136,143447.23
1274,693,45,1,123594.09,0.0362,91072.42
1275,694,1,2,303474.01,0.0057,230232.02
1276,695,14,1,398520.48,0.0375,241485.7
1277,696,21,2,1187423.28,0.0241,881791.8
1278,697,29,3,102239.91,0.0138,78390.98
1279,698,29,1,102239.91,0.0134,78390.98
1280,699,29,2,102239.91,0.0139,78390.98
1281,700,36,1,94176.05,0.0393,79768.64
1282,700,14,1,398520.48,0.0264,241485.7
1283,701,35,1,105924.32,0.0045,76373.38
1284,701,29,1,102239.91,0.0099,78390.98
1285,702,21,2,1187423.28,0.0168,881791.8
1286,703,19,1,1354046.38,0.0344,1110487.85
1287,703,21,1,1187423.28,0.0144,881791.8
1288,704,34,1,29576.45,0.0266,21207.51
1289,705,26,2,128124.88,0.0221,79847.03
1290,705,2,4,389998.01,0.0203,241268.15
1291,706,34,1,29576.45,0.004,21207.51
1292,707,34,1,29576.45,0.021,21207.51
1293,707,45,1,123594.09,0.0335,91072.42
1294,708,29,1,102239.91,0.0337,78390.98
1295,708,34,3,29576.45,0.0398,21207.51
1296,708,27,1,175446.16,0.0302,143447.23
1297,708,19,1,1354046.38,0.025,1110487.85
1298,709,2,2,389998.01,0.0083,241268.15
1299,709,45,2,123594.09,0.0168,91072.42
1300,710,34,1,29576.45,0.0345,21207.51
1301,711,29,2,102239.91,0.0002,78390.98
1302,711,26,1,128124.88,0.0031,79847.03
1303,711,34,1,29576.45,0.0153,21207.51
1304,711,2,1,389998.01,0.0045,241268.15
1305,712,19,2,1354046.38,0.0319,1110487.85
1306,712,2,1,389998.01,0.0164,241268.15
1307,712,1,1,303474.01,0.0175,230232.02
1308,713,34,1,29576.45,0.0335,21207.51
1309,713,9,3,185395.24,0.0188,117809.8
1310,714,35,3,105924.32,0.0294,76373.38
1311,715,36,2,94176.05,0.003,79768.64
1312,715,5,1,193101.56,0.0061,112581.22
1313,716,34,1,29576.45,0.0063,21207.51
1314,717,26,1,128124.88,0.0147,79847.03
1315,717,44,1,80989.05,0.0236,57232.77
1316,717,27,1,175446.16,0.0297,143447.23
1317,718,21,1,1187423.28,0.006,881791.8
1318,718,19,2,1354046.38,0.0123,1110487.85
1319,718,41,1,134050.77,0.0188,87320.48
1320,719,5,1,193101.56,0.0362,112581.22
1321,719,34,1,29576.45,0.0033,21207.51
1322,719,27,2,175446.16,0.0076,143447.23
1323,720,22,1,941129.26,0.0133,520217.78
1324,721,2,2,389998.01,0.0281,241268.15
1325,722,2,2,389998.01,0.0278,241268.15
1326,722,14,2,398520.48,0.0353,241485.7
1327,722,35,1,105924.32,0.012,76373.38
1328,722,34,2,29576.45,0.0091,21207.51
1329,723,5,1,193101.56,0.012,112581.22
1330,723,27,2,175446.16,0.0125,143447.23
1331,723,2,4,389998.01,0.0393,241268.15
1332,724,34,1,29576.45,0.0105,21207.51
1333,724,35,1,105924.32,0.0341,76373.38
1334,725,41,1,134050.77,0.003,87320.48
1335,726,41,3,134050.77,0.0017,87320.48
1336,726,21,1,1187423.28,0.0277,881791.8
1337,727,12,2,918711.15,0.0314,570787.21
1338,727,41,1,134050.77,0.0159,87320.48
1339,727,2,4,389998.01,0.0396,241268.15
1340,728,1,2,303474.01,0.0381,230232.02
1341,728,20,1,575877.6,0.0055,442151.16
1342,729,35,4,105924.32,0.0279,76373.38
1343,729,34,2,29576.45,0.0169,21207.51
1344,730,45,1,123594.09,0.0393,91072.42
1345,731,21,1,1187423.28,0.0382,881791.8
1346,731,12,1,918711.15,0.0335,570787.21
1347,732,21,1,1187423.28,0.0246,881791.8
1348,732,35,4,105924.32,0.0014,76373.38
1349,733,11,1,597554.26,0.0158,505348.73
1350,733,44,1,80989.05,0.036,57232.77
1351,733,29,1,102239.91,0.0179,78390.98
1352,734,35,1,105924.32,0.0035,76373.38
1353,734,26,1,128124.88,0.0275,79847.03
1354,734,34,1,29576.45,0.035,21207.51
1355,735,21,1,1187423.28,0.0322,881791.8
1356,735,35,1,105924.32,0.0374,76373.38
1357,736,34,1,29576.45,0.0197,21207.51
1358,737,29,1,102239.91,0.0198,78390.98
1359,738,9,1,185395.24,0.0118,117809.8
1360,739,45,1,123594.09,0.0054,91072.42
1361,739,44,1,80989.05,0.0284,57232.77
1362,740,34,1,29576.45,0.0055,21207.51
1363,740,45,1,123594.09,0.0356,91072.42
1364,741,27,1,175446.16,0.0037,143447.23
1365,741,21,3,1187423.28,0.0297,881791.8
1366,742,21,1,1187423.28,0.0358,881791.8
1367,743,1,1,303474.01,0.0285,230232.02
1368,744,29,1,102239.91,0.0091,78390.98
1369,745,34,1,29576.45,0.0326,21207.51
1370,745,2,1,389998.01,0.0377,241268.15
1371,745,11,3,597554.26,0.0193,505348.73
1372,746,34,2,29576.45,0.027,21207.51
1373,747,35,2,105924.32,0.0073,76373.38
1374,747,45,1,123594.09,0.0275,91072.42
1375,748,11,1,597554.26,0.0385,505348.73
1376,749,36,3,94176.05,0.0289,79768.64
1377,749,5,2,193101.56,0.0237,112581.22
1378,750,2,1,389998.01,0.0101,241268.15
1379,751,34,1,29576.45,0.0092,21207.51
1380,751,21,2,1187423.28,0.0204,881791.8
1381,751,35,1,105924.32,0.0052,76373.38
1382,751,14,2,398520.48,0.0193,241485.7
1383,752,5,1,193101.56,0.0101,112581.22
1384,753,29,4,102239.91,0.0145,78390.98
1385,754,2,4,389998.01,0.0318,241268.15
1386,755,19,1,1354046.38,0.0345,1110487.85
1387,756,2,1,389998.01,0.0214,241268.15
1388,757,19,2,1354046.38,0.0189,1110487.85
1389,758,35,2,105924.32,0.0045,76373.38
1390,759,2,1,389998.01,0.0282,241268.15
1391,759,34,1,29576.45,0.0294,21207.51
1392,760,29,2,102239.91,0.0331,78390.98
1393,761,29,1,102239.91,0.0125,78390.98
1394,761,27,1,175446.16,0.0138,143447.23
1395,761,34,1,29576.45,0.0079,21207.51
1396,762,36,3,94176.05,0.0013,79768.64
1397,762,5,1,193101.56,0.0316,112581.22
1398,762,1,1,303474.01,0.021,230232.02
1399,762,29,1,102239.91,0.0079,78390.98
1400,763,29,4,102239.91,0.0146,78390.98
1401,763,5,1,193101.56,0.0131,112581.22
1402,764,1,3,303474.01,0.0072,230232.02
1403,764,34,3,29576.45,0.0061,21207.51
1404,764,11,1,597554.26,0.0261,505348.73
1405,765,36,1,94176.05,0.0261,79768.64
1406,766,36,1,94176.05,0.0184,79768.64
1407,767,14,1,398520.48,0.0035,241485.7
1408,768,5,3,193101.56,0.0061,112581.22
1409,768,21,1,1187423.28,0.0261,881791.8
1410,768,41,4,134050.77,0.012,87320.48
1411,769,21,1,1187423.28,0.0383,881791.8
1412,769,2,1,389998.01,0.0389,241268.15
1413,769,45,1,123594.09,0.0381,91072.42
1414,770,27,1,175446.16,0.0322,143447.23
1415,770,20,2,575877.6,0.0248,442151.16
1416,771,35,2,105924.32,0.0379,76373.38
1417,772,44,1,80989.05,0.0346,57232.77
1418,773,29,2,102239.91,0.0358,78390.98
1419,773,20,2,575877.6,0.0287,442151.16
1420,774,26,3,128124.88,0.0326,79847.03
1421,774,9,1,185395.24,0.0096,117809.8
1422,774,34,1,29576.45,0.0284,21207.51
1423,774,45,1,123594.09,0.0037,91072.42
1424,775,35,2,105924.32,0.0351,76373.38
1425,776,1,1,303474.01,0.0149,230232.02
1426,776,9,1,185395.24,0.015,117809.8
1427,776,29,2,102239.91,0.0143,78390.98
1428,777,11,1,597554.26,0.009,505348.73
1429,778,1,1,303474.01,0.0082,230232.02
1430,779,34,1,29576.45,0.0241,21207.51
1431,779,21,4,1187423.28,0.0219,881791.8
1432,780,1,3,303474.01,0.015,230232.02
1433,780,27,1,175446.16,0.0113,143447.23
1434,781,45,2,123594.09,0.0002,91072.42
1435,782,34,1,29576.45,0.036,21207.51
1436,782,2,3,389998.01,0.0396,241268.15
1437,782,29,2,102239.91,0.0057,78390.98
1438,783,36,1,94176.05,0.0359,79768.64
1439,783,1,1,303474.01,0.0131,230232.02
1440,784,34,1,29576.45,0.0078,21207.51
1441,784,2,1,389998.01,0.028,241268.15
1442,784,44,2,80989.05,0.0268,57232.77
1443,785,20,1,575877.6,0.0209,442151.16
1444,785,1,2,303474.01,0.0254,230232.02
1445,785,29,1,102239.91,0.0007,78390.98
1446,786,1,1,303474.01,0.0137,230232.02
1447,787,35,1,105924.32,0.0071,76373.38
1448,788,36,3,94176.05,0.0156,79768.64
1449,788,1,1,303474.01,0.0381,230232.02
1450,788,45,1,123594.09,0.0398,91072.42
1451,789,1,3,303474.01,0.0199,230232.02
1452,790,34,4,29576.45,0.0386,21207.51
1453,791,45,4,123594.09,0.0056,91072.42
1454,792,35,1,105924.32,0.0099,76373.38
1455,792,27,2,175446.16,0.0151,143447.23
1456,793,41,1,134050.77,0.0091,87320.48
1457,794,34,1,29576.45,0.0337,21207.51
1458,794,19,1,1354046.38,0.0157,1110487.85
1459,795,11,2,597554.26,0.004,505348.73
1460,796,29,1,102239.91,0.0354,78390.98
1461,796,21,1,1187423.28,0.0332,881791.8
1462,797,20,1,575877.6,0.0081,442151.16
1463,798,5,1,193101.56,0.0395,112581.22
1464,799,36,1,94176.05,0.0154,79768.64
1465,800,34,1,29576.45,0.0358,21207.51
1466,801,20,2,575877.6,0.0101,442151.16
1467,802,11,1,597554.26,0.0122,505348.73
1468,803,2,1,389998.01,0.0119,241268.15
1469,804,2,1,389998.01,0.0297,241268.15
1470,804,34,1,29576.45,0.0353,21207.51
1471,804,45,1,123594.09,0.0069,91072.42
1472,805,14,1,398520.48,0.0227,241485.7
1473,805,1,1,303474.01,0.0149,230232.02
1474,805,36,4,94176.05,0.0338,79768.64
1475,805,21,2,1187423.28,0.039,881791.8
1476,806,21,1,1187423.28,0.0306,881791.8
1477,806,2,1,389998.01,0.0076,241268.15
1478,807,34,3,29576.45,0.0069,21207.51
1479,807,21,2,1187423.28,0.0167,881791.8
1480,808,36,2,94176.05,0.0388,79768.64
1481,809,34,1,29576.45,0.0156,21207.51
1482,810,36,1,94176.05,0.009,79768.64
1483,810,29,2,102239.91,0.0162,78390.98
1484,810,34,1,29576.45,0.0349,21207.51
1485,811,34,3,29576.45,0.0109,21207.51
1486,811,26,3,128124.88,0.0295,79847.03
1487,811,29,1,102239.91,0.0244,78390.98
1488,812,1,2,303474.01,0.0293,230232.02
1489,813,34,1,29576.45,0.0251,21207.51
1490,813,12,1,918711.15,0.0379,570787.21
1491,813,29,2,102239.91,0.0038,78390.98
1492,814,2,2,389998.01,0.0191,241268.15
1493,815,1,1,303474.01,0.0263,230232.02
1494,815,11,1,597554.26,0.0217,505348.73
1495,816,1,2,303474.01,0.002,230232.02
1496,816,2,4,389998.01,0.0063,241268.15
1497,816,29,2,102239.91,0.0213,78390.98
1498,816,21,1,1187423.28,0.0071,881791.8
1499,817,45,3,123594.09,0.0349,91072.42
1500,818,36,1,94176.05,0.0354,79768.64
1501,818,2,1,389998.01,0.0176,241268.15
1502,819,21,1,1187423.28,0.021,881791.8
1503,820,21,1,1187423.28,0.0359,881791.8
1504,820,29,1,102239.91,0.0231,78390.98
1505,821,34,2,29576.45,0.0041,21207.51
1506,822,34,2,29576.45,0.0073,21207.51
1507,823,20,4,575877.6,0.0209,442151.16
1508,823,34,1,29576.45,0.0128,21207.51
1509,824,19,1,1354046.38,0.0289,1110487.85
1510,824,36,2,94176.05,0.02,79768.64
1511,824,45,2,123594.09,0.0127,91072.42
1512,825,14,2,398520.48,0.0067,241485.7
1513,825,34,1,29576.45,0.0261,21207.51
1514,826,36,1,94176.05,0.0318,79768.64
1515,826,27,1,175446.16,0.0353,143447.23
1516,827,1,1,303474.01,0.0158,230232.02
1517,827,35,2,105924.32,0.0358,76373.38
1518,828,21,1,1187423.28,0.0048,881791.8
1519,829,5,2,193101.56,0.0031,112581.22
1520,830,34,3,29576.45,0.0388,21207.51
1521,830,22,1,941129.26,0.03,520217.78
1522,831,1,1,303474.01,0.0166,230232.02
1523,831,45,3,123594.09,0.0081,91072.42
1524,831,11,3,597554.26,0.0211,505348.73
1525,832,29,1,102239.91,0.0131,78390.98
1526,833,34,1,29576.45,0.0193,21207.51
1527,834,2,1,389998.01,0.0321,241268.15
1528,834,34,1,29576.45,0.0328,21207.51
1529,835,34,1,29576.45,0.0002,21207.51
1530,835,27,3,175446.16,0.0304,143447.23
1531,835,29,1,102239.91,0.0281,78390.98
1532,836,45,1,123594.09,0.021,91072.42
1533,837,41,4,134050.77,0.0358,87320.48
1534,838,2,1,389998.01,0.013,241268.15
1535,838,21,1,1187423.28,0.0192,881791.8
1536,839,29,1,102239.91,0.0174,78390.98
1537,840,44,3,80989.05,0.0226,57232.77
1538,840,36,2,94176.05,0.0055,79768.64
1539,840,21,1,1187423.28,0.036,881791.8
1540,840,41,2,134050.77,0.0076,87320.48
1541,841,21,3,1187423.28,0.0138,881791.8
1542,841,14,1,398520.48,0.0377,241485.7
1543,842,34,1,29576.45,0.0107,21207.51
1544,842,21,3,1187423.28,0.0338,881791.8
1545,843,29,1,102239.91,0.0179,78390.98
1546,844,21,1,1187423.28,0.0157,881791.8
1547,845,35,4,105924.32,0.0019,76373.38
1548,846,45,1,123594.09,0.0276,91072.42
1549,847,12,1,918711.15,0.0309,570787.21
1550,848,29,2,102239.91,0.004,78390.98
1551,848,34,1,29576.45,0.0293,21207.51
1552,848,5,1,193101.56,0.0179,112581.22
1553,848,35,4,105924.32,0.0328,76373.38
1554,849,29,3,102239.91,0.0248,78390.98
1555,849,2,2,389998.01,0.0144,241268.15
1556,849,36,4,94176.05,0.0112,79768.64
1557,850,21,1,1187423.28,0.0045,881791.8
1558,850,5,1,193101.56,0.0141,112581.22
1559,851,5,1,193101.56,0.0217,112581.22
1560,851,35,1,105924.32,0.0176,76373.38
1561,852,44,1,80989.05,0.0178,57232.77
1562,852,21,1,1187423.28,0.0345,881791.8
1563,852,1,2,303474.01,0.004,230232.02
1564,853,1,2,303474.01,0.0301,230232.02
1565,853,29,1,102239.91,0.0303,78390.98
1566,853,20,1,575877.6,0.0295,442151.16
1567,854,21,3,1187423.28,0.0182,881791.8
1568,854,20,3,575877.6,0.0041,442151.16
1569,854,27,1,175446.16,0.0219,143447.23
1570,855,34,1,29576.45,0.0189,21207.51
1571,855,29,1,102239.91,0.0241,78390.98
1572,856,2,2,389998.01,0.0151,241268.15
1573,856,27,4,175446.16,0.0265,143447.23
1574,856,21,2,1187423.28,0.0268,881791.8
1575,857,29,2,102239.91,0.0208,78390.98
1576,857,2,1,389998.01,0.0273,241268.15
1577,857,19,1,1354046.38,0.0252,1110487.85
1578,857,34,1,29576.45,0.0171,21207.51
1579,858,21,2,1187423.28,0.0305,881791.8
1580,858,9,1,185395.24,0.0098,117809.8
1581,859,34,1,29576.45,0.009,21207.51
1582,860,21,3,1187423.28,0.0157,881791.8
1583,860,5,1,193101.56,0.0282,112581.22
1584,860,35,4,105924.32,0.0365,76373.38
1585,861,21,1,1187423.28,0.002,881791.8
1586,862,43,2,129758.67,0.0123,81108.95
1587,862,5,3,193101.56,0.0181,112581.22
1588,863,36,1,94176.05,0.0044,79768.64
1589,863,35,1,105924.32,0.001,76373.38
1590,863,2,2,389998.01,0.0021,241268.15
1591,863,29,2,102239.91,0.0021,78390.98
1592,864,34,2,29576.45,0.038,21207.51
1593,865,27,4,175446.16,0.0251,143447.23
1594,866,21,2,1187423.28,0.0118,881791.8
1595,867,44,2,80989.05,0.0156,57232.77
1596,868,34,1,29576.45,0.0315,21207.51
1597,869,45,1,123594.09,0.0358,91072.42
1598,869,36,1,94176.05,0.0284,79768.64
1599,870,36,2,94176.05,0.0204,79768.64
1600,870,34,2,29576.45,0.0165,21207.51
1601,870,43,2,129758.67,0.0103,81108.95
1602,871,34,1,29576.45,0.0015,21207.51
1603,872,1,3,303474.01,0.001,230232.02
1604,872,31,1,368499.82,0.0184,243595.93
1605,873,2,1,389998.01,0.0023,241268.15
1606,873,44,1,80989.05,0.0327,57232.77
1607,874,34,1,29576.45,0.0265,21207.51
1608,875,29,1,102239.91,0.0214,78390.98
1609,876,5,1,193101.56,0.0195,112581.22
1610,876,27,1,175446.16,0.0359,143447.23
1611,876,19,1,1354046.38,0.0226,1110487.85
1612,876,34,2,29576.45,0.0395,21207.51
1613,877,31,1,368499.82,0.0165,243595.93
1614,877,29,1,102239.91,0.0241,78390.98
1615,878,11,2,597554.26,0.0167,505348.73
1616,878,29,2,102239.91,0.0366,78390.98
1617,879,27,2,175446.16,0.0255,143447.23
1618,879,36,1,94176.05,0.0073,79768.64
1619,879,41,1,134050.77,0.0194,87320.48
1620,880,34,1,29576.45,0.0258,21207.51
1621,881,19,1,1354046.38,0.0023,1110487.85
1622,881,1,1,303474.01,0.0061,230232.02
1623,882,44,1,80989.05,0.0117,57232.77
1624,882,45,1,123594.09,0.0254,91072.42
1625,882,2,2,389998.01,0.007,241268.15
1626,882,34,3,29576.45,0.032,21207.51
1627,883,21,1,1187423.28,0.0183,881791.8
1628,884,2,2,389998.01,0.0044,241268.15
1629,885,45,1,123594.09,0.0187,91072.42
1630,886,44,1,80989.05,0.0041,57232.77
1631,886,45,2,123594.09,0.007,91072.42
1632,886,2,1,389998.01,0.0171,241268.15
1633,887,21,1,1187423.28,0.0104,881791.8
1634,888,41,1,134050.77,0.0011,87320.48
1635,889,34,1,29576.45,0.0278,21207.51
1636,889,21,2,1187423.28,0.0112,881791.8
1637,889,27,2,175446.16,0.0333,143447.23
1638,889,1,1,303474.01,0.0397,230232.02
1639,890,34,1,29576.45,0.0312,21207.51
1640,891,35,2,105924.32,0.0342,76373.38
1641,892,1,1,303474.01,0.0388,230232.02
1642,892,5,1,193101.56,0.0087,112581.22
1643,892,29,1,102239.91,0.026,78390.98
1644,892,21,1,1187423.28,0.0227,881791.8
1645,893,1,1,303474.01,0.0381,230232.02
1646,894,34,1,29576.45,0.0303,21207.51
1647,894,11,1,597554.26,0.0326,505348.73
1648,895,34,1,29576.45,0.0038,21207.51
1649,896,29,2,102239.91,0.0154,78390.98
1650,897,21,1,1187423.28,0.0118,881791.8
1651,897,29,2,102239.91,0.025,78390.98
1652,897,34,2,29576.45,0.0257,21207.51
1653,898,29,2,102239.91,0.0157,78390.98
1654,899,29,3,102239.91,0.0144,78390.98
1655,899,21,2,1187423.28,0.0145,881791.8
1656,900,21,1,1187423.28,0.0239,881791.8
1657,901,27,1,175446.16,0.0328,143447.23
1658,902,27,1,175446.16,0.0325,143447.23
1659,903,21,1,1187423.28,0.0356,881791.8
1660,903,5,1,193101.56,0.0089,112581.22
1661,903,34,2,29576.45,0.0361,21207.51
1662,904,2,1,389998.01,0.0036,241268.15
1663,905,41,2,134050.77,0.0204,87320.48
1664,906,34,1,29576.45,0.0356,21207.51
1665,906,1,1,303474.01,0.0278,230232.02
1666,907,34,1,29576.45,0.0335,21207.51
1667,907,21,2,1187423.28,0.0006,881791.8
1668,907,44,1,80989.05,0.0242,57232.77
1669,908,44,1,80989.05,0.0093,57232.77
1670,908,36,2,94176.05,0.0107,79768.64
1671,909,29,1,102239.91,0.0269,78390.98
1672,910,44,1,80989.05,0.008,57232.77
1673,911,34,1,29576.45,0.0243,21207.51
1674,912,41,2,134050.77,0.019,87320.48
1675,912,5,1,193101.56,0.0384,112581.22
1676,913,41,2,134050.77,0.0365,87320.48
1677,914,34,1,29576.45,0.0126,21207.51
1678,914,19,1,1354046.38,0.0245,1110487.85
1679,915,45,2,123594.09,0.0004,91072.42
1680,915,34,2,29576.45,0.0295,21207.51
1681,916,41,1,134050.77,0.0255,87320.48
1682,917,1,1,303474.01,0.0035,230232.02
1683,917,29,2,102239.91,0.0062,78390.98
1684,918,34,2,29576.45,0.0245,21207.51
1685,919,1,1,303474.01,0.0228,230232.02
1686,919,34,2,29576.45,0.0387,21207.51
1687,920,34,1,29576.45,0.0023,21207.51
1688,921,14,1,398520.48,0.0044,241485.7
1689,921,34,1,29576.45,0.0071,21207.51
1690,922,2,4,389998.01,0.0273,241268.15
1691,923,35,1,105924.32,0.0004,76373.38
1692,924,35,1,105924.32,0.0398,76373.38
1693,924,21,2,1187423.28,0.0207,881791.8
1694,925,27,2,175446.16,0.0098,143447.23
1695,925,21,1,1187423.28,0.0222,881791.8
1696,925,20,1,575877.6,0.0072,442151.16
1697,926,41,1,134050.77,0.0004,87320.48
1698,927,19,2,1354046.38,0.0276,1110487.85
1699,927,21,1,1187423.28,0.0276,881791.8
1700,927,34,4,29576.45,0.0154,21207.51
1701,928,36,1,94176.05,0.0342,79768.64
1702,928,5,3,193101.56,0.0361,112581.22
1703,929,11,1,597554.26,0.0054,505348.73
1704,930,2,1,389998.01,0.0102,241268.15
1705,930,21,2,1187423.28,0.0108,881791.8
1706,931,34,1,29576.45,0.0147,21207.51
1707,931,29,2,102239.91,0.0242,78390.98
1708,931,1,1,303474.01,0.0339,230232.02
1709,932,34,3,29576.45,0.0347,21207.51
1710,932,35,1,105924.32,0.0364,76373.38
1711,933,21,4,1187423.28,0.034,881791.8
1712,933,11,2,597554.26,0.0188,505348.73
1713,933,35,1,105924.32,0.0364,76373.38
1714,934,1,1,303474.01,0.0136,230232.02
1715,934,36,2,94176.05,0.0191,79768.64
1716,935,35,1,105924.32,0.0298,76373.38
1717,936,41,1,134050.77,0.0307,87320.48
1718,937,1,1,303474.01,0.0039,230232.02
1719,937,2,1,389998.01,0.0297,241268.15
1720,937,36,1,94176.05,0.0149,79768.64
1721,938,27,3,175446.16,0.0182,143447.23
1722,938,21,1,1187423.28,0.0103,881791.8
1723,938,29,1,102239.91,0.0096,78390.98
1724,939,1,1,303474.01,0.0049,230232.02
1725,939,34,3,29576.45,0.0248,21207.51
1726,940,44,4,80989.05,0.0251,57232.77
1727,940,34,3,29576.45,0.0115,21207.51
1728,941,27,1,175446.16,0.0203,143447.23
1729,942,45,2,123594.09,0.0012,91072.42
1730,943,34,1,29576.45,0.0276,21207.51
1731,943,1,1,303474.01,0.0391,230232.02
1732,944,34,4,29576.45,0.0026,21207.51
1733,945,1,1,303474.01,0.0329,230232.02
1734,945,20,2,575877.6,0.032,442151.16
1735,946,29,2,102239.91,0.0086,78390.98
1736,947,9,1,185395.24,0.0192,117809.8
1737,948,1,1,303474.01,0.0045,230232.02
1738,948,29,2,102239.91,0.0394,78390.98
1739,949,14,2,398520.48,0.0224,241485.7
1740,949,29,2,102239.91,0.039,78390.98
1741,950,12,1,918711.15,0.0344,570787.21
1742,950,34,4,29576.45,0.0052,21207.51
1743,951,41,2,134050.77,0.0213,87320.48
1744,951,1,1,303474.01,0.0262,230232.02
1745,952,35,1,105924.32,0.0397,76373.38
1746,953,5,3,193101.56,0.0323,112581.22
1747,953,20,2,575877.6,0.0336,442151.16
1748,954,21,2,1187423.28,0.0236,881791.8
1749,955,5,1,193101.56,0.0111,112581.22
1750,955,1,1,303474.01,0.0241,230232.02
1751,956,35,4,105924.32,0.0091,76373.38
1752,956,45,1,123594.09,0.0014,91072.42
1753,956,44,1,80989.05,0.0334,57232.77
1754,956,21,3,1187423.28,0.0095,881791.8
1755,957,2,1,389998.01,0.014,241268.15
1756,958,1,2,303474.01,0.0314,230232.02
1757,958,29,1,102239.91,0.0103,78390.98
1758,958,36,1,94176.05,0.0004,79768.64
1759,959,14,2,398520.48,0.0307,241485.7
1760,959,5,1,193101.56,0.0305,112581.22
1761,959,21,1,1187423.28,0.0042,881791.8
1762,960,36,1,94176.05,0.0326,79768.64
1763,961,22,1,941129.26,0.009,520217.78
1764,961,34,1,29576.45,0.0049,21207.51
1765,962,21,2,1187423.28,0.0097,881791.8
1766,963,21,1,1187423.28,0.0129,881791.8
1767,963,26,1,128124.88,0.0284,79847.03
1768,963,35,1,105924.32,0.0003,76373.38
1769,964,35,1,105924.32,0.0375,76373.38
1770,964,21,1,1187423.28,0.0308,881791.8
1771,964,14,1,398520.48,0.0202,241485.7
1772,965,2,1,389998.01,0.0311,241268.15
1773,966,1,1,303474.01,0.0141,230232.02
1774,966,2,1,389998.01,0.0273,241268.15
1775,966,5,1,193101.56,0.0022,112581.22
1776,967,34,1,29576.45,0.0005,21207.51
1777,967,36,1,94176.05,0.028,79768.64
1778,968,34,3,29576.45,0.0125,21207.51
1779,969,34,2,29576.45,0.021,21207.51
1780,970,45,1,123594.09,0.0009,91072.42
1781,971,45,1,123594.09,0.0286,91072.42
1782,971,14,2,398520.48,0.0261,241485.7
1783,972,2,2,389998.01,0.0167,241268.15
1784,972,36,1,94176.05,0.0048,79768.64
1785,972,1,2,303474.01,0.0304,230232.02
1786,973,21,3,1187423.28,0.0236,881791.8
1787,974,29,1,102239.91,0.0153,78390.98
1788,974,34,2,29576.45,0.0036,21207.51
1789,975,35,4,105924.32,0.0287,76373.38
1790,975,29,1,102239.91,0.0213,78390.98
1791,976,36,4,94176.05,0.0371,79768.64
1792,977,1,1,303474.01,0.0083,230232.02
1793,977,36,1,94176.05,0.0208,79768.64
1794,978,29,2,102239.91,0.0218,78390.98
1795,979,5,2,193101.56,0.0076,112581.22
1796,980,45,1,123594.09,0.0135,91072.42
1797,980,44,1,80989.05,0.0395,57232.77
1798,980,36,2,94176.05,0.0169,79768.64
1799,981,43,2,129758.67,0.0113,81108.95
1800,982,21,4,1187423.28,0.0294,881791.8
1801,982,11,4,597554.26,0.0042,505348.73
1802,982,5,1,193101.56,0.0101,112581.22
1803,982,41,1,134050.77,0.0389,87320.48
1804,983,36,3,94176.05,0.0307,79768.64
1805,984,45,1,123594.09,0.0002,91072.42
1806,985,36,1,94176.05,0.0183,79768.64
1807,986,34,2,29576.45,0.0151,21207.51
1808,986,2,1,389998.01,0.032,241268.15
1809,987,5,1,193101.56,0.0306,112581.22
1810,988,21,3,1187423.28,0.0055,881791.8
1811,988,34,1,29576.45,0.0037,21207.51
1812,988,2,4,389998.01,0.0086,241268.15
1813,988,44,1,80989.05,0.0356,57232.77
1814,989,34,2,29576.45,0.0048,21207.51
1815,989,20,1,575877.6,0.0327,442151.16
1816,989,41,1,134050.77,0.0053,87320.48
1817,989,31,1,368499.82,0.0346,243595.93
1818,990,34,2,29576.45,0.0149,21207.51
1819,990,21,1,1187423.28,0.0391,881791.8
1820,991,21,2,1187423.28,0.0069,881791.8
1821,992,1,2,303474.01,0.0338,230232.02
1822,993,29,1,102239.91,0.0096,78390.98
1823,993,35,3,105924.32,0.0115,76373.38
1824,994,45,1,123594.09,0.0376,91072.42
1825,994,41,3,134050.77,0.0017,87320.48
1826,994,1,2,303474.01,0.0068,230232.02
1827,995,45,1,123594.09,0.0231,91072.42
1828,996,2,1,389998.01,0.0068,241268.15
1829,997,1,1,303474.01,0.0207,230232.02
1830,998,34,2,29576.45,0.0359,21207.51
1831,998,43,1,129758.67,0.0003,81108.95
1832,999,44,2,80989.05,0.0209,57232.77
1833,999,36,2,94176.05,0.0129,79768.64
1834,1000,5,2,193101.56,0.0098,112581.22
1835,1001,2,1,389998.01,0.0191,241268.15
1836,1001,1,1,303474.01,0.0012,230232.02
1837,1002,29,2,102239.91,0.017,78390.98
1838,1002,27,1,175446.16,0.0032,143447.23
1839,1002,2,2,389998.01,0.0127,241268.15
1840,1002,34,1,29576.45,0.0152,21207.51
1841,1003,34,2,29576.45,0.0258,21207.51
1842,1003,21,3,1187423.28,0.0088,881791.8
1843,1004,20,1,575877.6,0.0219,442151.16
1844,1004,34,1,29576.45,0.0086,21207.51
1845,1005,34,2,29576.45,0.0059,21207.51
1846,1006,14,3,398520.48,0.0202,241485.7
1847,1007,1,2,303474.01,0.0082,230232.02
1848,1007,44,1,80989.05,0.0303,57232.77
1849,1008,34,1,29576.45,0.0129,21207.51
1850,1008,5,1,193101.56,0.0332,112581.22
1851,1008,29,1,102239.91,0.037,78390.98
1852,1009,29,2,102239.91,0.0267,78390.98
1853,1009,2,1,389998.01,0.0027,241268.15
1854,1009,5,1,193101.56,0.0145,112581.22
1855,1009,45,1,123594.09,0.0275,91072.42
1856,1010,29,2,102239.91,0.0159,78390.98
1857,1010,5,1,193101.56,0.0185,112581.22
1858,1011,35,2,105924.32,0.0082,76373.38
1859,1011,27,1,175446.16,0.0371,143447.23
1860,1011,34,1,29576.45,0.0102,21207.51
1861,1011,19,1,1354046.38,0.0228,1110487.85
1862,1012,1,1,303474.01,0.0252,230232.02
1863,1013,5,2,193101.56,0.0203,112581.22
1864,1014,45,1,123594.09,0.0256,91072.42
1865,1014,34,1,29576.45,0.0164,21207.51
1866,1015,34,2,29576.45,0.0006,21207.51
1867,1015,1,1,303474.01,0.0095,230232.02
1868,1016,35,1,105924.32,0.0303,76373.38
1869,1016,27,2,175446.16,0.0341,143447.23
1870,1017,29,1,102239.91,0.0332,78390.98
1871,1018,21,1,1187423.28,0.0078,881791.8
1872,1019,29,1,102239.91,0.0085,78390.98
1873,1019,1,2,303474.01,0.0098,230232.02
1874,1019,35,3,105924.32,0.0147,76373.38
1875,1020,2,1,389998.01,0.0323,241268.15
1876,1020,1,3,303474.01,0.0315,230232.02
1877,1021,43,1,129758.67,0.037,81108.95
1878,1021,14,2,398520.48,0.0348,241485.7
1879,1021,31,2,368499.82,0.0081,243595.93
1880,1022,36,1,94176.05,0.0278,79768.64
1881,1022,34,1,29576.45,0.0061,21207.51
1882,1023,1,3,303474.01,0.0357,230232.02
1883,1023,29,2,102239.91,0.0277,78390.98
1884,1023,21,2,1187423.28,0.0042,881791.8
1885,1023,36,3,94176.05,0.0352,79768.64
1886,1024,45,3,123594.09,0.0221,91072.42
1887,1024,2,1,389998.01,0.0387,241268.15
1888,1025,2,2,389998.01,0.0149,241268.15
1889,1025,34,2,29576.45,0.0288,21207.51
1890,1026,24,1,1091294.49,0.012,677884.56
1891,1026,35,2,105924.32,0.0363,76373.38
1892,1027,2,1,389998.01,0.0048,241268.15
1893,1028,1,2,303474.01,0.0381,230232.02
1894,1028,34,1,29576.45,0.0185,21207.51
1895,1028,45,2,123594.09,0.0064,91072.42
1896,1029,1,1,303474.01,0.0119,230232.02
1897,1030,36,1,94176.05,0.0079,79768.64
1898,1031,21,2,1187423.28,0.0073,881791.8
1899,1032,1,1,303474.01,0.0223,230232.02
1900,1033,27,3,175446.16,0.0328,143447.23
1901,1033,14,1,398520.48,0.0055,241485.7
1902,1034,34,4,29576.45,0.0269,21207.51
1903,1035,12,1,918711.15,0.0194,570787.21
1904,1036,27,2,175446.16,0.0229,143447.23
1905,1037,5,1,193101.56,0.0102,112581.22
1906,1037,36,1,94176.05,0.0287,79768.64
1907,1038,44,1,80989.05,0.0336,57232.77
1908,1039,21,1,1187423.28,0.0139,881791.8
1909,1040,21,1,1187423.28,0.0268,881791.8
1910,1040,45,1,123594.09,0.0026,91072.42
1911,1041,2,2,389998.01,0.0358,241268.15
1912,1041,36,1,94176.05,0.0212,79768.64
1913,1042,29,1,102239.91,0.0015,78390.98
1914,1042,36,1,94176.05,0.0095,79768.64
1915,1043,19,3,1354046.38,0.0322,1110487.85
1916,1044,19,4,1354046.38,0.0174,1110487.85
1917,1044,20,1,575877.6,0.0224,442151.16
1918,1044,1,3,303474.01,0.0186,230232.02
1919,1044,5,1,193101.56,0.0054,112581.22
1920,1045,45,1,123594.09,0.0141,91072.42
1921,1046,11,1,597554.26,0.0389,505348.73
1922,1046,1,1,303474.01,0.0378,230232.02
1923,1046,12,1,918711.15,0.0281,570787.21
1924,1047,21,2,1187423.28,0.0353,881791.8
1925,1048,29,1,102239.91,0.0122,78390.98
1926,1049,1,1,303474.01,0.0271,230232.02
1927,1050,35,2,105924.32,0.0345,76373.38
1928,1051,36,1,94176.05,0.0229,79768.64
1929,1051,9,1,185395.24,0.0137,117809.8
1930,1052,35,3,105924.32,0.0297,76373.38
1931,1053,21,1,1187423.28,0.0127,881791.8
1932,1054,21,4,1187423.28,0.0128,881791.8
1933,1054,44,1,80989.05,0.024,57232.77
1934,1054,41,1,134050.77,0.0085,87320.48
1935,1054,29,2,102239.91,0.0134,78390.98
1936,1055,19,1,1354046.38,0.028,1110487.85
1937,1055,29,2,102239.91,0.0204,78390.98
1938,1056,34,1,29576.45,0.0046,21207.51
1939,1056,1,1,303474.01,0.0098,230232.02
1940,1057,44,2,80989.05,0.0147,57232.77
1941,1058,34,2,29576.45,0.0273,21207.51
1942,1059,2,1,389998.01,0.0061,241268.15
1943,1059,36,1,94176.05,0.0354,79768.64
1944,1060,34,1,29576.45,0.0385,21207.51
1945,1061,19,1,1354046.38,0.0287,1110487.85
1946,1061,29,2,102239.91,0.0236,78390.98
1947,1062,36,1,94176.05,0.0332,79768.64
1948,1062,45,4,123594.09,0.02,91072.42
1949,1062,14,2,398520.48,0.0244,241485.7
1950,1063,34,2,29576.45,0.0011,21207.51
1951,1063,36,2,94176.05,0.0314,79768.64
1952,1063,45,2,123594.09,0.0285,91072.42
1953,1064,1,1,303474.01,0.0327,230232.02
1954,1065,29,1,102239.91,0.0232,78390.98
1955,1065,41,2,134050.77,0.0301,87320.48
1956,1065,1,2,303474.01,0.0007,230232.02
1957,1065,21,2,1187423.28,0.0309,881791.8
1958,1066,31,2,368499.82,0.0172,243595.93
1959,1066,29,4,102239.91,0.0308,78390.98
1960,1067,34,3,29576.45,0.0363,21207.51
1961,1067,1,2,303474.01,0.0225,230232.02
1962,1068,35,1,105924.32,0.01,76373.38
1963,1068,14,1,398520.48,0.0231,241485.7
1964,1069,36,3,94176.05,0.0223,79768.64
1965,1070,21,1,1187423.28,0.0023,881791.8
1966,1070,1,3,303474.01,0.0127,230232.02
1967,1071,45,2,123594.09,0.0234,91072.42
1968,1071,34,1,29576.45,0.0073,21207.51
1969,1072,21,1,1187423.28,0.0316,881791.8
1970,1073,14,1,398520.48,0.0035,241485.7
1971,1074,29,1,102239.91,0.005,78390.98
1972,1074,45,2,123594.09,0.0083,91072.42
1973,1075,19,1,1354046.38,0.0373,1110487.85
1974,1075,44,1,80989.05,0.0168,57232.77
1975,1076,20,1,575877.6,0.0258,442151.16
1976,1076,34,1,29576.45,0.0044,21207.51
1977,1076,21,2,1187423.28,0.0366,881791.8
1978,1076,1,1,303474.01,0.025,230232.02
1979,1077,44,1,80989.05,0.0246,57232.77
1980,1077,5,1,193101.56,0.0151,112581.22
1981,1078,44,3,80989.05,0.0139,57232.77
1982,1079,2,1,389998.01,0.0101,241268.15
1983,1079,14,2,398520.48,0.0305,241485.7
1984,1080,44,1,80989.05,0.0364,57232.77
1985,1080,34,1,29576.45,0.0288,21207.51
1986,1081,5,2,193101.56,0.0374,112581.22
1987,1081,29,2,102239.91,0.0121,78390.98
1988,1082,5,1,193101.56,0.0012,112581.22
1989,1083,41,1,134050.77,0.028,87320.48
1990,1083,1,2,303474.01,0.0337,230232.02
1991,1083,29,1,102239.91,0.029,78390.98
1992,1084,1,2,303474.01,0.0137,230232.02
1993,1085,34,1,29576.45,0.0126,21207.51
1994,1085,44,1,80989.05,0.031,57232.77
1995,1085,36,2,94176.05,0.0084,79768.64
1996,1086,21,1,1187423.28,0.0194,881791.8
1997,1087,11,1,597554.26,0.0265,505348.73
1998,1087,2,1,389998.01,0.0379,241268.15
1999,1088,36,2,94176.05,0.0245,79768.64
2000,1089,1,1,303474.01,0.0146,230232.02
2001,1090,34,1,29576.45,0.0155,21207.51
2002,1091,21,1,1187423.28,0.0169,881791.8
2003,1092,45,1,123594.09,0.0259,91072.42
2004,1093,29,3,102239.91,0.0035,78390.98
2005,1093,44,1,80989.05,0.0021,57232.77
2006,1094,45,2,123594.09,0.0161,91072.42
2007,1094,31,2,368499.82,0.0275,243595.93
2008,1095,35,1,105924.32,0.0023,76373.38
2009,1095,34,1,29576.45,0.0008,21207.51
2010,1095,21,3,1187423.28,0.0122,881791.8
2011,1095,1,1,303474.01,0.0127,230232.02
2012,1096,34,1,29576.45,0.0128,21207.51
2013,1097,34,4,29576.45,0.0223,21207.51
2014,1097,2,1,389998.01,0.0014,241268.15
2015,1098,11,1,597554.26,0.0362,505348.73
2016,1098,34,1,29576.45,0.0067,21207.51
2017,1098,2,1,389998.01,0.0398,241268.15
2018,1099,34,1,29576.45,0.0047,21207.51
2019,1100,34,1,29576.45,0.0306,21207.51
2020,1100,21,3,1187423.28,0.0373,881791.8
2021,1101,14,1,398520.48,0.0039,241485.7
2022,1102,21,2,1187423.28,0.0215,881791.8
2023,1102,34,3,29576.45,0.0321,21207.51
2024,1103,34,2,29576.45,0.0003,21207.51
2025,1104,36,1,94176.05,0.0375,79768.64
2026,1105,1,2,303474.01,0.0293,230232.02
2027,1106,34,2,29576.45,0.0116,21207.51
2028,1106,19,2,1354046.38,0.022,1110487.85
2029,1106,36,1,94176.05,0.0,79768.64
2030,1107,1,3,303474.01,0.0116,230232.02
2031,1108,29,1,102239.91,0.0055,78390.98
2032,1109,29,1,102239.91,0.0368,78390.98
2033,1110,20,1,575877.6,0.0226,442151.16
2034,1111,45,3,123594.09,0.0151,91072.42
2035,1112,2,1,389998.01,0.0313,241268.15
2036,1112,34,1,29576.45,0.0096,21207.51
2037,1113,29,3,102239.91,0.0321,78390.98
2038,1114,14,2,398520.48,0.0236,241485.7
2039,1115,19,1,1354046.38,0.0312,1110487.85
2040,1115,2,1,389998.01,0.0291,241268.15
2041,1116,36,2,94176.05,0.0009,79768.64
2042,1117,29,1,102239.91,0.0063,78390.98
2043,1118,11,1,597554.26,0.0397,505348.73
2044,1118,21,1,1187423.28,0.0227,881791.8
2045,1119,41,1,134050.77,0.005,87320.48
2046,1120,36,1,94176.05,0.0301,79768.64
2047,1120,1,1,303474.01,0.0396,230232.02
2048,1120,34,1,29576.45,0.0001,21207.51
2049,1121,2,4,389998.01,0.0259,241268.15
2050,1121,9,1,185395.24,0.0216,117809.8
2051,1122,36,1,94176.05,0.0067,79768.64
2052,1122,1,2,303474.01,0.0358,230232.02
2053,1122,35,2,105924.32,0.0397,76373.38
2054,1123,34,1,29576.45,0.0274,21207.51
2055,1124,34,2,29576.45,0.0367,21207.51
2056,1124,35,1,105924.32,0.0017,76373.38
2057,1125,29,2,102239.91,0.0085,78390.98
2058,1126,44,1,80989.05,0.0004,57232.77
2059,1126,5,1,193101.56,0.0291,112581.22
2060,1126,27,1,175446.16,0.03,143447.23
2061,1127,20,1,575877.6,0.0036,442151.16
2062,1128,36,1,94176.05,0.0365,79768.64
2063,1128,1,1,303474.01,0.0139,230232.02
2064,1129,21,1,1187423.28,0.0238,881791.8
2065,1130,35,2,105924.32,0.008,76373.38
2066,1130,19,1,1354046.38,0.0039,1110487.85
2067,1131,11,1,597554.26,0.0386,505348.73
2068,1132,11,2,597554.26,0.013,505348.73
2069,1132,34,1,29576.45,0.0103,21207.51
2070,1133,19,1,1354046.38,0.0137,1110487.85
2071,1134,21,4,1187423.28,0.0137,881791.8
2072,1134,29,2,102239.91,0.0263,78390.98
2073,1134,44,1,80989.05,0.0367,57232.77
2074,1135,35,2,105924.32,0.0139,76373.38
2075,1136,5,1,193101.56,0.0346,112581.22
2076,1137,35,1,105924.32,0.0161,76373.38
2077,1138,36,2,94176.05,0.0304,79768.64
2078,1139,34,2,29576.45,0.0367,21207.51
2079,1139,27,2,175446.16,0.0374,143447.23
2080,1139,1,1,303474.01,0.02,230232.02
2081,1140,34,2,29576.45,0.0351,21207.51
2082,1140,29,1,102239.91,0.0349,78390.98
2083,1140,19,2,1354046.38,0.0068,1110487.85
2084,1140,1,1,303474.01,0.0104,230232.02
2085,1141,11,2,597554.26,0.0368,505348.73
2086,1141,31,1,368499.82,0.0375,243595.93
2087,1141,2,1,389998.01,0.0082,241268.15
2088,1142,34,4,29576.45,0.0134,21207.51
2089,1143,36,1,94176.05,0.0114,79768.64
2090,1144,20,1,575877.6,0.0253,442151.16
2091,1144,1,3,303474.01,0.0205,230232.02
2092,1144,2,2,389998.01,0.013,241268.15
2093,1145,21,1,1187423.28,0.029,881791.8
2094,1145,36,2,94176.05,0.0077,79768.64
2095,1145,34,1,29576.45,0.0125,21207.51
2096,1145,45,1,123594.09,0.0234,91072.42
2097,1146,9,1,185395.24,0.0218,117809.8
2098,1146,34,1,29576.45,0.0056,21207.51
2099,1146,27,1,175446.16,0.0394,143447.23
2100,1146,29,3,102239.91,0.0136,78390.98
2101,1147,20,1,575877.6,0.0274,442151.16
2102,1147,34,2,29576.45,0.0316,21207.51
2103,1148,34,3,29576.45,0.0028,21207.51
2104,1149,20,3,575877.6,0.0195,442151.16
2105,1149,2,1,389998.01,0.0092,241268.15
2106,1150,31,1,368499.82,0.0169,243595.93
2107,1150,34,1,29576.45,0.0326,21207.51
2108,1151,29,2,102239.91,0.0163,78390.98
2109,1152,1,1,303474.01,0.0244,230232.02
2110,1152,14,2,398520.48,0.0028,241485.7
2111,1153,35,3,105924.32,0.0025,76373.38
2112,1153,34,2,29576.45,0.0238,21207.51
2113,1153,1,1,303474.01,0.0137,230232.02
2114,1154,27,1,175446.16,0.0373,143447.23
2115,1154,21,2,1187423.28,0.0011,881791.8
2116,1154,34,1,29576.45,0.0289,21207.51
2117,1154,2,1,389998.01,0.0051,241268.15
2118,1155,29,2,102239.91,0.0301,78390.98
2119,1155,44,1,80989.05,0.0103,57232.77
2120,1156,21,3,1187423.28,0.0127,881791.8
2121,1156,20,2,575877.6,0.0065,442151.16
2122,1156,1,1,303474.01,0.0072,230232.02
2123,1156,45,1,123594.09,0.0342,91072.42
2124,1157,45,1,123594.09,0.0339,91072.42
2125,1157,1,2,303474.01,0.004,230232.02
2126,1158,36,2,94176.05,0.0286,79768.64
2127,1158,5,2,193101.56,0.0068,112581.22
2128,1159,29,2,102239.91,0.0359,78390.98
2129,1160,34,1,29576.45,0.0344,21207.51
2130,1161,21,1,1187423.28,0.0139,881791.8
2131,1162,29,1,102239.91,0.0227,78390.98
2132,1163,34,4,29576.45,0.0375,21207.51
2133,1164,5,3,193101.56,0.0264,112581.22
2134,1164,45,1,123594.09,0.002,91072.42
2135,1164,1,1,303474.01,0.013,230232.02
2136,1164,41,1,134050.77,0.0397,87320.48
2137,1165,21,1,1187423.28,0.0278,881791.8
2138,1166,21,3,1187423.28,0.0212,881791.8
2139,1167,14,3,398520.48,0.025,241485.7
2140,1168,1,1,303474.01,0.0299,230232.02
2141,1168,12,1,918711.15,0.0346,570787.21
2142,1169,21,1,1187423.28,0.0273,881791.8
2143,1169,27,3,175446.16,0.015,143447.23
2144,1169,36,4,94176.05,0.0272,79768.64
2145,1169,44,1,80989.05,0.0271,57232.77
2146,1170,20,1,575877.6,0.0318,442151.16
2147,1170,45,1,123594.09,0.0318,91072.42
2148,1171,36,1,94176.05,0.0307,79768.64
2149,1172,44,3,80989.05,0.0346,57232.77
2150,1172,34,1,29576.45,0.0335,21207.51
2151,1172,5,1,193101.56,0.0079,112581.22
2152,1172,41,1,134050.77,0.0343,87320.48
2153,1173,29,1,102239.91,0.0098,78390.98
2154,1174,36,3,94176.05,0.0167,79768.64
2155,1174,34,1,29576.45,0.0067,21207.51
2156,1175,9,1,185395.24,0.0164,117809.8
2157,1176,21,1,1187423.28,0.0338,881791.8
2158,1176,45,4,123594.09,0.0048,91072.42
2159,1177,1,2,303474.01,0.0076,230232.02
2160,1178,34,1,29576.45,0.0367,21207.51
2161,1179,45,1,123594.09,0.0006,91072.42
2162,1179,1,1,303474.01,0.0127,230232.02
2163,1180,14,2,398520.48,0.0126,241485.7
2164,1180,29,1,102239.91,0.0132,78390.98
2165,1181,36,4,94176.05,0.0056,79768.64
2166,1182,29,1,102239.91,0.0196,78390.98
2167,1183,1,1,303474.01,0.0176,230232.02
2168,1183,2,1,389998.01,0.0308,241268.15
2169,1183,21,2,1187423.28,0.028,881791.8
2170,1183,20,1,575877.6,0.0363,442151.16
2171,1184,9,1,185395.24,0.0278,117809.8
2172,1185,36,1,94176.05,0.0127,79768.64
2173,1185,1,1,303474.01,0.0173,230232.02
2174,1186,35,1,105924.32,0.0252,76373.38
2175,1186,44,3,80989.05,0.0135,57232.77
2176,1187,34,3,29576.45,0.0277,21207.51
2177,1188,34,1,29576.45,0.027,21207.51
2178,1189,2,2,389998.01,0.0227,241268.15
2179,1189,29,2,102239.91,0.0128,78390.98
2180,1190,21,4,1187423.28,0.0156,881791.8
2181,1190,11,2,597554.26,0.0098,505348.73
2182,1191,29,3,102239.91,0.001,78390.98
2183,1192,1,1,303474.01,0.0161,230232.02
2184,1193,14,1,398520.48,0.0028,241485.7
2185,1193,34,1,29576.45,0.021,21207.51
2186,1194,24,2,1091294.49,0.0219,677884.56
2187,1194,2,1,389998.01,0.0306,241268.15
2188,1195,1,1,303474.01,0.0296,230232.02
2189,1196,14,1,398520.48,0.0131,241485.7
2190,1197,29,1,102239.91,0.0398,78390.98
2191,1197,2,1,389998.01,0.0251,241268.15
2192,1198,34,2,29576.45,0.0226,21207.51
2193,1198,45,1,123594.09,0.0199,91072.42
2194,1198,29,2,102239.91,0.002,78390.98
2195,1199,29,1,102239.91,0.034,78390.98
2196,1199,34,1,29576.45,0.0348,21207.51
2197,1199,41,1,134050.77,0.0288,87320.48
2198,1200,44,2,80989.05,0.0251,57232.77
2199,1201,1,1,303474.01,0.0111,230232.02
2200,1202,5,2,193101.56,0.0033,112581.22
2201,1202,2,1,389998.01,0.0247,241268.15
2202,1203,34,4,29576.45,0.0208,21207.51
2203,1204,1,1,303474.01,0.0217,230232.02
2204,1205,36,1,94176.05,0.0012,79768.64
2205,1206,1,1,303474.01,0.0057,230232.02
2206,1206,29,2,102239.91,0.0381,78390.98
2207,1207,12,3,918711.15,0.0323,570787.21
2208,1207,22,1,941129.26,0.0063,520217.78
2209,1207,21,1,1187423.28,0.0248,881791.8
2210,1207,34,3,29576.45,0.0093,21207.51
2211,1208,29,2,102239.91,0.0178,78390.98
2212,1208,21,1,1187423.28,0.009,881791.8
2213,1209,34,1,29576.45,0.0213,21207.51
2214,1209,44,1,80989.05,0.0206,57232.77
2215,1209,35,1,105924.32,0.0081,76373.38
2216,1209,21,1,1187423.28,0.0001,881791.8
2217,1210,41,1,134050.77,0.0359,87320.48
2218,1210,29,1,102239.91,0.0017,78390.98
2219,1211,44,1,80989.05,0.0001,57232.77
2220,1211,35,1,105924.32,0.033,76373.38
2221,1211,2,2,389998.01,0.0136,241268.15
2222,1212,1,1,303474.01,0.0362,230232.02
2223,1212,34,1,29576.45,0.0325,21207.51
2224,1213,34,1,29576.45,0.0077,21207.51
2225,1214,29,2,102239.91,0.0219,78390.98
2226,1214,45,2,123594.09,0.0256,91072.42
2227,1215,29,1,102239.91,0.0172,78390.98
2228,1215,21,1,1187423.28,0.0172,881791.8
2229,1215,1,2,303474.01,0.0277,230232.02
2230,1216,29,1,102239.91,0.0265,78390.98
2231,1216,36,1,94176.05,0.0378,79768.64
2232,1217,1,2,303474.01,0.03,230232.02
2233,1218,36,1,94176.05,0.0144,79768.64
2234,1218,35,1,105924.32,0.0129,76373.38
2235,1218,2,2,389998.01,0.0373,241268.15
2236,1219,36,1,94176.05,0.0359,79768.64
2237,1220,35,1,105924.32,0.0346,76373.38
2238,1221,27,1,175446.16,0.001,143447.23
2239,1221,11,1,597554.26,0.0235,505348.73
2240,1221,19,1,1354046.38,0.006,1110487.85
2241,1222,34,2,29576.45,0.0337,21207.51
2242,1222,11,1,597554.26,0.0079,505348.73
2243,1222,20,2,575877.6,0.0288,442151.16
2244,1223,44,4,80989.05,0.0346,57232.77
2245,1223,34,1,29576.45,0.0124,21207.51
2246,1223,45,1,123594.09,0.0255,91072.42
2247,1224,1,2,303474.01,0.0037,230232.02
2248,1225,11,1,597554.26,0.0199,505348.73
2249,1225,34,3,29576.45,0.0035,21207.51
2250,1225,21,1,1187423.28,0.0064,881791.8
2251,1226,2,2,389998.01,0.0374,241268.15
2252,1226,35,3,105924.32,0.0295,76373.38
2253,1226,1,1,303474.01,0.0121,230232.02
2254,1227,29,1,102239.91,0.0313,78390.98
2255,1227,34,1,29576.45,0.0051,21207.51
2256,1228,19,1,1354046.38,0.0277,1110487.85
2257,1228,1,1,303474.01,0.0296,230232.02
2258,1229,41,4,134050.77,0.0,87320.48
2259,1230,44,2,80989.05,0.0018,57232.77
2260,1231,26,1,128124.88,0.0233,79847.03
2261,1232,1,1,303474.01,0.0241,230232.02
2262,1232,31,1,368499.82,0.0007,243595.93
2263,1232,20,1,575877.6,0.0355,442151.16
2264,1233,5,4,193101.56,0.0066,112581.22
2265,1234,5,3,193101.56,0.0145,112581.22
2266,1234,21,2,1187423.28,0.014,881791.8
2267,1235,14,1,398520.48,0.0328,241485.7
2268,1236,36,1,94176.05,0.04,79768.64
2269,1237,27,1,175446.16,0.0396,143447.23
2270,1238,21,1,1187423.28,0.0331,881791.8
2271,1239,2,1,389998.01,0.0169,241268.15
2272,1240,41,1,134050.77,0.015,87320.48
2273,1240,1,1,303474.01,0.0098,230232.02
2274,1241,11,1,597554.26,0.0243,505348.73
2275,1241,34,1,29576.45,0.0087,21207.51
2276,1242,34,1,29576.45,0.0023,21207.51
2277,1243,35,2,105924.32,0.0066,76373.38
2278,1243,21,2,1187423.28,0.0393,881791.8
2279,1244,21,1,1187423.28,0.0293,881791.8
2280,1245,14,2,398520.48,0.0392,241485.7
2281,1246,29,2,102239.91,0.0151,78390.98
2282,1247,21,1,1187423.28,0.0029,881791.8
2283,1248,19,1,1354046.38,0.0291,1110487.85
2284,1248,1,1,303474.01,0.0184,230232.02
2285,1249,44,1,80989.05,0.0073,57232.77
2286,1250,1,1,303474.01,0.0247,230232.02
2287,1250,11,1,597554.26,0.0263,505348.73
2288,1251,44,1,80989.05,0.0269,57232.77
2289,1251,34,1,29576.45,0.0329,21207.51
2290,1252,29,1,102239.91,0.0351,78390.98
2291,1252,34,2,29576.45,0.0213,21207.51
2292,1253,2,1,389998.01,0.0142,241268.15
2293,1254,35,2,105924.32,0.0258,76373.38
2294,1254,11,2,597554.26,0.0272,505348.73
2295,1255,45,1,123594.09,0.0252,91072.42
2296,1256,11,2,597554.26,0.005,505348.73
2297,1257,34,1,29576.45,0.02,21207.51
2298,1258,29,1,102239.91,0.0014,78390.98
2299,1259,2,1,389998.01,0.0231,241268.15
2300,1260,21,1,1187423.28,0.0014,881791.8
2301,1260,35,2,105924.32,0.0342,76373.38
2302,1260,9,1,185395.24,0.0154,117809.8
2303,1261,45,1,123594.09,0.0259,91072.42
2304,1262,19,2,1354046.38,0.0394,1110487.85
2305,1262,34,1,29576.45,0.0359,21207.51
2306,1262,27,1,175446.16,0.0047,143447.23
2307,1262,31,2,368499.82,0.0149,243595.93
2308,1263,34,2,29576.45,0.0133,21207.51
2309,1264,29,1,102239.91,0.0314,78390.98
2310,1264,34,1,29576.45,0.0214,21207.51
2311,1265,21,2,1187423.28,0.0248,881791.8
2312,1266,1,1,303474.01,0.0105,230232.02
2313,1267,2,1,389998.01,0.011,241268.15
2314,1267,29,2,102239.91,0.0356,78390.98
2315,1268,44,1,80989.05,0.0237,57232.77
2316,1269,1,1,303474.01,0.0084,230232.02
2317,1269,29,1,102239.91,0.0228,78390.98
2318,1270,11,1,597554.26,0.0133,505348.73
2319,1270,29,1,102239.91,0.0328,78390.98
2320,1271,34,1,29576.45,0.0313,21207.51
2321,1272,34,2,29576.45,0.012,21207.51
2322,1272,35,2,105924.32,0.0297,76373.38
2323,1272,1,2,303474.01,0.0027,230232.02
2324,1273,29,2,102239.91,0.0378,78390.98
2325,1274,11,2,597554.26,0.0218,505348.73
2326,1274,44,1,80989.05,0.0271,57232.77
2327,1274,35,2,105924.32,0.027,76373.38
2328,1275,2,1,389998.01,0.0016,241268.15
2329,1275,11,3,597554.26,0.0064,505348.73
2330,1275,27,2,175446.16,0.0349,143447.23
2331,1275,45,1,123594.09,0.0332,91072.42
2332,1276,2,2,389998.01,0.0028,241268.15
2333,1277,29,2,102239.91,0.0197,78390.98
2334,1277,20,2,575877.6,0.0369,442151.16
2335,1278,34,4,29576.45,0.0179,21207.51
2336,1278,5,1,193101.56,0.0105,112581.22
2337,1279,35,1,105924.32,0.0143,76373.38
2338,1279,1,1,303474.01,0.0155,230232.02
2339,1279,5,3,193101.56,0.0147,112581.22
2340,1279,29,3,102239.91,0.0169,78390.98
2341,1280,20,1,575877.6,0.0125,442151.16
2342,1280,29,1,102239.91,0.017,78390.98
2343,1280,12,1,918711.15,0.0116,570787.21
2344,1281,29,1,102239.91,0.025,78390.98
2345,1282,1,2,303474.01,0.0395,230232.02
2346,1283,21,1,1187423.28,0.0066,881791.8
2347,1284,36,2,94176.05,0.0087,79768.64
2348,1285,26,1,128124.88,0.0327,79847.03
2349,1286,27,4,175446.16,0.0362,143447.23
2350,1286,34,1,29576.45,0.0017,21207.51
2351,1287,21,1,1187423.28,0.0206,881791.8
2352,1288,36,1,94176.05,0.0019,79768.64
2353,1289,21,3,1187423.28,0.0046,881791.8
2354,1289,44,1,80989.05,0.0036,57232.77
2355,1289,36,3,94176.05,0.0383,79768.64
2356,1290,21,1,1187423.28,0.0145,881791.8
2357,1291,21,2,1187423.28,0.0202,881791.8
2358,1291,34,4,29576.45,0.004,21207.51
2359,1292,35,1,105924.32,0.0151,76373.38
2360,1292,5,2,193101.56,0.0372,112581.22
2361,1292,11,2,597554.26,0.031,505348.73
2362,1293,2,1,389998.01,0.0303,241268.15
2363,1293,35,2,105924.32,0.0213,76373.38
2364,1293,34,1,29576.45,0.0304,21207.51
2365,1294,5,1,193101.56,0.0321,112581.22
2366,1294,29,2,102239.91,0.0094,78390.98
2367,1294,35,2,105924.32,0.0075,76373.38
2368,1295,44,1,80989.05,0.0363,57232.77
2369,1296,5,2,193101.56,0.0203,112581.22
2370,1297,19,2,1354046.38,0.035,1110487.85
2371,1297,20,2,575877.6,0.0337,442151.16
2372,1297,34,1,29576.45,0.0122,21207.51
2373,1298,2,2,389998.01,0.0061,241268.15
2374,1299,5,3,193101.56,0.0282,112581.22
2375,1300,34,1,29576.45,0.016,21207.51
2376,1300,29,1,102239.91,0.0004,78390.98
2377,1300,2,1,389998.01,0.0152,241268.15
2378,1301,21,1,1187423.28,0.0153,881791.8
2379,1302,2,2,389998.01,0.0292,241268.15
2380,1303,21,1,1187423.28,0.0387,881791.8
2381,1303,2,3,389998.01,0.0221,241268.15
2382,1303,1,1,303474.01,0.0001,230232.02
2383,1304,36,1,94176.05,0.0375,79768.64
2384,1304,1,1,303474.01,0.0397,230232.02
2385,1305,29,4,102239.91,0.0131,78390.98
2386,1305,1,1,303474.01,0.0319,230232.02
2387,1305,34,2,29576.45,0.0085,21207.51
2388,1306,41,1,134050.77,0.0044,87320.48
2389,1306,34,1,29576.45,0.0372,21207.51
2390,1306,19,1,1354046.38,0.0315,1110487.85
2391,1307,11,2,597554.26,0.0379,505348.73
2392,1308,27,1,175446.16,0.0259,143447.23
2393,1308,2,3,389998.01,0.0071,241268.15
2394,1309,34,1,29576.45,0.0199,21207.51
2395,1310,22,3,941129.26,0.0165,520217.78
2396,1310,5,1,193101.56,0.0354,112581.22
2397,1311,29,2,102239.91,0.0303,78390.98
2398,1312,35,1,105924.32,0.0201,76373.38
2399,1313,29,1,102239.91,0.0389,78390.98
2400,1314,29,3,102239.91,0.0078,78390.98
2401,1314,36,3,94176.05,0.0318,79768.64
2402,1315,1,1,303474.01,0.0194,230232.02
2403,1315,34,1,29576.45,0.0316,21207.51
2404,1315,21,2,1187423.28,0.0031,881791.8
2405,1316,5,3,193101.56,0.0237,112581.22
2406,1316,45,1,123594.09,0.0327,91072.42
2407,1316,21,1,1187423.28,0.0327,881791.8
2408,1317,20,1,575877.6,0.0243,442151.16
2409,1317,5,1,193101.56,0.0378,112581.22
2410,1317,45,1,123594.09,0.0082,91072.42
2411,1318,36,1,94176.05,0.0275,79768.64
2412,1318,1,1,303474.01,0.0227,230232.02
2413,1318,29,2,102239.91,0.0167,78390.98
2414,1319,2,1,389998.01,0.0157,241268.15
2415,1319,34,1,29576.45,0.0252,21207.51
2416,1319,27,1,175446.16,0.0039,143447.23
2417,1319,29,3,102239.91,0.0166,78390.98
2418,1320,43,1,129758.67,0.0087,81108.95
2419,1321,20,1,575877.6,0.0067,442151.16
2420,1322,1,1,303474.01,0.025,230232.02
2421,1323,44,1,80989.05,0.0368,57232.77
2422,1323,2,2,389998.01,0.0386,241268.15
2423,1324,27,2,175446.16,0.0067,143447.23
2424,1325,29,1,102239.91,0.013,78390.98
2425,1325,11,1,597554.26,0.0238,505348.73
2426,1325,5,1,193101.56,0.0041,112581.22
2427,1326,2,3,389998.01,0.0349,241268.15
2428,1327,1,1,303474.01,0.0045,230232.02
2429,1327,29,1,102239.91,0.0101,78390.98
2430,1328,36,2,94176.05,0.0184,79768.64
2431,1328,2,1,389998.01,0.0176,241268.15
2432,1329,34,2,29576.45,0.0067,21207.51
2433,1330,21,2,1187423.28,0.0091,881791.8
2434,1330,1,1,303474.01,0.0225,230232.02
2435,1331,27,1,175446.16,0.0301,143447.23
2436,1332,12,1,918711.15,0.0372,570787.21
2437,1333,31,4,368499.82,0.0063,243595.93
2438,1333,21,2,1187423.28,0.0261,881791.8
2439,1334,34,1,29576.45,0.0112,21207.51
2440,1334,44,1,80989.05,0.0373,57232.77
2441,1334,11,1,597554.26,0.0364,505348.73
2442,1335,44,1,80989.05,0.0119,57232.77
2443,1336,5,2,193101.56,0.0154,112581.22
2444,1336,1,3,303474.01,0.0098,230232.02
2445,1337,5,2,193101.56,0.011,112581.22
2446,1337,36,1,94176.05,0.0146,79768.64
2447,1338,34,3,29576.45,0.0381,21207.51
2448,1339,45,2,123594.09,0.0096,91072.42
2449,1339,34,1,29576.45,0.0321,21207.51
2450,1340,21,2,1187423.28,0.0312,881791.8
2451,1340,36,1,94176.05,0.0058,79768.64
2452,1341,45,1,123594.09,0.0331,91072.42
2453,1341,35,1,105924.32,0.0087,76373.38
2454,1341,29,1,102239.91,0.0298,78390.98
2455,1342,36,1,94176.05,0.0197,79768.64
2456,1342,5,1,193101.56,0.0096,112581.22
2457,1343,41,1,134050.77,0.0155,87320.48
2458,1344,45,1,123594.09,0.0157,91072.42
2459,1344,34,1,29576.45,0.0114,21207.51
2460,1345,5,1,193101.56,0.0257,112581.22
2461,1345,2,1,389998.01,0.0336,241268.15
2462,1345,45,3,123594.09,0.0161,91072.42
2463,1345,36,2,94176.05,0.01,79768.64
2464,1346,34,1,29576.45,0.0137,21207.51
2465,1347,44,1,80989.05,0.0164,57232.77
2466,1348,29,1,102239.91,0.0007,78390.98
2467,1348,41,1,134050.77,0.0179,87320.48
2468,1349,2,1,389998.01,0.0204,241268.15
2469,1350,5,3,193101.56,0.0069,112581.22
2470,1351,29,1,102239.91,0.0394,78390.98
2471,1352,20,1,575877.6,0.0007,442151.16
2472,1352,21,1,1187423.28,0.0083,881791.8
2473,1353,35,1,105924.32,0.0106,76373.38
2474,1353,1,1,303474.01,0.0302,230232.02
2475,1354,34,2,29576.45,0.0104,21207.51
2476,1354,1,2,303474.01,0.0047,230232.02
2477,1355,36,2,94176.05,0.033,79768.64
2478,1356,5,2,193101.56,0.0271,112581.22
2479,1357,34,3,29576.45,0.0204,21207.51
2480,1358,31,1,368499.82,0.0181,243595.93
2481,1358,21,2,1187423.28,0.0118,881791.8
2482,1359,14,3,398520.48,0.033,241485.7
2483,1360,1,1,303474.01,0.027,230232.02
2484,1361,20,1,575877.6,0.0034,442151.16
2485,1362,5,1,193101.56,0.0252,112581.22
2486,1362,2,2,389998.01,0.0195,241268.15
2487,1363,34,1,29576.45,0.0125,21207.51
2488,1364,9,2,185395.24,0.0001,117809.8
2489,1364,11,2,597554.26,0.0285,505348.73
2490,1365,19,1,1354046.38,0.0337,1110487.85
2491,1366,21,4,1187423.28,0.0149,881791.8
2492,1366,27,3,175446.16,0.0035,143447.23
2493,1366,34,1,29576.45,0.0186,21207.51
2494,1367,29,2,102239.91,0.0068,78390.98
2495,1368,27,1,175446.16,0.0362,143447.23
2496,1368,21,1,1187423.28,0.0252,881791.8
2497,1368,14,1,398520.48,0.0202,241485.7
2498,1369,34,1,29576.45,0.0082,21207.51
2499,1369,20,2,575877.6,0.0209,442151.16
2500,1370,36,1,94176.05,0.0184,79768.64
2501,1371,29,1,102239.91,0.0235,78390.98
2502,1371,34,2,29576.45,0.0298,21207.51
2503,1372,29,1,102239.91,0.0137,78390.98
2504,1372,44,1,80989.05,0.0135,57232.77
2505,1372,21,1,1187423.28,0.0321,881791.8
2506,1373,21,1,1187423.28,0.0104,881791.8
2507,1373,41,1,134050.77,0.034,87320.48
2508,1373,31,3,368499.82,0.0107,243595.93
2509,1374,21,1,1187423.28,0.009,881791.8
2510,1374,11,1,597554.26,0.0231,505348.73
2511,1375,11,1,597554.26,0.0042,505348.73
2512,1376,35,2,105924.32,0.0081,76373.38
2513,1377,14,1,398520.48,0.0132,241485.7
2514,1377,1,1,303474.01,0.0102,230232.02
2515,1377,45,1,123594.09,0.0118,91072.42
2516,1378,29,2,102239.91,0.035,78390.98
2517,1378,27,1,175446.16,0.0182,143447.23
2518,1378,44,1,80989.05,0.0288,57232.77
2519,1379,21,2,1187423.28,0.0014,881791.8
2520,1379,35,1,105924.32,0.0011,76373.38
2521,1379,34,1,29576.45,0.0032,21207.51
2522,1379,27,1,175446.16,0.0122,143447.23
2523,1380,34,1,29576.45,0.0309,21207.51
2524,1381,45,1,123594.09,0.0251,91072.42
2525,1382,5,1,193101.56,0.0341,112581.22
2526,1382,1,1,303474.01,0.0147,230232.02
2527,1383,36,1,94176.05,0.0223,79768.64
2528,1384,21,1,1187423.28,0.0362,881791.8
2529,1385,29,2,102239.91,0.0139,78390.98
2530,1386,9,1,185395.24,0.0301,117809.8
2531,1387,36,1,94176.05,0.0024,79768.64
2532,1387,34,3,29576.45,0.0356,21207.51
2533,1388,45,1,123594.09,0.0325,91072.42
2534,1388,27,1,175446.16,0.0261,143447.23
2535,1389,45,2,123594.09,0.0012,91072.42
2536,1389,29,1,102239.91,0.0223,78390.98
2537,1390,34,2,29576.45,0.0352,21207.51
2538,1390,27,3,175446.16,0.0163,143447.23
2539,1390,24,1,1091294.49,0.0252,677884.56
2540,1391,9,1,185395.24,0.0223,117809.8
2541,1391,21,1,1187423.28,0.0011,881791.8
2542,1391,34,2,29576.45,0.0273,21207.51
2543,1392,1,3,303474.01,0.0032,230232.02
2544,1392,34,1,29576.45,0.0346,21207.51
2545,1393,19,1,1354046.38,0.0295,1110487.85
2546,1393,12,3,918711.15,0.0276,570787.21
2547,1394,34,1,29576.45,0.0116,21207.51
2548,1394,9,3,185395.24,0.0246,117809.8
2549,1394,45,1,123594.09,0.021,91072.42
2550,1395,45,1,123594.09,0.0262,91072.42
2551,1395,21,1,1187423.28,0.0121,881791.8
2552,1396,21,1,1187423.28,0.0089,881791.8
2553,1396,1,3,303474.01,0.027,230232.02
2554,1397,34,1,29576.45,0.0137,21207.51
2555,1397,2,1,389998.01,0.0062,241268.15
2556,1398,44,1,80989.05,0.0191,57232.77
2557,1398,45,1,123594.09,0.0043,91072.42
2558,1399,2,4,389998.01,0.017,241268.15
2559,1399,34,2,29576.45,0.0262,21207.51
2560,1399,27,1,175446.16,0.0119,143447.23
2561,1399,29,1,102239.91,0.0238,78390.98
2562,1400,5,3,193101.56,0.0316,112581.22
2563,1400,34,3,29576.45,0.0356,21207.51
2564,1401,14,1,430402.12,0.0129,277708.56
2565,1401,46,1,122366.61,0.0414,87743.33
2566,1401,29,1,110419.1,0.0509,90149.63
2567,1402,35,1,114398.27,0.0274,87829.39
2568,1402,46,2,122366.61,0.0015,87743.33
2569,1402,44,1,87468.17,0.0507,65817.69
2570,1402,34,2,31942.57,0.025,24388.64
2571,1403,27,1,189481.85,0.038,164964.31
2572,1403,28,2,350006.59,0.0111,261179.39
2573,1403,21,1,1282417.14,0.055,1014060.57
2574,1404,47,1,90415.22,0.0288,80954.3
2575,1405,19,3,1462370.09,0.006,1277061.03
2576,1406,28,1,350006.59,0.0483,261179.39
2577,1406,45,1,133481.62,0.0233,104733.28
2578,1407,25,1,1388769.02,0.0347,1105069.8
2579,1407,46,4,122366.61,0.0415,87743.33
2580,1407,21,2,1282417.14,0.0019,1014060.57
2581,1407,1,1,327751.93,0.0022,264766.82
2582,1408,31,4,397979.81,0.0201,280135.32
2583,1408,28,1,350006.59,0.0088,261179.39
2584,1408,44,1,87468.17,0.0222,65817.69
2585,1408,24,2,1178598.05,0.052,779567.24
2586,1409,11,2,645358.6,0.046,581151.04
2587,1409,25,2,1388769.02,0.0285,1105069.8
2588,1410,21,1,1282417.14,0.0408,1014060.57
2589,1411,31,1,397979.81,0.0548,280135.32
2590,1411,21,1,1282417.14,0.0477,1014060.57
2591,1411,29,3,110419.1,0.0379,90149.63
2592,1411,45,3,133481.62,0.0354,104733.28
2593,1412,28,1,350006.59,0.0334,261179.39
2594,1413,36,1,101710.13,0.0363,91733.94
2595,1413,20,2,621947.81,0.0069,508473.83
2596,1413,46,1,122366.61,0.022,87743.33
2597,1414,20,1,621947.81,0.0119,508473.83
2598,1415,34,2,31942.57,0.0413,24388.64
2599,1416,21,1,1282417.14,0.0572,1014060.57
2600,1416,1,3,327751.93,0.0575,264766.82
2601,1417,20,3,621947.81,0.0458,508473.83
2602,1418,19,1,1462370.09,0.041,1277061.03
2603,1419,46,1,122366.61,0.03,87743.33
2604,1420,20,3,621947.81,0.0356,508473.83
2605,1420,49,2,117158.57,0.0186,71640.42
2606,1421,29,1,110419.1,0.0514,90149.63
2607,1421,14,1,430402.12,0.0281,277708.56
2608,1422,26,2,138374.87,0.0572,91824.08
2609,1423,14,1,430402.12,0.0424,277708.56
2610,1424,46,1,122366.61,0.0065,87743.33
2611,1424,5,1,208549.68,0.033,129468.4
2612,1424,1,1,327751.93,0.0112,264766.82
2613,1425,21,2,1282417.14,0.0596,1014060.57
2614,1426,5,2,208549.68,0.0505,129468.4
2615,1426,34,1,31942.57,0.0373,24388.64
2616,1426,28,1,350006.59,0.0424,261179.39
2617,1427,44,3,87468.17,0.0321,65817.69
2618,1427,21,2,1282417.14,0.0566,1014060.57
2619,1427,1,1,327751.93,0.0476,264766.82
2620,1427,35,1,114398.27,0.0526,87829.39
2621,1428,29,1,110419.1,0.0432,90149.63
2622,1429,41,1,144774.83,0.0333,100418.55
2623,1430,28,1,350006.59,0.0505,261179.39
2624,1430,44,2,87468.17,0.0347,65817.69
2625,1430,14,2,430402.12,0.0024,277708.56
2626,1431,50,1,51767.56,0.009,45452.34
2627,1432,13,1,827410.55,0.0437,652020.78
2628,1433,46,3,122366.61,0.0087,87743.33
2629,1433,20,1,621947.81,0.0321,508473.83
2630,1434,46,2,122366.61,0.0304,87743.33
2631,1435,36,1,101710.13,0.0225,91733.94
2632,1435,27,1,189481.85,0.001,164964.31
2633,1436,28,1,350006.59,0.009,261179.39
2634,1437,36,1,101710.13,0.0059,91733.94
2635,1437,31,1,397979.81,0.0214,280135.32
2636,1437,34,1,31942.57,0.0085,24388.64
2637,1438,21,1,1282417.14,0.048,1014060.57
2638,1439,21,1,1282417.14,0.0074,1014060.57
2639,1439,34,2,31942.57,0.0483,24388.64
2640,1439,2,4,421197.85,0.0004,277458.37
2641,1440,27,2,189481.85,0.0497,164964.31
2642,1441,46,2,122366.61,0.0173,87743.33
2643,1442,29,1,110419.1,0.0095,90149.63
2644,1443,46,2,122366.61,0.0505,87743.33
2645,1443,20,1,621947.81,0.0008,508473.83
2646,1444,28,1,350006.59,0.0416,261179.39
2647,1445,29,1,110419.1,0.0315,90149.63
2648,1446,21,2,1282417.14,0.0264,1014060.57
2649,1447,34,2,31942.57,0.0067,24388.64
2650,1447,5,1,208549.68,0.0421,129468.4
2651,1447,29,1,110419.1,0.0475,90149.63
2652,1448,6,1,472315.06,0.0564,277659.37
2653,1449,35,1,114398.27,0.0004,87829.39
2654,1449,46,1,122366.61,0.0347,87743.33
2655,1450,1,1,327751.93,0.0554,264766.82
2656,1450,29,1,110419.1,0.0322,90149.63
2657,1451,28,1,350006.59,0.0287,261179.39
2658,1451,34,1,31942.57,0.0545,24388.64
2659,1452,1,1,327751.93,0.0394,264766.82
2660,1452,27,1,189481.85,0.0469,164964.31
2661,1453,36,2,101710.13,0.0463,91733.94
2662,1453,29,3,110419.1,0.0235,90149.63
2663,1454,34,1,31942.57,0.0396,24388.64
2664,1454,21,1,1282417.14,0.0012,1014060.57
2665,1454,44,1,87468.17,0.0192,65817.69
2666,1455,2,2,421197.85,0.019,277458.37
2667,1456,2,1,421197.85,0.013,277458.37
2668,1456,29,1,110419.1,0.023,90149.63
2669,1457,28,4,350006.59,0.0171,261179.39
2670,1458,36,1,101710.13,0.0527,91733.94
2671,1458,21,1,1282417.14,0.0541,1014060.57
2672,1459,21,1,1282417.14,0.031,1014060.57
2673,1460,35,1,114398.27,0.0141,87829.39
2674,1460,21,2,1282417.14,0.0022,1014060.57
2675,1461,34,1,31942.57,0.0413,24388.64
2676,1461,1,1,327751.93,0.0351,264766.82
2677,1462,34,1,31942.57,0.03,24388.64
2678,1463,46,1,122366.61,0.0102,87743.33
2679,1463,1,2,327751.93,0.0225,264766.82
2680,1463,29,2,110419.1,0.0598,90149.63
2681,1464,43,1,140139.36,0.0302,93275.29
2682,1464,31,3,397979.81,0.0055,280135.32
2683,1464,19,1,1462370.09,0.0227,1277061.03
2684,1464,5,1,208549.68,0.0597,129468.4
2685,1465,40,1,130413.02,0.0497,103453.46
2686,1465,45,1,133481.62,0.0524,104733.28
2687,1466,46,1,122366.61,0.0148,87743.33
2688,1467,46,1,122366.61,0.0088,87743.33
2689,1467,25,4,1388769.02,0.054,1105069.8
2690,1468,34,3,31942.57,0.0561,24388.64
2691,1468,2,2,421197.85,0.0311,277458.37
2692,1469,2,1,421197.85,0.0076,277458.37
2693,1469,1,1,327751.93,0.0268,264766.82
2694,1469,47,3,90415.22,0.0396,80954.3
2695,1470,9,2,200226.86,0.0186,135481.27
2696,1470,28,2,350006.59,0.0117,261179.39
2697,1470,27,1,189481.85,0.0484,164964.31
2698,1471,20,2,621947.81,0.0153,508473.83
2699,1471,29,2,110419.1,0.0121,90149.63
2700,1472,1,1,327751.93,0.0334,264766.82
2701,1472,25,1,1388769.02,0.0217,1105069.8
2702,1473,28,1,350006.59,0.0329,261179.39
2703,1473,41,1,144774.83,0.0566,100418.55
2704,1474,34,1,31942.57,0.0211,24388.64
2705,1474,43,1,140139.36,0.0057,93275.29
2706,1474,25,1,1388769.02,0.0139,1105069.8
2707,1474,5,1,208549.68,0.0383,129468.4
2708,1475,28,1,350006.59,0.0533,261179.39
2709,1476,47,3,90415.22,0.0234,80954.3
2710,1476,14,1,430402.12,0.0064,277708.56
2711,1476,11,1,645358.6,0.0132,581151.04
2712,1477,44,4,87468.17,0.049,65817.69
2713,1477,45,2,133481.62,0.0353,104733.28
2714,1477,2,2,421197.85,0.0568,277458.37
2715,1478,35,1,114398.27,0.0098,87829.39
2716,1478,21,1,1282417.14,0.02,1014060.57
2717,1479,31,2,397979.81,0.0406,280135.32
2718,1479,47,1,90415.22,0.0299,80954.3
2719,1479,18,1,1063067.98,0.0424,811125.08
2720,1480,45,4,133481.62,0.0402,104733.28
2721,1481,1,3,327751.93,0.0597,264766.82
2722,1481,35,1,114398.27,0.0486,87829.39
2723,1482,36,1,101710.13,0.006,91733.94
2724,1483,34,1,31942.57,0.0377,24388.64
2725,1483,44,2,87468.17,0.0372,65817.69
2726,1484,45,2,133481.62,0.0331,104733.28
2727,1485,43,4,140139.36,0.017,93275.29
2728,1485,21,1,1282417.14,0.0409,1014060.57
2729,1486,49,1,117158.57,0.0481,71640.42
2730,1487,28,1,350006.59,0.0378,261179.39
2731,1488,27,2,189481.85,0.052,164964.31
2732,1488,29,1,110419.1,0.0424,90149.63
2733,1489,27,1,189481.85,0.0581,164964.31
2734,1489,34,3,31942.57,0.0174,24388.64
2735,1490,21,2,1282417.14,0.0259,1014060.57
2736,1490,12,3,992208.04,0.0414,656405.29
2737,1491,46,1,122366.61,0.0245,87743.33
2738,1491,28,1,350006.59,0.044,261179.39
2739,1492,47,1,90415.22,0.0185,80954.3
2740,1492,28,1,350006.59,0.0442,261179.39
2741,1493,27,1,189481.85,0.007,164964.31
2742,1493,46,1,122366.61,0.0153,87743.33
2743,1494,34,1,31942.57,0.0279,24388.64
2744,1494,36,2,101710.13,0.0579,91733.94
2745,1494,27,4,189481.85,0.0572,164964.31
2746,1495,28,2,350006.59,0.0456,261179.39
2747,1495,2,3,421197.85,0.0571,277458.37
2748,1496,47,1,90415.22,0.0276,80954.3
2749,1497,18,2,1063067.98,0.0522,811125.08
2750,1497,28,1,350006.59,0.0218,261179.39
2751,1498,5,1,208549.68,0.0133,129468.4
2752,1498,36,2,101710.13,0.0108,91733.94
2753,1498,27,1,189481.85,0.0175,164964.31
2754,1498,45,1,133481.62,0.0348,104733.28
2755,1499,34,1,31942.57,0.0118,24388.64
2756,1500,9,1,200226.86,0.0206,135481.27
2757,1500,1,1,327751.93,0.0261,264766.82
2758,1500,20,1,621947.81,0.0318,508473.83
2759,1501,41,3,144774.83,0.0366,100418.55
2760,1501,46,1,122366.61,0.0367,87743.33
2761,1501,25,1,1388769.02,0.0426,1105069.8
2762,1501,34,1,31942.57,0.0503,24388.64
2763,1502,21,1,1282417.14,0.0276,1014060.57
2764,1502,46,1,122366.61,0.0118,87743.33
2765,1502,47,3,90415.22,0.026,80954.3
2766,1502,45,1,133481.62,0.0458,104733.28
2767,1503,2,1,421197.85,0.0338,277458.37
2768,1504,28,1,350006.59,0.0394,261179.39
2769,1504,49,1,117158.57,0.0286,71640.42
2770,1505,11,4,645358.6,0.003,581151.04
2771,1506,37,3,142796.63,0.059,117419.17
2772,1507,47,1,90415.22,0.0337,80954.3
2773,1507,36,1,101710.13,0.0484,91733.94
2774,1507,34,1,31942.57,0.0118,24388.64
2775,1508,31,1,397979.81,0.0416,280135.32
2776,1508,46,2,122366.61,0.0423,87743.33
2777,1509,27,3,189481.85,0.0083,164964.31
2778,1510,45,1,133481.62,0.0037,104733.28
2779,1511,28,1,350006.59,0.0566,261179.39
2780,1512,36,1,101710.13,0.0085,91733.94
2781,1512,47,1,90415.22,0.0227,80954.3
2782,1512,29,1,110419.1,0.005,90149.63
2783,1513,21,1,1282417.14,0.0175,1014060.57
2784,1513,1,2,327751.93,0.0466,264766.82
2785,1514,46,1,122366.61,0.0551,87743.33
2786,1514,35,2,114398.27,0.0148,87829.39
2787,1515,20,1,621947.81,0.0381,508473.83
2788,1515,45,1,133481.62,0.0291,104733.28
2789,1516,46,2,122366.61,0.0048,87743.33
2790,1516,31,1,397979.81,0.0183,280135.32
2791,1517,47,1,90415.22,0.0391,80954.3
2792,1518,46,2,122366.61,0.0464,87743.33
2793,1519,2,2,421197.85,0.0577,277458.37
2794,1520,49,3,117158.57,0.0364,71640.42
2795,1521,29,1,110419.1,0.0449,90149.63
2796,1521,47,1,90415.22,0.0433,80954.3
2797,1522,34,1,31942.57,0.0158,24388.64
2798,1522,20,1,621947.81,0.0096,508473.83
2799,1522,1,3,327751.93,0.0074,264766.82
2800,1523,21,1,1282417.14,0.0519,1014060.57
2801,1524,37,4,142796.63,0.0442,117419.17
2802,1524,46,3,122366.61,0.0059,87743.33
2803,1525,1,1,327751.93,0.0278,264766.82
2804,1526,20,1,621947.81,0.0078,508473.83
2805,1526,36,2,101710.13,0.0138,91733.94
2806,1527,23,1,333015.22,0.0408,253403.97
2807,1527,11,1,645358.6,0.0388,581151.04
2808,1528,2,1,421197.85,0.0481,277458.37
2809,1529,34,1,31942.57,0.0377,24388.64
2810,1529,31,1,397979.81,0.0514,280135.32
2811,1530,46,1,122366.61,0.0551,87743.33
2812,1530,25,1,1388769.02,0.0412,1105069.8
2813,1530,11,4,645358.6,0.0186,581151.04
2814,1531,46,2,122366.61,0.0004,87743.33
2815,1532,45,1,133481.62,0.0392,104733.28
2816,1532,21,1,1282417.14,0.0122,1014060.57
2817,1532,36,3,101710.13,0.0448,91733.94
2818,1533,45,1,133481.62,0.0442,104733.28
2819,1534,46,2,122366.61,0.0384,87743.33
2820,1534,28,1,350006.59,0.0512,261179.39
2821,1534,5,2,208549.68,0.031,129468.4
2822,1535,5,1,208549.68,0.0497,129468.4
2823,1535,36,2,101710.13,0.0514,91733.94
2824,1536,44,2,87468.17,0.0513,65817.69
2825,1536,28,1,350006.59,0.0266,261179.39
2826,1537,1,3,327751.93,0.001,264766.82
2827,1537,34,1,31942.57,0.0141,24388.64
2828,1538,47,1,90415.22,0.0354,80954.3
2829,1539,25,2,1388769.02,0.0145,1105069.8
2830,1539,34,3,31942.57,0.0379,24388.64
2831,1539,29,1,110419.1,0.0217,90149.63
2832,1540,46,2,122366.61,0.0346,87743.33
2833,1540,18,1,1063067.98,0.0482,811125.08
2834,1540,34,1,31942.57,0.0463,24388.64
2835,1541,36,1,101710.13,0.0127,91733.94
2836,1541,44,1,87468.17,0.0145,65817.69
2837,1542,34,2,31942.57,0.0359,24388.64
2838,1543,18,2,1063067.98,0.0489,811125.08
2839,1543,34,3,31942.57,0.0138,24388.64
2840,1544,36,1,101710.13,0.0072,91733.94
2841,1544,21,2,1282417.14,0.0292,1014060.57
2842,1545,49,1,117158.57,0.0077,71640.42
2843,1545,18,3,1063067.98,0.005,811125.08
2844,1545,45,1,133481.62,0.0166,104733.28
2845,1546,28,1,350006.59,0.0301,261179.39
2846,1546,1,2,327751.93,0.0382,264766.82
2847,1546,34,2,31942.57,0.0292,24388.64
2848,1546,35,4,114398.27,0.0478,87829.39
2849,1547,46,1,122366.61,0.0558,87743.33
2850,1548,34,2,31942.57,0.0455,24388.64
2851,1548,5,1,208549.68,0.0096,129468.4
2852,1549,46,1,122366.61,0.0011,87743.33
2853,1550,34,2,31942.57,0.0099,24388.64
2854,1551,20,2,621947.81,0.037,508473.83
2855,1552,46,2,122366.61,0.0395,87743.33
2856,1553,2,1,421197.85,0.0094,277458.37
2857,1554,5,1,208549.68,0.0334,129468.4
2858,1554,34,3,31942.57,0.0009,24388.64
2859,1554,35,1,114398.27,0.0097,87829.39
2860,1555,28,2,350006.59,0.038,261179.39
2861,1556,46,1,122366.61,0.0087,87743.33
2862,1557,19,2,1462370.09,0.0351,1277061.03
2863,1557,49,1,117158.57,0.026,71640.42
2864,1557,1,1,327751.93,0.0599,264766.82
2865,1557,2,2,421197.85,0.0373,277458.37
2866,1558,14,1,430402.12,0.0154,277708.56
2867,1558,2,1,421197.85,0.033,277458.37
2868,1559,29,1,110419.1,0.0336,90149.63
2869,1560,46,3,122366.61,0.0006,87743.33
2870,1560,44,1,87468.17,0.035,65817.69
2871,1560,1,2,327751.93,0.0573,264766.82
2872,1561,44,2,87468.17,0.012,65817.69
2873,1561,27,1,189481.85,0.0029,164964.31
2874,1561,35,2,114398.27,0.0022,87829.39
2875,1562,34,2,31942.57,0.0048,24388.64
2876,1562,5,3,208549.68,0.0313,129468.4
2877,1563,29,3,110419.1,0.0118,90149.63
2878,1563,47,1,90415.22,0.0081,80954.3
2879,1563,19,2,1462370.09,0.0302,1277061.03
2880,1564,41,1,144774.83,0.0413,100418.55
2881,1564,47,4,90415.22,0.0399,80954.3
2882,1564,25,1,1388769.02,0.0353,1105069.8
2883,1565,25,1,1388769.02,0.0201,1105069.8
2884,1566,28,2,350006.59,0.0224,261179.39
2885,1567,46,1,122366.61,0.0009,87743.33
2886,1567,29,1,110419.1,0.0132,90149.63
2887,1568,29,2,110419.1,0.0592,90149.63
2888,1569,21,1,1282417.14,0.0117,1014060.57
2889,1570,49,2,117158.57,0.0474,71640.42
2890,1570,46,1,122366.61,0.0081,87743.33
2891,1570,34,1,31942.57,0.0514,24388.64
2892,1571,47,2,90415.22,0.031,80954.3
2893,1572,37,1,142796.63,0.0381,117419.17
2894,1572,47,1,90415.22,0.0596,80954.3
2895,1573,11,1,645358.6,0.0195,581151.04
2896,1574,18,1,1063067.98,0.0283,811125.08
2897,1574,45,1,133481.62,0.0047,104733.28
2898,1574,25,2,1388769.02,0.0117,1105069.8
2899,1575,27,2,189481.85,0.051,164964.31
2900,1575,45,1,133481.62,0.0273,104733.28
2901,1576,34,2,31942.57,0.007,24388.64
2902,1576,21,1,1282417.14,0.0553,1014060.57
2903,1576,27,1,189481.85,0.0502,164964.31
2904,1576,2,1,421197.85,0.0064,277458.37
2905,1577,21,1,1282417.14,0.0117,1014060.57
2906,1578,29,2,110419.1,0.0443,90149.63
2907,1578,35,2,114398.27,0.0232,87829.39
2908,1578,27,1,189481.85,0.0555,164964.31
2909,1579,21,1,1282417.14,0.0598,1014060.57
2910,1579,34,1,31942.57,0.0512,24388.64
2911,1580,5,1,208549.68,0.0057,129468.4
2912,1580,21,4,1282417.14,0.0256,1014060.57
2913,1580,12,1,992208.04,0.0299,656405.29
2914,1581,36,2,101710.13,0.0566,91733.94
2915,1581,5,3,208549.68,0.0564,129468.4
2916,1582,28,2,350006.59,0.0136,261179.39
2917,1583,34,2,31942.57,0.025,24388.64
2918,1584,36,1,101710.13,0.0481,91733.94
2919,1584,34,1,31942.57,0.0106,24388.64
2920,1584,44,1,87468.17,0.0237,65817.69
2921,1585,37,3,142796.63,0.0394,117419.17
2922,1585,25,1,1388769.02,0.0104,1105069.8
2923,1586,20,1,621947.81,0.0361,508473.83
2924,1587,1,2,327751.93,0.0059,264766.82
2925,1588,21,2,1282417.14,0.0124,1014060.57
2926,1588,6,2,472315.06,0.0369,277659.37
2927,1589,26,1,138374.87,0.0546,91824.08
2928,1589,41,2,144774.83,0.0229,100418.55
2929,1590,34,1,31942.57,0.0099,24388.64
2930,1591,23,1,333015.22,0.0539,253403.97
2931,1591,31,1,397979.81,0.0255,280135.32
2932,1591,19,4,1462370.09,0.0055,1277061.03
2933,1591,29,1,110419.1,0.0552,90149.63
2934,1592,31,2,397979.81,0.0514,280135.32
2935,1592,23,2,333015.22,0.0132,253403.97
2936,1592,21,2,1282417.14,0.0587,1014060.57
2937,1592,49,1,117158.57,0.0156,71640.42
2938,1593,34,2,31942.57,0.0125,24388.64
2939,1593,1,2,327751.93,0.0352,264766.82
2940,1594,18,1,1063067.98,0.0093,811125.08
2941,1594,25,2,1388769.02,0.0352,1105069.8
2942,1595,47,1,90415.22,0.0208,80954.3
2943,1596,5,4,208549.68,0.0458,129468.4
2944,1596,19,3,1462370.09,0.0303,1277061.03
2945,1597,49,1,117158.57,0.0433,71640.42
2946,1597,29,1,110419.1,0.0445,90149.63
2947,1598,25,1,1388769.02,0.0104,1105069.8
2948,1599,34,1,31942.57,0.0159,24388.64
2949,1599,28,3,350006.59,0.0395,261179.39
2950,1599,47,1,90415.22,0.0086,80954.3
2951,1600,2,1,421197.85,0.0452,277458.37
2952,1601,46,3,122366.61,0.0066,87743.33
2953,1602,23,4,333015.22,0.0081,253403.97
2954,1603,46,2,122366.61,0.0044,87743.33
2955,1603,44,1,87468.17,0.0311,65817.69
2956,1603,35,3,114398.27,0.0253,87829.39
2957,1604,11,1,645358.6,0.0384,581151.04
2958,1605,1,1,327751.93,0.0598,264766.82
2959,1606,21,1,1282417.14,0.042,1014060.57
2960,1607,28,1,350006.59,0.0063,261179.39
2961,1607,20,1,621947.81,0.0028,508473.83
2962,1607,34,2,31942.57,0.0353,24388.64
2963,1608,41,1,144774.83,0.0491,100418.55
2964,1608,47,1,90415.22,0.0551,80954.3
2965,1609,21,2,1282417.14,0.0244,1014060.57
2966,1609,35,1,114398.27,0.0509,87829.39
2967,1610,35,1,114398.27,0.0436,87829.39
2968,1611,49,1,117158.57,0.0269,71640.42
2969,1611,45,1,133481.62,0.0546,104733.28
2970,1611,21,1,1282417.14,0.0479,1014060.57
2971,1612,1,1,327751.93,0.0207,264766.82
2972,1613,47,1,90415.22,0.0025,80954.3
2973,1613,41,1,144774.83,0.0155,100418.55
2974,1614,36,1,101710.13,0.0461,91733.94
2975,1615,46,1,122366.61,0.058,87743.33
2976,1616,35,3,114398.27,0.0179,87829.39
2977,1617,34,1,31942.57,0.0328,24388.64
2978,1618,47,1,90415.22,0.0476,80954.3
2979,1618,21,1,1282417.14,0.0004,1014060.57
2980,1619,1,2,327751.93,0.015,264766.82
2981,1619,29,1,110419.1,0.0484,90149.63
2982,1620,46,1,122366.61,0.0563,87743.33
2983,1620,28,1,350006.59,0.0565,261179.39
2984,1620,23,2,333015.22,0.0534,253403.97
2985,1620,29,2,110419.1,0.0017,90149.63
2986,1621,46,1,122366.61,0.0078,87743.33
2987,1622,36,4,101710.13,0.0177,91733.94
2988,1622,11,1,645358.6,0.0231,581151.04
2989,1623,21,1,1282417.14,0.0156,1014060.57
2990,1623,29,3,110419.1,0.0487,90149.63
2991,1624,34,2,31942.57,0.0276,24388.64
2992,1624,46,2,122366.61,0.0232,87743.33
2993,1624,2,1,421197.85,0.0236,277458.37
2994,1625,12,1,992208.04,0.0178,656405.29
2995,1626,27,1,189481.85,0.0423,164964.31
2996,1626,23,1,333015.22,0.0552,253403.97
2997,1627,28,2,350006.59,0.0403,261179.39
2998,1628,1,1,327751.93,0.0183,264766.82
2999,1628,2,1,421197.85,0.0159,277458.37
3000,1628,46,1,122366.61,0.0503,87743.33
3001,1628,5,1,208549.68,0.0095,129468.4
3002,1629,46,1,122366.61,0.0556,87743.33
3003,1630,21,1,1282417.14,0.0148,1014060.57
3004,1630,2,3,421197.85,0.0001,277458.37
3005,1630,1,2,327751.93,0.055,264766.82
3006,1631,21,1,1282417.14,0.0131,1014060.57
3007,1631,36,3,101710.13,0.001,91733.94
3008,1632,46,2,122366.61,0.0503,87743.33
3009,1633,1,1,327751.93,0.036,264766.82
3010,1633,12,1,992208.04,0.0153,656405.29
3011,1634,45,1,133481.62,0.0003,104733.28
3012,1634,20,1,621947.81,0.0295,508473.83
3013,1634,21,2,1282417.14,0.0469,1014060.57
3014,1635,41,2,144774.83,0.0399,100418.55
3015,1635,36,1,101710.13,0.0229,91733.94
3016,1636,34,1,31942.57,0.0177,24388.64
3017,1636,5,1,208549.68,0.032,129468.4
3018,1637,21,2,1282417.14,0.0284,1014060.57
3019,1637,11,3,645358.6,0.0228,581151.04
3020,1638,34,1,31942.57,0.0186,24388.64
3021,1638,36,3,101710.13,0.02,91733.94
3022,1639,5,1,208549.68,0.0047,129468.4
3023,1640,46,1,122366.61,0.023,87743.33
3024,1640,29,2,110419.1,0.0397,90149.63
3025,1641,36,1,101710.13,0.046,91733.94
3026,1642,1,1,327751.93,0.0181,264766.82
3027,1642,25,1,1388769.02,0.0113,1105069.8
3028,1643,1,1,327751.93,0.0485,264766.82
3029,1644,41,1,144774.83,0.0365,100418.55
3030,1644,2,2,421197.85,0.0213,277458.37
3031,1645,21,1,1282417.14,0.0358,1014060.57
3032,1645,35,1,114398.27,0.026,87829.39
3033,1646,45,2,133481.62,0.0343,104733.28
3034,1647,34,1,31942.57,0.0373,24388.64
3035,1648,40,2,130413.02,0.0589,103453.46
3036,1648,36,1,101710.13,0.0134,91733.94
3037,1648,25,1,1388769.02,0.0142,1105069.8
3038,1649,1,1,327751.93,0.0173,264766.82
3039,1650,29,4,110419.1,0.0143,90149.63
3040,1651,1,1,327751.93,0.0484,264766.82
3041,1652,29,1,110419.1,0.0132,90149.63
3042,1652,12,2,992208.04,0.0165,656405.29
3043,1653,36,1,101710.13,0.0115,91733.94
3044,1653,34,3,31942.57,0.0192,24388.64
3045,1653,31,1,397979.81,0.0196,280135.32
3046,1653,47,2,90415.22,0.0104,80954.3
3047,1654,20,1,621947.81,0.0496,508473.83
3048,1655,21,1,1282417.14,0.0348,1014060.57
3049,1656,19,2,1462370.09,0.0209,1277061.03
3050,1656,34,2,31942.57,0.0279,24388.64
3051,1657,9,2,200226.86,0.0329,135481.27
3052,1658,46,3,122366.61,0.0335,87743.33
3053,1658,23,1,333015.22,0.0522,253403.97
3054,1659,29,1,110419.1,0.0123,90149.63
3055,1660,29,2,110419.1,0.0258,90149.63
3056,1661,23,2,333015.22,0.0204,253403.97
3057,1661,44,1,87468.17,0.0467,65817.69
3058,1662,37,1,142796.63,0.023,117419.17
3059,1662,45,1,133481.62,0.026,104733.28
3060,1663,35,2,114398.27,0.0075,87829.39
3061,1664,29,2,110419.1,0.0179,90149.63
3062,1664,28,1,350006.59,0.0427,261179.39
3063,1664,41,2,144774.83,0.0578,100418.55
3064,1664,25,1,1388769.02,0.005,1105069.8
3065,1665,28,1,350006.59,0.0433,261179.39
3066,1665,5,1,208549.68,0.0456,129468.4
3067,1665,34,1,31942.57,0.0417,24388.64
3068,1666,2,4,421197.85,0.0022,277458.37
3069,1666,49,1,117158.57,0.0042,71640.42
3070,1667,11,1,645358.6,0.0321,581151.04
3071,1667,27,1,189481.85,0.0293,164964.31
3072,1667,21,1,1282417.14,0.0189,1014060.57
3073,1668,21,1,1282417.14,0.0388,1014060.57
3074,1668,23,2,333015.22,0.0544,253403.97
3075,1668,41,2,144774.83,0.0169,100418.55
3076,1669,11,1,645358.6,0.007,581151.04
3077,1669,19,2,1462370.09,0.0511,1277061.03
3078,1670,5,1,208549.68,0.0339,129468.4
3079,1671,25,2,1388769.02,0.0129,1105069.8
3080,1672,47,1,90415.22,0.0517,80954.3
3081,1673,25,2,1388769.02,0.016,1105069.8
3082,1673,45,3,133481.62,0.0226,104733.28
3083,1674,29,1,110419.1,0.0161,90149.63
3084,1674,46,1,122366.61,0.0341,87743.33
3085,1674,1,1,327751.93,0.0558,264766.82
3086,1675,46,1,122366.61,0.014,87743.33
3087,1676,29,2,110419.1,0.0354,90149.63
3088,1677,25,1,1388769.02,0.0557,1105069.8
3089,1677,46,1,122366.61,0.0548,87743.33
3090,1677,49,1,117158.57,0.0446,71640.42
3091,1678,47,1,90415.22,0.0047,80954.3
3092,1678,21,2,1282417.14,0.0016,1014060.57
3093,1679,21,2,1282417.14,0.044,1014060.57
3094,1679,36,4,101710.13,0.0156,91733.94
3095,1680,19,1,1462370.09,0.0439,1277061.03
3096,1681,34,4,31942.57,0.0567,24388.64
3097,1681,2,3,421197.85,0.0595,277458.37
3098,1681,9,1,200226.86,0.0569,135481.27
3099,1681,29,2,110419.1,0.0101,90149.63
3100,1682,44,1,87468.17,0.0467,65817.69
3101,1683,45,1,133481.62,0.0445,104733.28
3102,1683,35,1,114398.27,0.0493,87829.39
3103,1684,21,4,1282417.14,0.009,1014060.57
3104,1684,28,3,350006.59,0.0205,261179.39
3105,1684,23,1,333015.22,0.0281,253403.97
3106,1685,20,4,621947.81,0.036,508473.83
3107,1685,31,3,397979.81,0.0153,280135.32
3108,1686,19,1,1462370.09,0.0194,1277061.03
3109,1687,1,2,327751.93,0.0287,264766.82
3110,1687,34,2,31942.57,0.028,24388.64
3111,1687,49,1,117158.57,0.0326,71640.42
3112,1687,21,2,1282417.14,0.0589,1014060.57
3113,1688,1,1,327751.93,0.0059,264766.82
3114,1689,46,2,122366.61,0.0139,87743.33
3115,1690,35,1,114398.27,0.0131,87829.39
3116,1690,46,1,122366.61,0.0001,87743.33
3117,1691,27,1,189481.85,0.0004,164964.31
3118,1691,25,2,1388769.02,0.0584,1105069.8
3119,1691,34,3,31942.57,0.0151,24388.64
3120,1692,25,2,1388769.02,0.0494,1105069.8
3121,1693,29,1,110419.1,0.0069,90149.63
3122,1694,21,1,1282417.14,0.0062,1014060.57
3123,1695,20,1,621947.81,0.0266,508473.83
3124,1696,2,1,421197.85,0.0557,277458.37
3125,1697,46,2,122366.61,0.0502,87743.33
3126,1698,21,1,1282417.14,0.0026,1014060.57
3127,1699,49,1,117158.57,0.0138,71640.42
3128,1699,18,2,1063067.98,0.0441,811125.08
3129,1700,28,2,350006.59,0.0147,261179.39
3130,1701,23,1,333015.22,0.0415,253403.97
3131,1701,40,1,130413.02,0.0343,103453.46
3132,1702,41,2,144774.83,0.0037,100418.55
3133,1703,28,1,350006.59,0.0025,261179.39
3134,1704,26,4,138374.87,0.0467,91824.08
3135,1704,44,3,87468.17,0.0004,65817.69
3136,1705,18,1,1063067.98,0.0587,811125.08
3137,1706,35,1,114398.27,0.0088,87829.39
3138,1706,44,1,87468.17,0.0218,65817.69
3139,1707,19,1,1462370.09,0.0511,1277061.03
3140,1707,34,3,31942.57,0.0533,24388.64
3141,1708,44,1,87468.17,0.0587,65817.69
3142,1708,5,1,208549.68,0.0522,129468.4
3143,1708,25,1,1388769.02,0.0268,1105069.8
3144,1709,27,1,189481.85,0.0566,164964.31
3145,1710,35,1,114398.27,0.0315,87829.39
3146,1710,29,2,110419.1,0.0205,90149.63
3147,1710,27,2,189481.85,0.0291,164964.31
3148,1711,25,4,1388769.02,0.0283,1105069.8
3149,1711,1,1,327751.93,0.0543,264766.82
3150,1712,1,4,327751.93,0.0331,264766.82
3151,1712,18,1,1063067.98,0.0144,811125.08
3152,1712,2,1,421197.85,0.0436,277458.37
3153,1713,6,2,472315.06,0.055,277659.37
3154,1714,31,1,397979.81,0.019,280135.32
3155,1714,1,2,327751.93,0.0322,264766.82
3156,1714,29,2,110419.1,0.0512,90149.63
3157,1714,11,1,645358.6,0.0215,581151.04
3158,1715,27,2,189481.85,0.022,164964.31
3159,1715,49,2,117158.57,0.0542,71640.42
3160,1716,34,4,31942.57,0.0374,24388.64
3161,1717,1,1,327751.93,0.0151,264766.82
3162,1717,21,1,1282417.14,0.0182,1014060.57
3163,1717,34,1,31942.57,0.0521,24388.64
3164,1718,13,4,827410.55,0.035,652020.78
3165,1719,47,1,90415.22,0.0596,80954.3
3166,1720,28,1,350006.59,0.056,261179.39
3167,1720,1,1,327751.93,0.0413,264766.82
3168,1721,34,1,31942.57,0.017,24388.64
3169,1721,36,3,101710.13,0.0547,91733.94
3170,1722,28,1,350006.59,0.0061,261179.39
3171,1722,47,1,90415.22,0.0313,80954.3
3172,1723,41,1,144774.83,0.0273,100418.55
3173,1724,5,3,208549.68,0.0351,129468.4
3174,1724,2,2,421197.85,0.0218,277458.37
3175,1725,24,2,1178598.05,0.0437,779567.24
3176,1725,35,1,114398.27,0.0326,87829.39
3177,1726,31,2,397979.81,0.0386,280135.32
3178,1726,14,2,430402.12,0.0069,277708.56
3179,1726,45,1,133481.62,0.0576,104733.28
3180,1727,20,1,621947.81,0.0361,508473.83
3181,1728,35,1,114398.27,0.0093,87829.39
3182,1729,41,2,144774.83,0.0251,100418.55
3183,1729,2,1,421197.85,0.0147,277458.37
3184,1730,14,1,430402.12,0.0149,277708.56
3185,1731,20,2,621947.81,0.0162,508473.83
3186,1731,46,1,122366.61,0.0,87743.33
3187,1731,25,1,1388769.02,0.0127,1105069.8
3188,1732,43,1,140139.36,0.0577,93275.29
3189,1733,29,3,110419.1,0.0087,90149.63
3190,1733,46,1,122366.61,0.0007,87743.33
3191,1734,28,1,350006.59,0.0276,261179.39
3192,1734,44,1,87468.17,0.0438,65817.69
3193,1734,5,1,208549.68,0.0321,129468.4
3194,1734,1,4,327751.93,0.0266,264766.82
3195,1735,12,1,992208.04,0.0482,656405.29
3196,1735,35,1,114398.27,0.0102,87829.39
3197,1736,21,1,1282417.14,0.0548,1014060.57
3198,1736,28,2,350006.59,0.0339,261179.39
3199,1736,2,1,421197.85,0.0438,277458.37
3200,1737,35,2,114398.27,0.0161,87829.39
3201,1737,46,3,122366.61,0.0193,87743.33
3202,1738,35,4,114398.27,0.0448,87829.39
3203,1739,49,3,117158.57,0.0055,71640.42
3204,1740,1,2,327751.93,0.0107,264766.82
3205,1741,1,2,327751.93,0.0184,264766.82
3206,1741,29,3,110419.1,0.0026,90149.63
3207,1741,21,1,1282417.14,0.0561,1014060.57
3208,1742,40,1,130413.02,0.011,103453.46
3209,1742,46,1,122366.61,0.0309,87743.33
3210,1742,5,1,208549.68,0.002,129468.4
3211,1743,46,2,122366.61,0.0267,87743.33
3212,1744,1,4,327751.93,0.016,264766.82
3213,1745,37,1,142796.63,0.0254,117419.17
3214,1745,26,1,138374.87,0.03,91824.08
3215,1745,36,1,101710.13,0.0135,91733.94
3216,1746,5,1,208549.68,0.0125,129468.4
3217,1746,47,4,90415.22,0.0519,80954.3
3218,1747,47,2,90415.22,0.0096,80954.3
3219,1747,29,1,110419.1,0.0493,90149.63
3220,1747,34,1,31942.57,0.0298,24388.64
3221,1748,34,1,31942.57,0.0227,24388.64
3222,1749,29,2,110419.1,0.018,90149.63
3223,1749,36,2,101710.13,0.0148,91733.94
3224,1749,5,2,208549.68,0.0538,129468.4
3225,1749,44,1,87468.17,0.044,65817.69
3226,1750,18,1,1063067.98,0.0417,811125.08
3227,1750,11,2,645358.6,0.0396,581151.04
3228,1751,49,2,117158.57,0.0466,71640.42
3229,1751,19,2,1462370.09,0.0169,1277061.03
3230,1751,5,1,208549.68,0.0339,129468.4
3231,1751,34,1,31942.57,0.0508,24388.64
3232,1752,41,1,144774.83,0.0529,100418.55
3233,1753,1,1,327751.93,0.0211,264766.82
3234,1754,29,1,110419.1,0.0573,90149.63
3235,1754,2,1,421197.85,0.0523,277458.37
3236,1754,28,1,350006.59,0.0147,261179.39
3237,1755,25,1,1388769.02,0.0231,1105069.8
3238,1755,11,1,645358.6,0.0096,581151.04
3239,1756,46,1,122366.61,0.0589,87743.33
3240,1756,35,3,114398.27,0.0117,87829.39
3241,1756,45,1,133481.62,0.0361,104733.28
3242,1757,46,3,122366.61,0.0374,87743.33
3243,1757,44,1,87468.17,0.0289,65817.69
3244,1757,23,3,333015.22,0.0428,253403.97
3245,1758,46,2,122366.61,0.0026,87743.33
3246,1758,31,4,397979.81,0.0551,280135.32
3247,1758,21,1,1282417.14,0.0068,1014060.57
3248,1759,27,2,189481.85,0.0229,164964.31
3249,1759,23,1,333015.22,0.0306,253403.97
3250,1760,28,1,350006.59,0.0387,261179.39
3251,1761,46,1,122366.61,0.0413,87743.33
3252,1761,29,2,110419.1,0.0331,90149.63
3253,1761,21,1,1282417.14,0.0227,1014060.57
3254,1762,2,3,421197.85,0.0496,277458.37
3255,1763,46,3,122366.61,0.0532,87743.33
3256,1763,28,3,350006.59,0.0133,261179.39
3257,1764,27,2,189481.85,0.044,164964.31
3258,1764,34,1,31942.57,0.0417,24388.64
3259,1765,44,2,87468.17,0.0477,65817.69
3260,1766,28,1,350006.59,0.0431,261179.39
3261,1767,34,1,31942.57,0.0452,24388.64
3262,1767,14,3,430402.12,0.0143,277708.56
3263,1768,47,2,90415.22,0.0524,80954.3
3264,1768,34,1,31942.57,0.0062,24388.64
3265,1769,41,3,144774.83,0.0277,100418.55
3266,1770,5,1,208549.68,0.0031,129468.4
3267,1771,34,1,31942.57,0.0345,24388.64
3268,1771,21,1,1282417.14,0.0211,1014060.57
3269,1772,29,1,110419.1,0.053,90149.63
3270,1772,37,1,142796.63,0.0101,117419.17
3271,1772,46,1,122366.61,0.0567,87743.33
3272,1773,25,2,1388769.02,0.0353,1105069.8
3273,1774,44,1,87468.17,0.0558,65817.69
3274,1775,20,2,621947.81,0.0579,508473.83
3275,1776,29,1,110419.1,0.0134,90149.63
3276,1777,11,1,645358.6,0.039,581151.04
3277,1778,21,2,1282417.14,0.0555,1014060.57
3278,1778,46,1,122366.61,0.0192,87743.33
3279,1779,1,1,327751.93,0.0085,264766.82
3280,1780,46,2,122366.61,0.0573,87743.33
3281,1780,25,1,1388769.02,0.0494,1105069.8
3282,1781,41,1,144774.83,0.0066,100418.55
3283,1781,2,4,421197.85,0.0393,277458.37
3284,1781,35,4,114398.27,0.029,87829.39
3285,1782,46,1,122366.61,0.059,87743.33
3286,1783,34,1,31942.57,0.0307,24388.64
3287,1784,25,1,1388769.02,0.0381,1105069.8
3288,1785,36,1,101710.13,0.0014,91733.94
3289,1786,41,1,144774.83,0.0128,100418.55
3290,1786,5,2,208549.68,0.0188,129468.4
3291,1787,34,1,31942.57,0.0129,24388.64
3292,1788,36,2,101710.13,0.0444,91733.94
3293,1789,45,1,133481.62,0.0273,104733.28
3294,1789,25,2,1388769.02,0.0116,1105069.8
3295,1790,27,2,189481.85,0.0246,164964.31
3296,1791,45,1,133481.62,0.0195,104733.28
3297,1791,29,3,110419.1,0.0253,90149.63
3298,1792,31,1,397979.81,0.0107,280135.32
3299,1792,49,1,117158.57,0.0255,71640.42
3300,1793,11,3,645358.6,0.038,581151.04
3301,1793,21,3,1282417.14,0.0357,1014060.57
3302,1793,35,1,114398.27,0.0104,87829.39
3303,1793,34,2,31942.57,0.0116,24388.64
3304,1794,45,2,133481.62,0.0078,104733.28
3305,1795,36,1,101710.13,0.0331,91733.94
3306,1796,23,1,333015.22,0.0181,253403.97
3307,1797,25,1,1388769.02,0.0588,1105069.8
3308,1797,2,1,421197.85,0.0446,277458.37
3309,1798,44,1,87468.17,0.0143,65817.69
3310,1798,2,1,421197.85,0.0409,277458.37
3311,1799,34,1,31942.57,0.0011,24388.64
3312,1799,27,1,189481.85,0.009,164964.31
3313,1800,5,1,208549.68,0.0237,129468.4
3314,1800,20,2,621947.81,0.0489,508473.83
3315,1800,34,1,31942.57,0.0109,24388.64
3316,1801,1,1,327751.93,0.0219,264766.82
3317,1802,47,1,90415.22,0.0548,80954.3
3318,1803,46,1,122366.61,0.0588,87743.33
3319,1804,2,1,421197.85,0.0088,277458.37
3320,1804,46,4,122366.61,0.0008,87743.33
3321,1805,20,3,621947.81,0.0015,508473.83
3322,1805,1,2,327751.93,0.0599,264766.82
3323,1806,21,1,1282417.14,0.0525,1014060.57
3324,1806,37,1,142796.63,0.045,117419.17
3325,1807,36,1,101710.13,0.0128,91733.94
3326,1807,21,1,1282417.14,0.0064,1014060.57
3327,1808,43,1,140139.36,0.0107,93275.29
3328,1809,34,2,31942.57,0.0344,24388.64
3329,1809,35,1,114398.27,0.0154,87829.39
3330,1809,29,1,110419.1,0.0385,90149.63
3331,1810,46,1,122366.61,0.0425,87743.33
3332,1810,36,2,101710.13,0.0335,91733.94
3333,1810,9,1,200226.86,0.0324,135481.27
3334,1811,46,1,122366.61,0.0276,87743.33
3335,1811,23,1,333015.22,0.011,253403.97
3336,1812,34,1,31942.57,0.0158,24388.64
3337,1813,34,1,31942.57,0.0441,24388.64
3338,1814,25,1,1388769.02,0.0183,1105069.8
3339,1814,14,2,430402.12,0.0374,277708.56
3340,1814,40,1,130413.02,0.0428,103453.46
3341,1815,36,1,101710.13,0.0596,91733.94
3342,1816,46,3,122366.61,0.0192,87743.33
3343,1817,34,1,31942.57,0.047,24388.64
3344,1817,11,1,645358.6,0.0376,581151.04
3345,1818,21,1,1282417.14,0.0063,1014060.57
3346,1818,36,1,101710.13,0.0408,91733.94
3347,1818,25,3,1388769.02,0.0253,1105069.8
3348,1819,43,1,140139.36,0.0247,93275.29
3349,1819,23,1,333015.22,0.0393,253403.97
3350,1820,1,2,327751.93,0.0115,264766.82
3351,1820,34,1,31942.57,0.004,24388.64
3352,1820,20,1,621947.81,0.0103,508473.83
3353,1820,44,1,87468.17,0.0407,65817.69
3354,1821,29,3,110419.1,0.0128,90149.63
3355,1821,45,1,133481.62,0.0198,104733.28
3356,1822,31,4,397979.81,0.0232,280135.32
3357,1823,25,1,1388769.02,0.0122,1105069.8
3358,1823,34,1,31942.57,0.0513,24388.64
3359,1823,29,1,110419.1,0.0579,90149.63
3360,1823,35,1,114398.27,0.0148,87829.39
3361,1824,2,1,421197.85,0.0043,277458.37
3362,1824,47,2,90415.22,0.0255,80954.3
3363,1825,25,1,1388769.02,0.0037,1105069.8
3364,1825,21,1,1282417.14,0.0304,1014060.57
3365,1826,45,1,133481.62,0.047,104733.28
3366,1826,21,1,1282417.14,0.0038,1014060.57
3367,1826,49,1,117158.57,0.0463,71640.42
3368,1827,28,1,350006.59,0.0019,261179.39
3369,1827,23,2,333015.22,0.0513,253403.97
3370,1827,2,2,421197.85,0.0122,277458.37
3371,1828,1,2,327751.93,0.0153,264766.82
3372,1828,5,1,208549.68,0.0189,129468.4
3373,1829,1,4,327751.93,0.0548,264766.82
3374,1830,24,1,1178598.05,0.0437,779567.24
3375,1831,20,1,621947.81,0.0229,508473.83
3376,1832,21,1,1282417.14,0.0343,1014060.57
3377,1832,11,1,645358.6,0.0535,581151.04
3378,1833,2,2,421197.85,0.028,277458.37
3379,1833,18,1,1063067.98,0.0446,811125.08
3380,1833,25,3,1388769.02,0.0095,1105069.8
3381,1834,5,1,208549.68,0.0214,129468.4
3382,1834,21,1,1282417.14,0.0571,1014060.57
3383,1835,46,1,122366.61,0.0571,87743.33
3384,1836,21,3,1282417.14,0.0035,1014060.57
3385,1836,14,4,430402.12,0.0113,277708.56
3386,1837,36,1,101710.13,0.0267,91733.94
3387,1837,29,1,110419.1,0.026,90149.63
3388,1837,1,1,327751.93,0.0579,264766.82
3389,1837,46,1,122366.61,0.0392,87743.33
3390,1838,35,2,114398.27,0.0326,87829.39
3391,1839,47,1,90415.22,0.0117,80954.3
3392,1839,34,1,31942.57,0.0442,24388.64
3393,1839,37,2,142796.63,0.0467,117419.17
3394,1839,25,1,1388769.02,0.0348,1105069.8
3395,1840,46,1,122366.61,0.0057,87743.33
3396,1840,34,2,31942.57,0.0189,24388.64
3397,1840,25,2,1388769.02,0.0327,1105069.8
3398,1840,1,4,327751.93,0.0533,264766.82
3399,1841,31,1,397979.81,0.0157,280135.32
3400,1841,29,3,110419.1,0.0351,90149.63
3401,1842,46,1,122366.61,0.0062,87743.33
3402,1842,14,1,430402.12,0.0097,277708.56
3403,1842,1,2,327751.93,0.042,264766.82
3404,1843,29,2,110419.1,0.0524,90149.63
3405,1844,25,1,1388769.02,0.0187,1105069.8
3406,1844,21,3,1282417.14,0.0254,1014060.57
3407,1845,28,2,350006.59,0.049,261179.39
3408,1845,20,4,621947.81,0.0449,508473.83
3409,1845,14,1,430402.12,0.0123,277708.56
3410,1846,35,1,114398.27,0.0037,87829.39
3411,1847,13,1,827410.55,0.0284,652020.78
3412,1847,34,3,31942.57,0.0449,24388.64
3413,1848,35,1,114398.27,0.0319,87829.39
3414,1848,1,1,327751.93,0.0296,264766.82
3415,1848,45,1,133481.62,0.0022,104733.28
3416,1848,36,1,101710.13,0.0423,91733.94
3417,1849,35,1,114398.27,0.0162,87829.39
3418,1849,29,1,110419.1,0.0058,90149.63
3419,1849,45,4,133481.62,0.0521,104733.28
3420,1850,18,1,1063067.98,0.0349,811125.08
3421,1851,2,3,421197.85,0.0453,277458.37
3422,1852,41,1,144774.83,0.048,100418.55
3423,1853,23,2,333015.22,0.0172,253403.97
3424,1854,35,2,114398.27,0.027,87829.39
3425,1855,26,1,138374.87,0.0348,91824.08
3426,1856,21,1,1282417.14,0.0441,1014060.57
3427,1856,45,1,133481.62,0.0203,104733.28
3428,1857,9,2,200226.86,0.0162,135481.27
3429,1857,14,1,430402.12,0.0025,277708.56
3430,1858,34,1,31942.57,0.0069,24388.64
3431,1858,36,1,101710.13,0.0267,91733.94
3432,1858,41,2,144774.83,0.0148,100418.55
3433,1859,14,1,430402.12,0.0279,277708.56
3434,1859,45,1,133481.62,0.0127,104733.28
3435,1860,31,2,397979.81,0.0446,280135.32
3436,1861,46,1,122366.61,0.0168,87743.33
3437,1862,1,3,327751.93,0.0581,264766.82
3438,1862,21,2,1282417.14,0.021,1014060.57
3439,1863,34,1,31942.57,0.0375,24388.64
3440,1863,2,1,421197.85,0.016,277458.37
3441,1864,34,1,31942.57,0.0371,24388.64
3442,1865,34,2,31942.57,0.0595,24388.64
3443,1865,21,1,1282417.14,0.0296,1014060.57
3444,1865,29,1,110419.1,0.0483,90149.63
3445,1866,23,1,333015.22,0.0188,253403.97
3446,1867,41,3,144774.83,0.0237,100418.55
3447,1867,31,3,397979.81,0.002,280135.32
3448,1867,29,1,110419.1,0.0436,90149.63
3449,1867,45,1,133481.62,0.0119,104733.28
3450,1868,36,2,101710.13,0.0593,91733.94
3451,1868,21,1,1282417.14,0.0214,1014060.57
3452,1868,47,1,90415.22,0.0528,80954.3
3453,1869,1,1,327751.93,0.0086,264766.82
3454,1870,35,1,114398.27,0.0041,87829.39
3455,1870,13,1,827410.55,0.0235,652020.78
3456,1870,46,1,122366.61,0.008,87743.33
3457,1871,34,1,31942.57,0.006,24388.64
3458,1871,47,1,90415.22,0.0572,80954.3
3459,1871,1,1,327751.93,0.049,264766.82
3460,1872,31,1,397979.81,0.0176,280135.32
3461,1872,46,2,122366.61,0.0422,87743.33
3462,1872,21,2,1282417.14,0.0498,1014060.57
3463,1873,1,2,327751.93,0.0081,264766.82
3464,1874,35,2,114398.27,0.0097,87829.39
3465,1874,29,1,110419.1,0.0117,90149.63
3466,1875,1,3,327751.93,0.0319,264766.82
3467,1876,19,1,1462370.09,0.0064,1277061.03
3468,1876,21,1,1282417.14,0.0188,1014060.57
3469,1877,36,3,101710.13,0.0256,91733.94
3470,1877,29,1,110419.1,0.0003,90149.63
3471,1878,29,1,110419.1,0.0419,90149.63
3472,1879,46,1,122366.61,0.0356,87743.33
3473,1879,23,1,333015.22,0.0053,253403.97
3474,1880,37,2,142796.63,0.0172,117419.17
3475,1880,26,2,138374.87,0.012,91824.08
3476,1881,25,3,1388769.02,0.0265,1105069.8
3477,1881,29,1,110419.1,0.024,90149.63
3478,1881,34,1,31942.57,0.0001,24388.64
3479,1882,47,1,90415.22,0.0126,80954.3
3480,1882,19,2,1462370.09,0.0399,1277061.03
3481,1883,5,2,208549.68,0.0558,129468.4
3482,1884,28,1,350006.59,0.0438,261179.39
3483,1885,29,1,110419.1,0.0098,90149.63
3484,1885,18,2,1063067.98,0.0574,811125.08
3485,1886,43,4,140139.36,0.0363,93275.29
3486,1886,35,3,114398.27,0.0414,87829.39
3487,1886,28,3,350006.59,0.0097,261179.39
3488,1887,28,1,350006.59,0.0016,261179.39
3489,1887,1,1,327751.93,0.0191,264766.82
3490,1887,29,1,110419.1,0.0588,90149.63
3491,1888,34,3,31942.57,0.0599,24388.64
3492,1888,45,1,133481.62,0.0153,104733.28
3493,1889,28,1,350006.59,0.0364,261179.39
3494,1890,5,1,208549.68,0.0101,129468.4
3495,1890,11,1,645358.6,0.0051,581151.04
3496,1891,5,1,208549.68,0.0228,129468.4
3497,1891,44,1,87468.17,0.0465,65817.69
3498,1891,35,1,114398.27,0.0068,87829.39
3499,1892,41,3,144774.83,0.0545,100418.55
3500,1892,2,1,421197.85,0.0432,277458.37
3501,1893,40,1,130413.02,0.03,103453.46
3502,1894,41,2,144774.83,0.0559,100418.55
3503,1895,20,1,621947.81,0.0264,508473.83
3504,1896,29,3,110419.1,0.0535,90149.63
3505,1896,34,2,31942.57,0.0154,24388.64
3506,1897,46,1,122366.61,0.0579,87743.33
3507,1897,5,1,208549.68,0.0342,129468.4
3508,1897,47,1,90415.22,0.0245,80954.3
3509,1898,46,2,122366.61,0.0471,87743.33
3510,1898,1,1,327751.93,0.0151,264766.82
3511,1899,20,2,621947.81,0.0096,508473.83
3512,1899,40,2,130413.02,0.0584,103453.46
3513,1899,23,2,333015.22,0.0169,253403.97
3514,1900,2,1,421197.85,0.0406,277458.37
3515,1900,45,1,133481.62,0.0558,104733.28
3516,1901,1,1,327751.93,0.0435,264766.82
3517,1901,27,1,189481.85,0.0163,164964.31
3518,1902,44,1,87468.17,0.0581,65817.69
3519,1903,28,2,350006.59,0.0155,261179.39
3520,1903,46,2,122366.61,0.034,87743.33
3521,1904,25,4,1388769.02,0.0296,1105069.8
3522,1905,21,1,1282417.14,0.0181,1014060.57
3523,1905,2,3,421197.85,0.0455,277458.37
3524,1906,25,3,1388769.02,0.0292,1105069.8
3525,1906,46,1,122366.61,0.0229,87743.33
3526,1907,44,1,87468.17,0.0231,65817.69
3527,1907,1,4,327751.93,0.0067,264766.82
3528,1908,5,1,208549.68,0.0192,129468.4
3529,1909,36,1,101710.13,0.0329,91733.94
3530,1910,29,2,110419.1,0.0586,90149.63
3531,1910,23,2,333015.22,0.0067,253403.97
3532,1911,21,2,1282417.14,0.039,1014060.57
3533,1912,12,1,992208.04,0.045,656405.29
3534,1913,28,1,350006.59,0.0126,261179.39
3535,1913,1,2,327751.93,0.0462,264766.82
3536,1914,35,2,114398.27,0.0346,87829.39
3537,1914,21,2,1282417.14,0.0291,1014060.57
3538,1914,28,1,350006.59,0.0529,261179.39
3539,1915,29,1,110419.1,0.0594,90149.63
3540,1915,13,4,827410.55,0.0352,652020.78
3541,1916,46,1,122366.61,0.0562,87743.33
3542,1917,34,4,31942.57,0.0051,24388.64
3543,1918,44,1,87468.17,0.0153,65817.69
3544,1918,28,3,350006.59,0.0372,261179.39
3545,1919,27,1,189481.85,0.0433,164964.31
3546,1920,21,3,1282417.14,0.0099,1014060.57
3547,1921,34,1,31942.57,0.0063,24388.64
3548,1922,34,4,31942.57,0.0057,24388.64
3549,1923,21,1,1282417.14,0.0371,1014060.57
3550,1924,2,2,421197.85,0.0005,277458.37
3551,1924,14,2,430402.12,0.0378,277708.56
3552,1925,1,1,327751.93,0.0478,264766.82
3553,1925,21,1,1282417.14,0.0138,1014060.57
3554,1926,29,1,110419.1,0.0128,90149.63
3555,1927,45,3,133481.62,0.0357,104733.28
3556,1927,5,1,208549.68,0.0478,129468.4
3557,1928,2,1,421197.85,0.0362,277458.37
3558,1928,23,2,333015.22,0.0147,253403.97
3559,1929,11,1,645358.6,0.0593,581151.04
3560,1930,40,1,130413.02,0.0288,103453.46
3561,1931,1,1,327751.93,0.0461,264766.82
3562,1931,49,2,117158.57,0.0383,71640.42
3563,1931,46,2,122366.61,0.0009,87743.33
3564,1932,29,2,110419.1,0.0563,90149.63
3565,1932,47,2,90415.22,0.0527,80954.3
3566,1932,34,1,31942.57,0.0192,24388.64
3567,1933,49,1,117158.57,0.0438,71640.42
3568,1934,22,1,1016419.6,0.0465,598250.45
3569,1935,49,2,117158.57,0.0495,71640.42
3570,1935,14,1,430402.12,0.0533,277708.56
3571,1935,25,1,1388769.02,0.0593,1105069.8
3572,1936,47,2,90415.22,0.0385,80954.3
3573,1937,26,2,138374.87,0.0504,91824.08
3574,1937,20,3,621947.81,0.0105,508473.83
3575,1938,2,1,421197.85,0.0079,277458.37
3576,1939,5,2,208549.68,0.0285,129468.4
3577,1940,25,1,1388769.02,0.0333,1105069.8
3578,1940,28,1,350006.59,0.0466,261179.39
3579,1940,34,2,31942.57,0.0185,24388.64
3580,1941,41,1,144774.83,0.0488,100418.55
3581,1942,1,2,327751.93,0.0143,264766.82
3582,1942,46,1,122366.61,0.003,87743.33
3583,1943,29,1,110419.1,0.006,90149.63
3584,1944,45,1,133481.62,0.0267,104733.28
3585,1944,46,1,122366.61,0.0395,87743.33
3586,1945,2,1,421197.85,0.0486,277458.37
3587,1945,31,3,397979.81,0.019,280135.32
3588,1946,46,3,122366.61,0.0554,87743.33
3589,1947,34,1,31942.57,0.049,24388.64
3590,1948,2,3,421197.85,0.013,277458.37
3591,1949,35,1,114398.27,0.0156,87829.39
3592,1949,46,4,122366.61,0.0139,87743.33
3593,1949,21,1,1282417.14,0.0514,1014060.57
3594,1950,35,1,114398.27,0.0194,87829.39
3595,1951,46,2,122366.61,0.0529,87743.33
3596,1951,34,1,31942.57,0.0236,24388.64
3597,1952,13,2,827410.55,0.0434,652020.78
3598,1953,34,4,31942.57,0.018,24388.64
3599,1953,27,1,189481.85,0.0379,164964.31
3600,1953,41,1,144774.83,0.0032,100418.55
3601,1954,28,1,350006.59,0.0342,261179.39
3602,1954,46,1,122366.61,0.0453,87743.33
3603,1954,40,1,130413.02,0.0368,103453.46
3604,1955,34,3,31942.57,0.0312,24388.64
3605,1955,18,3,1063067.98,0.0212,811125.08
3606,1956,43,3,140139.36,0.0351,93275.29
3607,1956,2,1,421197.85,0.0226,277458.37
3608,1956,34,2,31942.57,0.0348,24388.64
3609,1956,1,1,327751.93,0.0382,264766.82
3610,1957,34,1,31942.57,0.0054,24388.64
3611,1957,40,1,130413.02,0.0139,103453.46
3612,1958,25,2,1388769.02,0.0211,1105069.8
3613,1959,27,1,189481.85,0.0598,164964.31
3614,1960,9,4,200226.86,0.0061,135481.27
3615,1961,21,2,1282417.14,0.0301,1014060.57
3616,1962,28,3,350006.59,0.0151,261179.39
3617,1962,44,2,87468.17,0.0365,65817.69
3618,1962,45,3,133481.62,0.0258,104733.28
3619,1963,45,1,133481.62,0.0575,104733.28
3620,1964,2,1,421197.85,0.019,277458.37
3621,1965,23,1,333015.22,0.0143,253403.97
3622,1965,29,2,110419.1,0.0028,90149.63
3623,1965,36,1,101710.13,0.0245,91733.94
3624,1966,34,1,31942.57,0.0065,24388.64
3625,1967,46,2,122366.61,0.0248,87743.33
3626,1968,28,1,350006.59,0.0042,261179.39
3627,1968,29,3,110419.1,0.0199,90149.63
3628,1969,45,3,133481.62,0.0425,104733.28
3629,1970,18,2,1063067.98,0.0063,811125.08
3630,1970,41,4,144774.83,0.0545,100418.55
3631,1970,35,1,114398.27,0.0482,87829.39
3632,1971,5,2,208549.68,0.0099,129468.4
3633,1972,46,1,122366.61,0.0322,87743.33
3634,1972,36,1,101710.13,0.0271,91733.94
3635,1973,9,3,200226.86,0.0099,135481.27
3636,1973,11,3,645358.6,0.0234,581151.04
3637,1974,34,1,31942.57,0.0517,24388.64
3638,1974,2,2,421197.85,0.0305,277458.37
3639,1974,21,1,1282417.14,0.0581,1014060.57
3640,1975,1,1,327751.93,0.01,264766.82
3641,1975,41,2,144774.83,0.0594,100418.55
3642,1975,34,1,31942.57,0.055,24388.64
3643,1976,2,4,421197.85,0.0447,277458.37
3644,1977,34,1,31942.57,0.0386,24388.64
3645,1978,2,3,421197.85,0.046,277458.37
3646,1978,31,1,397979.81,0.0557,280135.32
3647,1979,31,2,397979.81,0.0505,280135.32
3648,1979,25,3,1388769.02,0.0041,1105069.8
3649,1980,35,1,114398.27,0.0294,87829.39
3650,1980,27,1,189481.85,0.0502,164964.31
3651,1981,34,1,31942.57,0.012,24388.64
3652,1982,25,2,1388769.02,0.007,1105069.8
3653,1983,35,1,114398.27,0.0026,87829.39
3654,1984,31,3,397979.81,0.0508,280135.32
3655,1985,5,1,208549.68,0.0562,129468.4
3656,1986,34,1,31942.57,0.0358,24388.64
3657,1987,46,4,122366.61,0.0213,87743.33
3658,1987,2,1,421197.85,0.0403,277458.37
3659,1987,35,4,114398.27,0.0534,87829.39
3660,1988,46,3,122366.61,0.0051,87743.33
3661,1988,5,1,208549.68,0.0008,129468.4
3662,1989,46,2,122366.61,0.0531,87743.33
3663,1990,25,2,1388769.02,0.0062,1105069.8
3664,1990,35,2,114398.27,0.0273,87829.39
3665,1991,46,1,122366.61,0.0349,87743.33
3666,1991,49,1,117158.57,0.0335,71640.42
3667,1992,34,1,31942.57,0.0225,24388.64
3668,1993,34,2,31942.57,0.0545,24388.64
3669,1993,19,2,1462370.09,0.0189,1277061.03
3670,1994,19,1,1462370.09,0.0116,1277061.03
3671,1994,36,2,101710.13,0.008,91733.94
3672,1994,21,1,1282417.14,0.0455,1014060.57
3673,1995,46,2,122366.61,0.0176,87743.33
3674,1995,1,3,327751.93,0.0434,264766.82
3675,1995,20,2,621947.81,0.0425,508473.83
3676,1996,12,1,992208.04,0.0427,656405.29
3677,1996,34,2,31942.57,0.0187,24388.64
3678,1997,2,1,421197.85,0.0336,277458.37
3679,1997,25,1,1388769.02,0.007,1105069.8
3680,1998,49,2,117158.57,0.0163,71640.42
3681,1999,35,4,114398.27,0.0126,87829.39
3682,2000,36,3,101710.13,0.036,91733.94
3683,2000,5,2,208549.68,0.0586,129468.4
3684,2001,21,1,1282417.14,0.0218,1014060.57
3685,2001,34,1,31942.57,0.0505,24388.64
3686,2001,1,3,327751.93,0.0508,264766.82
3687,2002,28,1,350006.59,0.0187,261179.39
3688,2002,46,1,122366.61,0.0459,87743.33
3689,2003,2,1,421197.85,0.0506,277458.37
3690,2004,46,3,122366.61,0.0001,87743.33
3691,2005,5,1,208549.68,0.0061,129468.4
3692,2005,44,2,87468.17,0.0538,65817.69
3693,2005,31,1,397979.81,0.0415,280135.32
3694,2005,34,4,31942.57,0.0144,24388.64
3695,2006,25,1,1388769.02,0.0256,1105069.8
3696,2006,46,1,122366.61,0.0268,87743.33
3697,2006,34,1,31942.57,0.0182,24388.64
3698,2007,31,2,397979.81,0.0382,280135.32
3699,2008,45,1,133481.62,0.0568,104733.28
3700,2008,36,1,101710.13,0.013,91733.94
3701,2009,5,2,208549.68,0.0007,129468.4
3702,2009,46,1,122366.61,0.0495,87743.33
3703,2010,21,1,1282417.14,0.0559,1014060.57
3704,2010,49,1,117158.57,0.0369,71640.42
3705,2011,27,1,189481.85,0.0128,164964.31
3706,2012,2,1,421197.85,0.0355,277458.37
3707,2012,20,4,621947.81,0.0477,508473.83
3708,2013,34,1,31942.57,0.0279,24388.64
3709,2014,26,4,138374.87,0.0594,91824.08
3710,2015,46,1,122366.61,0.0546,87743.33
3711,2016,34,1,31942.57,0.0219,24388.64
3712,2016,13,1,827410.55,0.0541,652020.78
3713,2016,29,1,110419.1,0.0484,90149.63
3714,2017,46,3,122366.61,0.03,87743.33
3715,2018,45,1,133481.62,0.0336,104733.28
3716,2019,27,2,189481.85,0.0169,164964.31
3717,2020,46,1,122366.61,0.0339,87743.33
3718,2021,1,1,327751.93,0.0354,264766.82
3719,2021,34,1,31942.57,0.008,24388.64
3720,2022,46,1,122366.61,0.0416,87743.33
3721,2023,21,1,1282417.14,0.0479,1014060.57
3722,2023,1,1,327751.93,0.0341,264766.82
3723,2024,40,2,130413.02,0.0417,103453.46
3724,2025,25,3,1388769.02,0.0455,1105069.8
3725,2025,11,2,645358.6,0.0207,581151.04
3726,2025,46,1,122366.61,0.0567,87743.33
3727,2026,11,1,645358.6,0.022,581151.04
3728,2026,28,3,350006.59,0.0194,261179.39
3729,2026,48,1,228348.75,0.0384,165355.08
3730,2027,45,1,133481.62,0.0485,104733.28
3731,2028,34,3,31942.57,0.0573,24388.64
3732,2029,34,4,31942.57,0.0318,24388.64
3733,2029,14,1,430402.12,0.0502,277708.56
3734,2029,29,1,110419.1,0.0244,90149.63
3735,2030,5,2,208549.68,0.0451,129468.4
3736,2030,2,2,421197.85,0.0447,277458.37
3737,2031,2,1,421197.85,0.0081,277458.37
3738,2031,34,2,31942.57,0.0018,24388.64
3739,2032,13,2,827410.55,0.0403,652020.78
3740,2032,5,4,208549.68,0.0367,129468.4
3741,2032,44,1,87468.17,0.0336,65817.69
3742,2032,34,1,31942.57,0.0222,24388.64
3743,2033,25,2,1388769.02,0.0302,1105069.8
3744,2033,31,1,397979.81,0.0181,280135.32
3745,2034,1,1,327751.93,0.0157,264766.82
3746,2034,46,2,122366.61,0.0206,87743.33
3747,2035,29,1,110419.1,0.0383,90149.63
3748,2036,2,4,421197.85,0.0448,277458.37
3749,2036,25,1,1388769.02,0.0179,1105069.8
3750,2036,31,1,397979.81,0.0377,280135.32
3751,2037,5,2,208549.68,0.0142,129468.4
3752,2037,29,1,110419.1,0.0175,90149.63
3753,2038,29,1,110419.1,0.0365,90149.63
3754,2038,34,1,31942.57,0.033,24388.64
3755,2038,41,1,144774.83,0.0106,100418.55
3756,2039,25,1,1388769.02,0.0206,1105069.8
3757,2040,46,1,122366.61,0.0052,87743.33
3758,2040,29,2,110419.1,0.0412,90149.63
3759,2040,34,1,31942.57,0.0362,24388.64
3760,2041,34,1,31942.57,0.0315,24388.64
3761,2041,1,1,327751.93,0.0014,264766.82
3762,2041,49,4,117158.57,0.018,71640.42
3763,2042,47,4,90415.22,0.0437,80954.3
3764,2043,19,2,1462370.09,0.0426,1277061.03
3765,2043,29,2,110419.1,0.004,90149.63
3766,2044,36,1,101710.13,0.0042,91733.94
3767,2045,47,2,90415.22,0.0107,80954.3
3768,2046,34,2,31942.57,0.0348,24388.64
3769,2047,1,2,327751.93,0.0579,264766.82
3770,2047,34,1,31942.57,0.0419,24388.64
3771,2047,2,3,421197.85,0.0504,277458.37
3772,2048,36,1,101710.13,0.0164,91733.94
3773,2048,34,3,31942.57,0.0466,24388.64
3774,2049,34,1,31942.57,0.0189,24388.64
3775,2049,5,1,208549.68,0.0503,129468.4
3776,2049,29,3,110419.1,0.0171,90149.63
3777,2050,35,1,114398.27,0.0246,87829.39
3778,2050,23,1,333015.22,0.0459,253403.97
3779,2051,14,1,430402.12,0.0317,277708.56
3780,2051,20,2,621947.81,0.0197,508473.83
3781,2051,46,4,122366.61,0.0525,87743.33
3782,2052,29,1,110419.1,0.0139,90149.63
3783,2053,36,2,101710.13,0.0051,91733.94
3784,2053,34,3,31942.57,0.0356,24388.64
3785,2054,46,1,122366.61,0.0499,87743.33
3786,2054,31,2,397979.81,0.008,280135.32
3787,2054,5,1,208549.68,0.0531,129468.4
3788,2054,18,1,1063067.98,0.0241,811125.08
3789,2055,1,1,327751.93,0.0284,264766.82
3790,2055,46,2,122366.61,0.0365,87743.33
3791,2055,36,1,101710.13,0.0338,91733.94
3792,2056,36,1,101710.13,0.0411,91733.94
3793,2056,35,1,114398.27,0.05,87829.39
3794,2057,46,4,122366.61,0.0014,87743.33
3795,2058,49,1,117158.57,0.0333,71640.42
3796,2059,34,2,31942.57,0.0529,24388.64
3797,2060,21,1,1282417.14,0.0525,1014060.57
3798,2061,5,1,208549.68,0.0133,129468.4
3799,2062,34,1,31942.57,0.04,24388.64
3800,2063,35,2,114398.27,0.0188,87829.39
3801,2063,29,1,110419.1,0.0156,90149.63
3802,2064,19,1,1462370.09,0.0104,1277061.03
3803,2064,34,1,31942.57,0.005,24388.64
3804,2064,26,1,138374.87,0.0316,91824.08
3805,2064,36,1,101710.13,0.0578,91733.94
3806,2065,34,2,31942.57,0.019,24388.64
3807,2066,21,4,1282417.14,0.0482,1014060.57
3808,2067,25,2,1388769.02,0.0595,1105069.8
3809,2067,34,1,31942.57,0.0061,24388.64
3810,2068,28,2,350006.59,0.0395,261179.39
3811,2069,14,1,430402.12,0.0567,277708.56
3812,2069,35,1,114398.27,0.039,87829.39
3813,2070,40,4,130413.02,0.0338,103453.46
3814,2071,1,3,327751.93,0.0558,264766.82
3815,2071,34,1,31942.57,0.0559,24388.64
3816,2072,34,1,31942.57,0.0144,24388.64
3817,2072,25,1,1388769.02,0.035,1105069.8
3818,2073,21,1,1282417.14,0.0502,1014060.57
3819,2073,20,2,621947.81,0.0381,508473.83
3820,2074,29,2,110419.1,0.0133,90149.63
3821,2074,46,2,122366.61,0.0572,87743.33
3822,2074,49,1,117158.57,0.0587,71640.42
3823,2075,25,1,1388769.02,0.0464,1105069.8
3824,2076,34,2,31942.57,0.0318,24388.64
3825,2076,29,2,110419.1,0.042,90149.63
3826,2076,36,1,101710.13,0.0357,91733.94
3827,2077,46,1,122366.61,0.0314,87743.33
3828,2077,34,1,31942.57,0.0412,24388.64
3829,2077,31,1,397979.81,0.0289,280135.32
3830,2078,47,1,90415.22,0.029,80954.3
3831,2079,47,1,90415.22,0.0125,80954.3
3832,2080,49,1,117158.57,0.0535,71640.42
3833,2080,13,2,827410.55,0.0103,652020.78
3834,2080,1,1,327751.93,0.0593,264766.82
3835,2080,29,2,110419.1,0.0076,90149.63
3836,2081,35,1,114398.27,0.0481,87829.39
3837,2081,2,3,421197.85,0.0049,277458.37
3838,2082,27,1,189481.85,0.0598,164964.31
3839,2083,34,3,31942.57,0.0256,24388.64
3840,2083,20,2,621947.81,0.0172,508473.83
3841,2084,44,1,87468.17,0.0482,65817.69
3842,2084,21,1,1282417.14,0.0416,1014060.57
3843,2084,46,1,122366.61,0.0019,87743.33
3844,2085,21,1,1282417.14,0.0091,1014060.57
3845,2086,34,1,31942.57,0.0206,24388.64
3846,2087,34,1,31942.57,0.0084,24388.64
3847,2088,23,2,333015.22,0.0098,253403.97
3848,2089,29,1,110419.1,0.0581,90149.63
3849,2089,46,1,122366.61,0.0498,87743.33
3850,2090,34,1,31942.57,0.0158,24388.64
3851,2090,2,1,421197.85,0.0189,277458.37
3852,2091,41,3,144774.83,0.0217,100418.55
3853,2092,18,2,1063067.98,0.0476,811125.08
3854,2093,29,2,110419.1,0.029,90149.63
3855,2094,29,1,110419.1,0.0027,90149.63
3856,2095,29,1,110419.1,0.0229,90149.63
3857,2096,1,2,327751.93,0.0363,264766.82
3858,2096,19,2,1462370.09,0.0519,1277061.03
3859,2097,1,3,327751.93,0.0092,264766.82
3860,2097,26,1,138374.87,0.0301,91824.08
3861,2097,31,1,397979.81,0.0079,280135.32
3862,2098,34,4,31942.57,0.0208,24388.64
3863,2099,2,1,421197.85,0.0432,277458.37
3864,2100,5,1,208549.68,0.0581,129468.4
3865,2101,36,2,101710.13,0.0575,91733.94
3866,2101,34,1,31942.57,0.0431,24388.64
3867,2101,46,1,122366.61,0.0418,87743.33
3868,2102,11,1,645358.6,0.0255,581151.04
3869,2103,5,1,208549.68,0.0314,129468.4
3870,2104,25,1,1388769.02,0.0109,1105069.8
3871,2104,36,2,101710.13,0.0395,91733.94
3872,2105,29,1,110419.1,0.0471,90149.63
3873,2106,2,1,421197.85,0.0196,277458.37
3874,2107,1,1,327751.93,0.0191,264766.82
3875,2107,34,3,31942.57,0.0198,24388.64
3876,2107,19,1,1462370.09,0.002,1277061.03
3877,2108,36,2,101710.13,0.0381,91733.94
3878,2108,22,1,1016419.6,0.0045,598250.45
3879,2108,23,1,333015.22,0.0171,253403.97
3880,2108,19,2,1462370.09,0.0359,1277061.03
3881,2109,49,1,117158.57,0.0347,71640.42
3882,2109,1,2,327751.93,0.0294,264766.82
3883,2109,6,2,472315.06,0.0079,277659.37
3884,2110,46,3,122366.61,0.0199,87743.33
3885,2110,6,1,472315.06,0.005,277659.37
3886,2111,23,1,333015.22,0.0024,253403.97
3887,2111,21,2,1282417.14,0.0498,1014060.57
3888,2112,34,1,31942.57,0.0272,24388.64
3889,2112,21,3,1282417.14,0.0239,1014060.57
3890,2112,36,2,101710.13,0.0369,91733.94
3891,2113,45,1,133481.62,0.0013,104733.28
3892,2114,29,1,110419.1,0.0494,90149.63
3893,2115,18,1,1063067.98,0.0277,811125.08
3894,2116,35,1,114398.27,0.0068,87829.39
3895,2117,46,1,122366.61,0.0132,87743.33
3896,2118,46,1,122366.61,0.0066,87743.33
3897,2118,1,3,327751.93,0.0373,264766.82
3898,2118,40,1,130413.02,0.0037,103453.46
3899,2119,34,1,31942.57,0.0041,24388.64
3900,2119,47,1,90415.22,0.0557,80954.3
3901,2120,20,1,621947.81,0.015,508473.83
3902,2120,36,1,101710.13,0.0242,91733.94
3903,2121,40,1,130413.02,0.0595,103453.46
3904,2121,46,1,122366.61,0.0245,87743.33
3905,2121,41,1,144774.83,0.0351,100418.55
3906,2122,21,2,1282417.14,0.0326,1014060.57
3907,2122,5,1,208549.68,0.0443,129468.4
3908,2123,21,1,1282417.14,0.0068,1014060.57
3909,2124,35,2,114398.27,0.0085,87829.39
3910,2125,5,3,208549.68,0.0249,129468.4
3911,2125,34,1,31942.57,0.0474,24388.64
3912,2125,49,3,117158.57,0.0105,71640.42
3913,2125,45,3,133481.62,0.0548,104733.28
3914,2126,37,2,142796.63,0.0267,117419.17
3915,2126,46,1,122366.61,0.0192,87743.33
3916,2127,2,2,421197.85,0.0001,277458.37
3917,2128,29,3,110419.1,0.0133,90149.63
3918,2128,35,1,114398.27,0.0352,87829.39
3919,2129,21,2,1282417.14,0.022,1014060.57
3920,2130,5,1,208549.68,0.0025,129468.4
3921,2130,40,1,130413.02,0.0028,103453.46
3922,2131,29,1,110419.1,0.0027,90149.63
3923,2131,46,1,122366.61,0.0291,87743.33
3924,2132,27,2,189481.85,0.0063,164964.31
3925,2132,36,3,101710.13,0.055,91733.94
3926,2132,29,1,110419.1,0.037,90149.63
3927,2133,46,3,122366.61,0.0305,87743.33
3928,2133,41,4,144774.83,0.012,100418.55
3929,2134,20,2,621947.81,0.047,508473.83
3930,2135,21,3,1282417.14,0.0422,1014060.57
3931,2135,45,2,133481.62,0.0275,104733.28
3932,2136,21,1,1282417.14,0.0372,1014060.57
3933,2136,40,1,130413.02,0.0088,103453.46
3934,2137,5,3,208549.68,0.0015,129468.4
3935,2138,34,1,31942.57,0.0158,24388.64
3936,2139,20,1,621947.81,0.0079,508473.83
3937,2140,34,2,31942.57,0.0063,24388.64
3938,2140,20,2,621947.81,0.0366,508473.83
3939,2140,29,2,110419.1,0.0285,90149.63
3940,2141,41,2,144774.83,0.0223,100418.55
3941,2142,34,1,31942.57,0.0458,24388.64
3942,2143,49,1,117158.57,0.0499,71640.42
3943,2143,36,3,101710.13,0.026,91733.94
3944,2144,34,2,31942.57,0.0035,24388.64
3945,2145,34,2,31942.57,0.0238,24388.64
3946,2145,47,1,90415.22,0.0017,80954.3
3947,2146,34,1,31942.57,0.0278,24388.64
3948,2146,28,1,350006.59,0.0105,261179.39
3949,2147,46,1,122366.61,0.0374,87743.33
3950,2147,47,1,90415.22,0.0129,80954.3
3951,2148,29,2,110419.1,0.0463,90149.63
3952,2148,6,1,472315.06,0.0134,277659.37
3953,2148,34,1,31942.57,0.0514,24388.64
3954,2149,44,2,87468.17,0.0026,65817.69
3955,2149,25,2,1388769.02,0.0539,1105069.8
3956,2149,34,1,31942.57,0.025,24388.64
3957,2150,19,1,1462370.09,0.031,1277061.03
3958,2150,34,3,31942.57,0.052,24388.64
3959,2151,21,1,1282417.14,0.0246,1014060.57
3960,2151,35,2,114398.27,0.025,87829.39
3961,2151,1,1,327751.93,0.0432,264766.82
3962,2151,36,1,101710.13,0.0029,91733.94
3963,2152,21,3,1282417.14,0.0151,1014060.57
3964,2153,47,4,90415.22,0.0281,80954.3
3965,2154,34,1,31942.57,0.0053,24388.64
3966,2155,14,3,430402.12,0.0174,277708.56
3967,2156,48,1,228348.75,0.0133,165355.08
3968,2156,29,1,110419.1,0.0041,90149.63
3969,2157,34,1,31942.57,0.0137,24388.64
3970,2158,46,1,122366.61,0.0291,87743.33
3971,2158,34,2,31942.57,0.0258,24388.64
3972,2159,49,2,117158.57,0.0575,71640.42
3973,2159,25,1,1388769.02,0.0563,1105069.8
3974,2159,21,2,1282417.14,0.0447,1014060.57
3975,2160,1,1,327751.93,0.0517,264766.82
3976,2160,25,1,1388769.02,0.036,1105069.8
3977,2160,35,1,114398.27,0.0087,87829.39
3978,2161,23,4,333015.22,0.0472,253403.97
3979,2161,34,2,31942.57,0.0386,24388.64
3980,2162,1,1,327751.93,0.0135,264766.82
3981,2163,25,2,1388769.02,0.0487,1105069.8
3982,2164,45,1,133481.62,0.0201,104733.28
3983,2165,2,1,421197.85,0.0158,277458.37
3984,2166,41,3,144774.83,0.0201,100418.55
3985,2167,36,2,101710.13,0.0203,91733.94
3986,2167,31,2,397979.81,0.0357,280135.32
3987,2167,45,1,133481.62,0.0041,104733.28
3988,2168,47,1,90415.22,0.0243,80954.3
3989,2168,1,1,327751.93,0.0094,264766.82
3990,2168,34,2,31942.57,0.0497,24388.64
3991,2169,21,1,1282417.14,0.056,1014060.57
3992,2169,28,2,350006.59,0.0478,261179.39
3993,2170,34,1,31942.57,0.0523,24388.64
3994,2171,41,2,144774.83,0.0395,100418.55
3995,2172,36,2,101710.13,0.0068,91733.94
3996,2173,34,4,31942.57,0.0575,24388.64
3997,2173,35,2,114398.27,0.0321,87829.39
3998,2174,35,2,114398.27,0.0005,87829.39
3999,2174,5,1,208549.68,0.0358,129468.4
4000,2175,1,3,327751.93,0.0294,264766.82
4001,2176,34,1,31942.57,0.051,24388.64
4002,2177,35,1,114398.27,0.0467,87829.39
4003,2177,2,1,421197.85,0.0351,277458.37
4004,2177,28,2,350006.59,0.0134,261179.39
4005,2178,21,1,1282417.14,0.0057,1014060.57
4006,2178,34,1,31942.57,0.0082,24388.64
4007,2179,21,1,1282417.14,0.0342,1014060.57
4008,2179,9,1,200226.86,0.0542,135481.27
4009,2180,1,4,327751.93,0.0019,264766.82
4010,2180,25,2,1388769.02,0.0016,1105069.8
4011,2181,34,1,31942.57,0.0367,24388.64
4012,2181,46,1,122366.61,0.0095,87743.33
4013,2182,14,3,430402.12,0.011,277708.56
4014,2182,29,3,110419.1,0.0084,90149.63
4015,2183,29,4,110419.1,0.0088,90149.63
4016,2183,34,1,31942.57,0.0202,24388.64
4017,2184,21,2,1282417.14,0.0397,1014060.57
4018,2185,2,1,421197.85,0.0326,277458.37
4019,2185,44,1,87468.17,0.0551,65817.69
4020,2185,45,1,133481.62,0.0594,104733.28
4021,2185,24,1,1178598.05,0.0375,779567.24
4022,2186,34,3,31942.57,0.0337,24388.64
4023,2187,1,2,327751.93,0.0218,264766.82
4024,2187,5,1,208549.68,0.0485,129468.4
4025,2188,44,2,87468.17,0.0365,65817.69
4026,2189,11,1,645358.6,0.0387,581151.04
4027,2190,5,2,208549.68,0.0096,129468.4
4028,2190,1,3,327751.93,0.0247,264766.82
4029,2191,1,1,327751.93,0.0017,264766.82
4030,2191,27,1,189481.85,0.0195,164964.31
4031,2191,34,4,31942.57,0.0063,24388.64
4032,2192,34,1,31942.57,0.013,24388.64
4033,2193,28,1,350006.59,0.021,261179.39
4034,2193,36,1,101710.13,0.014,91733.94
4035,2194,23,2,333015.22,0.0468,253403.97
4036,2195,21,4,1282417.14,0.0531,1014060.57
4037,2195,46,1,122366.61,0.0249,87743.33
4038,2195,39,3,141183.53,0.0367,123871.3
4039,2196,29,1,110419.1,0.0595,90149.63
4040,2197,21,1,1282417.14,0.0572,1014060.57
4041,2197,6,4,472315.06,0.0139,277659.37
4042,2197,1,3,327751.93,0.053,264766.82
4043,2198,36,2,101710.13,0.0183,91733.94
4044,2199,34,3,31942.57,0.0299,24388.64
4045,2199,1,1,327751.93,0.0553,264766.82
4046,2200,9,1,200226.86,0.0554,135481.27
4047,2200,21,1,1282417.14,0.0202,1014060.57
4048,2200,20,2,621947.81,0.0466,508473.83
4049,2200,29,2,110419.1,0.0023,90149.63
4050,2201,27,3,189481.85,0.0049,164964.31
4051,2202,46,2,122366.61,0.0385,87743.33
4052,2203,34,1,31942.57,0.0531,24388.64
4053,2204,46,1,122366.61,0.0332,87743.33
4054,2204,49,1,117158.57,0.0499,71640.42
4055,2204,21,1,1282417.14,0.0429,1014060.57
4056,2204,13,1,827410.55,0.0325,652020.78
4057,2205,11,1,645358.6,0.0507,581151.04
4058,2205,35,1,114398.27,0.0105,87829.39
4059,2205,37,1,142796.63,0.0299,117419.17
4060,2206,2,2,421197.85,0.0339,277458.37
4061,2206,36,3,101710.13,0.0309,91733.94
4062,2207,35,1,114398.27,0.0521,87829.39
4063,2208,35,1,114398.27,0.0038,87829.39
4064,2209,21,1,1282417.14,0.0012,1014060.57
4065,2210,11,1,645358.6,0.0464,581151.04
4066,2210,31,2,397979.81,0.0411,280135.32
4067,2211,9,1,200226.86,0.0508,135481.27
4068,2211,34,1,31942.57,0.0214,24388.64
4069,2212,23,4,333015.22,0.0539,253403.97
4070,2212,21,4,1282417.14,0.0521,1014060.57
4071,2212,28,2,350006.59,0.0176,261179.39
4072,2213,34,3,31942.57,0.0144,24388.64
4073,2213,27,1,189481.85,0.0042,164964.31
4074,2213,47,4,90415.22,0.0344,80954.3
4075,2213,1,1,327751.93,0.0175,264766.82
4076,2214,46,2,122366.61,0.0252,87743.33
4077,2214,1,1,327751.93,0.0059,264766.82
4078,2214,21,1,1282417.14,0.0356,1014060.57
4079,2214,49,1,117158.57,0.0215,71640.42
4080,2215,34,1,31942.57,0.0566,24388.64
4081,2215,35,1,114398.27,0.0043,87829.39
4082,2216,21,1,1282417.14,0.0107,1014060.57
4083,2217,46,2,122366.61,0.0163,87743.33
4084,2218,9,3,200226.86,0.0177,135481.27
4085,2219,35,1,114398.27,0.0107,87829.39
4086,2219,44,1,87468.17,0.014,65817.69
4087,2219,36,3,101710.13,0.003,91733.94
4088,2220,44,2,87468.17,0.004,65817.69
4089,2220,36,2,101710.13,0.0281,91733.94
4090,2221,34,2,31942.57,0.0194,24388.64
4091,2221,27,1,189481.85,0.0156,164964.31
4092,2222,36,1,101710.13,0.0578,91733.94
4093,2223,36,1,101710.13,0.0005,91733.94
4094,2224,28,1,350006.59,0.0225,261179.39
4095,2225,46,1,122366.61,0.0402,87743.33
4096,2226,2,1,421197.85,0.0502,277458.37
4097,2226,46,1,122366.61,0.0467,87743.33
4098,2226,20,1,621947.81,0.0503,508473.83
4099,2227,1,2,327751.93,0.0492,264766.82
4100,2227,35,1,114398.27,0.0159,87829.39
4101,2227,11,2,645358.6,0.0264,581151.04
4102,2228,49,1,117158.57,0.0391,71640.42
4103,2229,1,2,327751.93,0.0392,264766.82
4104,2230,11,1,645358.6,0.0579,581151.04
4105,2231,1,1,327751.93,0.021,264766.82
4106,2231,46,1,122366.61,0.0021,87743.33
4107,2231,34,1,31942.57,0.0564,24388.64
4108,2232,44,2,87468.17,0.021,65817.69
4109,2232,47,1,90415.22,0.0357,80954.3
4110,2232,34,2,31942.57,0.0255,24388.64
4111,2232,14,2,430402.12,0.0448,277708.56
4112,2233,5,1,208549.68,0.0475,129468.4
4113,2233,46,1,122366.61,0.0408,87743.33
4114,2233,21,1,1282417.14,0.0162,1014060.57
4115,2234,46,1,122366.61,0.0595,87743.33
4116,2235,46,3,122366.61,0.0098,87743.33
4117,2236,35,1,114398.27,0.021,87829.39
4118,2237,34,1,31942.57,0.0487,24388.64
4119,2237,47,1,90415.22,0.0343,80954.3
4120,2238,45,2,133481.62,0.0393,104733.28
4121,2239,40,1,130413.02,0.0368,103453.46
4122,2240,28,1,350006.59,0.0479,261179.39
4123,2240,29,1,110419.1,0.0315,90149.63
4124,2240,27,4,189481.85,0.0364,164964.31
4125,2240,47,2,90415.22,0.0309,80954.3
4126,2241,34,2,31942.57,0.0554,24388.64
4127,2242,46,1,122366.61,0.019,87743.33
4128,2242,1,1,327751.93,0.0343,264766.82
4129,2242,27,1,189481.85,0.0138,164964.31
4130,2243,44,2,87468.17,0.0504,65817.69
4131,2243,1,3,327751.93,0.0185,264766.82
4132,2243,46,3,122366.61,0.04,87743.33
4133,2244,36,1,101710.13,0.0162,91733.94
4134,2244,29,2,110419.1,0.0557,90149.63
4135,2244,23,2,333015.22,0.0436,253403.97
4136,2244,21,1,1282417.14,0.0431,1014060.57
4137,2245,2,2,421197.85,0.0406,277458.37
4138,2245,27,1,189481.85,0.0396,164964.31
4139,2245,24,1,1178598.05,0.0577,779567.24
4140,2246,28,2,350006.59,0.0596,261179.39
4141,2246,40,1,130413.02,0.0166,103453.46
4142,2247,28,1,350006.59,0.0208,261179.39
4143,2247,2,3,421197.85,0.0348,277458.37
4144,2248,44,1,87468.17,0.0046,65817.69
4145,2249,28,1,350006.59,0.0514,261179.39
4146,2249,36,1,101710.13,0.0036,91733.94
4147,2250,46,2,122366.61,0.0201,87743.33
4148,2251,45,3,133481.62,0.021,104733.28
4149,2251,34,1,31942.57,0.0492,24388.64
4150,2252,29,1,110419.1,0.0109,90149.63
4151,2253,43,3,140139.36,0.0135,93275.29
4152,2253,41,1,144774.83,0.0082,100418.55
4153,2253,11,2,645358.6,0.0111,581151.04
4154,2253,34,1,31942.57,0.0495,24388.64
4155,2254,46,1,122366.61,0.05,87743.33
4156,2255,46,2,122366.61,0.0547,87743.33
4157,2255,9,1,200226.86,0.0077,135481.27
4158,2255,28,1,350006.59,0.0191,261179.39
4159,2256,29,1,110419.1,0.0009,90149.63
4160,2257,19,1,1462370.09,0.0221,1277061.03
4161,2258,37,1,142796.63,0.0205,117419.17
4162,2258,29,4,110419.1,0.0431,90149.63
4163,2259,20,1,621947.81,0.0372,508473.83
4164,2259,21,1,1282417.14,0.0048,1014060.57
4165,2260,46,1,122366.61,0.0033,87743.33
4166,2260,37,1,142796.63,0.0078,117419.17
4167,2261,46,1,122366.61,0.0086,87743.33
4168,2261,47,2,90415.22,0.0313,80954.3
4169,2261,31,1,397979.81,0.0262,280135.32
4170,2262,2,2,421197.85,0.0132,277458.37
4171,2262,36,1,101710.13,0.0575,91733.94
4172,2263,34,1,31942.57,0.0115,24388.64
4173,2264,25,1,1388769.02,0.0028,1105069.8
4174,2265,49,1,117158.57,0.0012,71640.42
4175,2266,21,2,1282417.14,0.0247,1014060.57
4176,2266,45,4,133481.62,0.0407,104733.28
4177,2266,31,2,397979.81,0.0115,280135.32
4178,2267,1,3,327751.93,0.0142,264766.82
4179,2267,46,2,122366.61,0.0448,87743.33
4180,2267,45,1,133481.62,0.0285,104733.28
4181,2268,36,1,101710.13,0.0037,91733.94
4182,2269,35,2,114398.27,0.055,87829.39
4183,2269,20,1,621947.81,0.0156,508473.83
4184,2270,20,3,621947.81,0.0287,508473.83
4185,2271,1,1,327751.93,0.0293,264766.82
4186,2271,12,1,992208.04,0.0018,656405.29
4187,2272,25,1,1388769.02,0.02,1105069.8
4188,2272,34,2,31942.57,0.0268,24388.64
4189,2272,11,1,645358.6,0.0567,581151.04
4190,2273,34,2,31942.57,0.049,24388.64
4191,2274,19,1,1462370.09,0.0024,1277061.03
4192,2275,21,2,1282417.14,0.0142,1014060.57
4193,2276,44,1,87468.17,0.0322,65817.69
4194,2277,45,2,133481.62,0.0417,104733.28
4195,2277,36,2,101710.13,0.0134,91733.94
4196,2278,1,1,327751.93,0.0577,264766.82
4197,2278,34,1,31942.57,0.0576,24388.64
4198,2279,5,2,208549.68,0.0295,129468.4
4199,2279,29,1,110419.1,0.0316,90149.63
4200,2279,41,1,144774.83,0.0543,100418.55
4201,2280,25,2,1388769.02,0.026,1105069.8
4202,2280,46,1,122366.61,0.041,87743.33
4203,2280,41,1,144774.83,0.0522,100418.55
4204,2281,23,1,333015.22,0.0361,253403.97
4205,2281,5,2,208549.68,0.0341,129468.4
4206,2281,46,1,122366.61,0.0137,87743.33
4207,2282,29,2,110419.1,0.0011,90149.63
4208,2283,2,1,421197.85,0.0562,277458.37
4209,2283,5,4,208549.68,0.0398,129468.4
4210,2283,47,1,90415.22,0.0285,80954.3
4211,2284,12,1,992208.04,0.0347,656405.29
4212,2285,47,1,90415.22,0.0252,80954.3
4213,2285,37,1,142796.63,0.0545,117419.17
4214,2285,23,1,333015.22,0.0142,253403.97
4215,2286,24,1,1178598.05,0.0394,779567.24
4216,2286,36,2,101710.13,0.023,91733.94
4217,2286,28,1,350006.59,0.0513,261179.39
4218,2287,2,1,421197.85,0.0307,277458.37
4219,2288,20,1,621947.81,0.0553,508473.83
4220,2289,36,1,101710.13,0.0181,91733.94
4221,2289,34,1,31942.57,0.0557,24388.64
4222,2289,29,1,110419.1,0.027,90149.63
4223,2290,19,1,1462370.09,0.0072,1277061.03
4224,2290,28,1,350006.59,0.0378,261179.39
4225,2290,36,2,101710.13,0.0387,91733.94
4226,2291,2,1,421197.85,0.044,277458.37
4227,2292,49,1,117158.57,0.0025,71640.42
4228,2292,44,2,87468.17,0.0329,65817.69
4229,2292,21,1,1282417.14,0.0329,1014060.57
4230,2293,45,2,133481.62,0.0269,104733.28
4231,2293,34,2,31942.57,0.0128,24388.64
4232,2293,5,1,208549.68,0.0317,129468.4
4233,2293,47,1,90415.22,0.0553,80954.3
4234,2294,29,1,110419.1,0.055,90149.63
4235,2295,46,1,122366.61,0.0319,87743.33
4236,2296,20,1,621947.81,0.0269,508473.83
4237,2296,45,1,133481.62,0.0582,104733.28
4238,2296,28,2,350006.59,0.0101,261179.39
4239,2296,1,2,327751.93,0.0505,264766.82
4240,2297,36,2,101710.13,0.0265,91733.94
4241,2297,11,2,645358.6,0.0443,581151.04
4242,2298,41,1,144774.83,0.0116,100418.55
4243,2299,46,2,122366.61,0.027,87743.33
4244,2299,2,2,421197.85,0.043,277458.37
4245,2299,34,3,31942.57,0.0046,24388.64
4246,2300,49,2,117158.57,0.0124,71640.42
4247,2300,47,1,90415.22,0.0251,80954.3
4248,2301,29,1,110419.1,0.0296,90149.63
4249,2301,34,1,31942.57,0.0137,24388.64
4250,2301,5,3,208549.68,0.0191,129468.4
4251,2302,36,1,101710.13,0.0261,91733.94
4252,2302,25,3,1388769.02,0.0597,1105069.8
4253,2303,25,1,1388769.02,0.0189,1105069.8
4254,2304,28,2,350006.59,0.0298,261179.39
4255,2305,44,2,87468.17,0.0151,65817.69
4256,2305,18,2,1063067.98,0.0508,811125.08
4257,2305,1,1,327751.93,0.0557,264766.82
4258,2306,2,1,421197.85,0.0544,277458.37
4259,2306,45,2,133481.62,0.0313,104733.28
4260,2306,21,1,1282417.14,0.053,1014060.57
4261,2307,18,1,1063067.98,0.0322,811125.08
4262,2308,47,2,90415.22,0.0303,80954.3
4263,2308,1,1,327751.93,0.0514,264766.82
4264,2309,28,3,350006.59,0.0166,261179.39
4265,2309,37,2,142796.63,0.0429,117419.17
4266,2310,36,2,101710.13,0.0002,91733.94
4267,2311,19,2,1462370.09,0.032,1277061.03
4268,2311,41,2,144774.83,0.01,100418.55
4269,2312,35,1,114398.27,0.0271,87829.39
4270,2312,36,1,101710.13,0.0284,91733.94
4271,2313,21,2,1282417.14,0.029,1014060.57
4272,2313,46,1,122366.61,0.0293,87743.33
4273,2314,31,1,397979.81,0.0249,280135.32
4274,2314,35,1,114398.27,0.0176,87829.39
4275,2315,47,1,90415.22,0.0212,80954.3
4276,2316,46,1,122366.61,0.0106,87743.33
4277,2317,35,1,114398.27,0.0378,87829.39
4278,2318,19,2,1462370.09,0.0326,1277061.03
4279,2318,1,2,327751.93,0.0018,264766.82
4280,2318,29,1,110419.1,0.0057,90149.63
4281,2319,1,1,327751.93,0.0319,264766.82
4282,2320,35,3,114398.27,0.0513,87829.39
4283,2321,44,1,87468.17,0.0511,65817.69
4284,2321,34,2,31942.57,0.0541,24388.64
4285,2321,14,1,430402.12,0.0473,277708.56
4286,2321,46,1,122366.61,0.0046,87743.33
4287,2322,34,3,31942.57,0.0037,24388.64
4288,2323,34,3,31942.57,0.0064,24388.64
4289,2324,34,2,31942.57,0.0024,24388.64
4290,2324,2,1,421197.85,0.0321,277458.37
4291,2324,44,4,87468.17,0.0527,65817.69
4292,2325,2,1,421197.85,0.0233,277458.37
4293,2326,29,1,110419.1,0.0089,90149.63
4294,2326,11,2,645358.6,0.0275,581151.04
4295,2327,20,2,621947.81,0.0351,508473.83
4296,2328,20,2,621947.81,0.0303,508473.83
4297,2328,1,2,327751.93,0.052,264766.82
4298,2329,46,2,122366.61,0.0368,87743.33
4299,2329,1,1,327751.93,0.0103,264766.82
4300,2330,2,2,421197.85,0.0255,277458.37
4301,2331,36,2,101710.13,0.0003,91733.94
4302,2332,1,1,327751.93,0.0226,264766.82
4303,2332,29,1,110419.1,0.0104,90149.63
4304,2333,5,1,208549.68,0.0262,129468.4
4305,2334,29,1,110419.1,0.0478,90149.63
4306,2334,50,2,51767.56,0.0114,45452.34
4307,2335,12,1,992208.04,0.0567,656405.29
4308,2336,47,1,90415.22,0.0344,80954.3
4309,2336,46,4,122366.61,0.0448,87743.33
4310,2336,49,1,117158.57,0.0145,71640.42
4311,2337,45,2,133481.62,0.0468,104733.28
4312,2338,36,1,101710.13,0.056,91733.94
4313,2338,31,2,397979.81,0.0084,280135.32
4314,2339,45,1,133481.62,0.017,104733.28
4315,2340,2,1,421197.85,0.0572,277458.37
4316,2341,44,1,87468.17,0.0526,65817.69
4317,2341,35,2,114398.27,0.0195,87829.39
4318,2341,2,3,421197.85,0.0359,277458.37
4319,2342,19,1,1462370.09,0.03,1277061.03
4320,2342,11,1,645358.6,0.0233,581151.04
4321,2342,21,1,1282417.14,0.0568,1014060.57
4322,2343,13,1,827410.55,0.0004,652020.78
4323,2343,20,3,621947.81,0.0219,508473.83
4324,2344,23,2,333015.22,0.0567,253403.97
4325,2345,29,1,110419.1,0.0235,90149.63
4326,2345,2,2,421197.85,0.0544,277458.37
4327,2346,18,1,1063067.98,0.0494,811125.08
4328,2346,21,1,1282417.14,0.0171,1014060.57
4329,2346,28,1,350006.59,0.0585,261179.39
4330,2346,1,1,327751.93,0.0185,264766.82
4331,2347,50,1,51767.56,0.0135,45452.34
4332,2347,23,2,333015.22,0.0447,253403.97
4333,2347,34,1,31942.57,0.0568,24388.64
4334,2347,46,1,122366.61,0.0548,87743.33
4335,2348,27,1,189481.85,0.0484,164964.31
4336,2348,14,1,430402.12,0.0079,277708.56
4337,2348,29,3,110419.1,0.0057,90149.63
4338,2349,29,1,110419.1,0.0062,90149.63
4339,2350,28,3,350006.59,0.0289,261179.39
4340,2350,49,1,117158.57,0.0323,71640.42
4341,2350,34,1,31942.57,0.0179,24388.64
4342,2351,1,1,327751.93,0.0367,264766.82
4343,2352,34,2,31942.57,0.0434,24388.64
4344,2352,47,1,90415.22,0.0533,80954.3
4345,2352,46,3,122366.61,0.0559,87743.33
4346,2352,21,1,1282417.14,0.0363,1014060.57
4347,2353,19,1,1462370.09,0.0595,1277061.03
4348,2353,12,1,992208.04,0.013,656405.29
4349,2354,46,1,122366.61,0.0554,87743.33
4350,2354,29,1,110419.1,0.0246,90149.63
4351,2355,21,1,1282417.14,0.0454,1014060.57
4352,2355,20,2,621947.81,0.0284,508473.83
4353,2356,21,1,1282417.14,0.0417,1014060.57
4354,2356,46,3,122366.61,0.04,87743.33
4355,2356,28,1,350006.59,0.0015,261179.39
4356,2356,36,2,101710.13,0.0579,91733.94
4357,2357,34,1,31942.57,0.0312,24388.64
4358,2357,35,2,114398.27,0.0,87829.39
4359,2358,36,3,101710.13,0.0325,91733.94
4360,2358,2,1,421197.85,0.0403,277458.37
4361,2358,1,1,327751.93,0.0305,264766.82
4362,2359,1,1,327751.93,0.0191,264766.82
4363,2360,35,2,114398.27,0.0599,87829.39
4364,2360,47,1,90415.22,0.0037,80954.3
4365,2360,21,1,1282417.14,0.005,1014060.57
4366,2361,46,1,122366.61,0.0355,87743.33
4367,2362,44,1,87468.17,0.0318,65817.69
4368,2363,48,3,228348.75,0.0097,165355.08
4369,2364,28,1,350006.59,0.007,261179.39
4370,2365,11,1,645358.6,0.0434,581151.04
4371,2365,45,1,133481.62,0.0382,104733.28
4372,2365,46,3,122366.61,0.0507,87743.33
4373,2366,41,2,144774.83,0.0271,100418.55
4374,2367,46,2,122366.61,0.057,87743.33
4375,2368,25,2,1388769.02,0.0122,1105069.8
4376,2369,40,3,130413.02,0.0327,103453.46
4377,2370,21,1,1282417.14,0.0474,1014060.57
4378,2371,21,1,1282417.14,0.0267,1014060.57
4379,2371,12,3,992208.04,0.0395,656405.29
4380,2372,5,2,208549.68,0.0054,129468.4
4381,2372,1,1,327751.93,0.0226,264766.82
4382,2373,34,1,31942.57,0.0469,24388.64
4383,2374,46,1,122366.61,0.0171,87743.33
4384,2375,25,1,1388769.02,0.046,1105069.8
4385,2376,28,1,350006.59,0.0432,261179.39
4386,2377,1,2,327751.93,0.0138,264766.82
4387,2377,28,2,350006.59,0.0288,261179.39
4388,2378,23,1,333015.22,0.0123,253403.97
4389,2378,34,2,31942.57,0.0134,24388.64
4390,2379,41,1,144774.83,0.0329,100418.55
4391,2380,31,2,397979.81,0.03,280135.32
4392,2380,37,1,142796.63,0.0554,117419.17
4393,2381,34,2,31942.57,0.016,24388.64
4394,2381,5,3,208549.68,0.0015,129468.4
4395,2382,25,1,1388769.02,0.0362,1105069.8
4396,2382,5,1,208549.68,0.0431,129468.4
4397,2383,29,1,110419.1,0.0499,90149.63
4398,2384,46,1,122366.61,0.0298,87743.33
4399,2385,29,1,110419.1,0.0042,90149.63
4400,2385,20,1,621947.81,0.015,508473.83
4401,2385,23,1,333015.22,0.0498,253403.97
4402,2385,47,1,90415.22,0.0432,80954.3
4403,2386,21,3,1282417.14,0.0584,1014060.57
4404,2386,35,1,114398.27,0.0351,87829.39
4405,2387,1,1,327751.93,0.0136,264766.82
4406,2387,9,4,200226.86,0.026,135481.27
4407,2388,24,2,1178598.05,0.036,779567.24
4408,2389,41,1,144774.83,0.0175,100418.55
4409,2390,14,3,430402.12,0.0187,277708.56
4410,2390,35,2,114398.27,0.0265,87829.39
4411,2390,9,2,200226.86,0.0201,135481.27
4412,2391,34,1,31942.57,0.0037,24388.64
4413,2391,29,1,110419.1,0.0174,90149.63
4414,2392,21,4,1282417.14,0.0497,1014060.57
4415,2392,11,1,645358.6,0.0265,581151.04
4416,2392,45,1,133481.62,0.0232,104733.28
4417,2392,29,1,110419.1,0.0321,90149.63
4418,2393,20,2,621947.81,0.0415,508473.83
4419,2394,27,2,189481.85,0.014,164964.31
4420,2395,1,1,327751.93,0.0478,264766.82
4421,2396,29,1,110419.1,0.012,90149.63
4422,2397,24,1,1178598.05,0.0387,779567.24
4423,2398,11,2,645358.6,0.0132,581151.04
4424,2398,29,1,110419.1,0.0408,90149.63
4425,2399,36,1,101710.13,0.0183,91733.94
4426,2400,46,2,122366.61,0.0111,87743.33
4427,2400,40,1,130413.02,0.0425,103453.46
4428,2401,31,1,397979.81,0.0407,280135.32
4429,2402,45,1,133481.62,0.04,104733.28
4430,2402,23,1,333015.22,0.0452,253403.97
4431,2403,34,1,31942.57,0.0326,24388.64
4432,2404,1,1,327751.93,0.0448,264766.82
4433,2404,2,1,421197.85,0.0426,277458.37
4434,2405,34,2,31942.57,0.0277,24388.64
4435,2406,19,1,1462370.09,0.0015,1277061.03
4436,2407,37,1,142796.63,0.0592,117419.17
4437,2407,35,3,114398.27,0.0495,87829.39
4438,2408,1,2,327751.93,0.016,264766.82
4439,2408,27,1,189481.85,0.0236,164964.31
4440,2409,34,1,31942.57,0.0335,24388.64
4441,2410,41,2,144774.83,0.0553,100418.55
4442,2411,41,1,144774.83,0.0443,100418.55
4443,2412,25,3,1388769.02,0.0533,1105069.8
4444,2413,46,1,122366.61,0.0586,87743.33
4445,2414,25,1,1388769.02,0.003,1105069.8
4446,2414,1,2,327751.93,0.0176,264766.82
4447,2414,35,3,114398.27,0.0477,87829.39
4448,2414,21,2,1282417.14,0.0171,1014060.57
4449,2415,9,1,200226.86,0.0023,135481.27
4450,2415,21,1,1282417.14,0.0293,1014060.57
4451,2416,46,3,122366.61,0.0213,87743.33
4452,2416,47,1,90415.22,0.0282,80954.3
4453,2416,21,1,1282417.14,0.0446,1014060.57
4454,2417,26,3,138374.87,0.039,91824.08
4455,2417,35,1,114398.27,0.0099,87829.39
4456,2418,25,1,1388769.02,0.0244,1105069.8
4457,2419,26,4,138374.87,0.0087,91824.08
4458,2420,21,1,1282417.14,0.0244,1014060.57
4459,2420,34,1,31942.57,0.0229,24388.64
4460,2421,34,2,31942.57,0.035,24388.64
4461,2421,21,2,1282417.14,0.0507,1014060.57
4462,2422,1,2,327751.93,0.0047,264766.82
4463,2422,44,4,87468.17,0.0568,65817.69
4464,2422,35,2,114398.27,0.031,87829.39
4465,2423,21,2,1282417.14,0.0527,1014060.57
4466,2424,25,2,1388769.02,0.0116,1105069.8
4467,2424,47,1,90415.22,0.0434,80954.3
4468,2425,35,2,114398.27,0.046,87829.39
4469,2426,34,1,31942.57,0.0491,24388.64
4470,2427,36,1,101710.13,0.0424,91733.94
4471,2428,47,3,90415.22,0.0318,80954.3
4472,2428,21,1,1282417.14,0.0509,1014060.57
4473,2428,25,1,1388769.02,0.0347,1105069.8
4474,2429,46,1,122366.61,0.0288,87743.33
4475,2430,2,1,421197.85,0.0596,277458.37
4476,2431,14,1,430402.12,0.0212,277708.56
4477,2432,21,3,1282417.14,0.0473,1014060.57
4478,2432,35,2,114398.27,0.0515,87829.39
4479,2433,36,1,101710.13,0.0275,91733.94
4480,2433,27,1,189481.85,0.0229,164964.31
4481,2433,21,2,1282417.14,0.0241,1014060.57
4482,2434,36,1,101710.13,0.0187,91733.94
4483,2434,1,1,327751.93,0.0482,264766.82
4484,2435,35,4,114398.27,0.05,87829.39
4485,2435,14,1,430402.12,0.0145,277708.56
4486,2436,46,2,122366.61,0.0279,87743.33
4487,2436,28,1,350006.59,0.0334,261179.39
4488,2437,36,3,101710.13,0.0377,91733.94
4489,2438,5,1,208549.68,0.043,129468.4
4490,2439,21,1,1282417.14,0.0369,1014060.57
4491,2439,40,2,130413.02,0.0216,103453.46
4492,2440,34,1,31942.57,0.0012,24388.64
4493,2440,45,1,133481.62,0.0078,104733.28
4494,2440,46,1,122366.61,0.0365,87743.33
4495,2440,25,1,1388769.02,0.0522,1105069.8
4496,2441,41,1,144774.83,0.0187,100418.55
4497,2441,21,1,1282417.14,0.0149,1014060.57
4498,2442,20,1,621947.81,0.0215,508473.83
4499,2443,45,1,133481.62,0.0516,104733.28
4500,2444,1,1,327751.93,0.0108,264766.82
4501,2445,5,2,208549.68,0.0075,129468.4
4502,2446,2,1,421197.85,0.0008,277458.37
4503,2447,29,1,110419.1,0.0192,90149.63
4504,2448,35,4,114398.27,0.031,87829.39
4505,2449,1,2,327751.93,0.0479,264766.82
4506,2449,11,2,645358.6,0.0457,581151.04
4507,2450,23,1,333015.22,0.0494,253403.97
4508,2451,21,1,1282417.14,0.0326,1014060.57
4509,2451,5,2,208549.68,0.005,129468.4
4510,2451,13,3,827410.55,0.0312,652020.78
4511,2452,44,1,87468.17,0.0159,65817.69
4512,2452,34,1,31942.57,0.0158,24388.64
4513,2453,23,2,333015.22,0.032,253403.97
4514,2453,21,1,1282417.14,0.0027,1014060.57
4515,2454,2,1,421197.85,0.0591,277458.37
4516,2454,25,2,1388769.02,0.0485,1105069.8
4517,2455,21,2,1282417.14,0.0117,1014060.57
4518,2456,45,1,133481.62,0.0343,104733.28
4519,2456,35,1,114398.27,0.0274,87829.39
4520,2457,27,1,189481.85,0.0395,164964.31
4521,2458,11,2,645358.6,0.0281,581151.04
4522,2458,36,1,101710.13,0.0027,91733.94
4523,2458,47,1,90415.22,0.0585,80954.3
4524,2458,2,1,421197.85,0.0506,277458.37
4525,2459,36,2,101710.13,0.0569,91733.94
4526,2459,5,1,208549.68,0.0273,129468.4
4527,2460,34,1,31942.57,0.0148,24388.64
4528,2460,11,1,645358.6,0.0452,581151.04
4529,2460,31,1,397979.81,0.0549,280135.32
4530,2461,21,2,1282417.14,0.0363,1014060.57
4531,2462,29,1,110419.1,0.0511,90149.63
4532,2462,31,2,397979.81,0.0469,280135.32
4533,2463,35,1,114398.27,0.0017,87829.39
4534,2464,40,2,130413.02,0.0296,103453.46
4535,2465,2,1,421197.85,0.022,277458.37
4536,2465,41,3,144774.83,0.0561,100418.55
4537,2465,13,3,827410.55,0.0491,652020.78
4538,2466,37,3,142796.63,0.0429,117419.17
4539,2466,6,4,472315.06,0.0015,277659.37
4540,2467,29,1,110419.1,0.0067,90149.63
4541,2467,27,1,189481.85,0.0511,164964.31
4542,2467,47,1,90415.22,0.059,80954.3
4543,2468,34,1,31942.57,0.0199,24388.64
4544,2469,2,2,421197.85,0.0397,277458.37
4545,2469,40,1,130413.02,0.0053,103453.46
4546,2470,19,3,1462370.09,0.0188,1277061.03
4547,2471,21,1,1282417.14,0.051,1014060.57
4548,2472,21,1,1282417.14,0.0411,1014060.57
4549,2473,36,2,101710.13,0.0157,91733.94
4550,2473,47,1,90415.22,0.0585,80954.3
4551,2473,9,1,200226.86,0.0224,135481.27
4552,2473,1,1,327751.93,0.058,264766.82
4553,2474,36,2,101710.13,0.0139,91733.94
4554,2474,18,1,1063067.98,0.0214,811125.08
4555,2475,34,3,31942.57,0.023,24388.64
4556,2476,45,3,133481.62,0.0118,104733.28
4557,2477,11,2,645358.6,0.0552,581151.04
4558,2477,21,2,1282417.14,0.0423,1014060.57
4559,2478,46,1,122366.61,0.0567,87743.33
4560,2479,34,2,31942.57,0.0151,24388.64
4561,2480,44,1,87468.17,0.0036,65817.69
4562,2481,35,3,114398.27,0.0313,87829.39
4563,2481,23,2,333015.22,0.0334,253403.97
4564,2481,46,2,122366.61,0.0507,87743.33
4565,2481,45,1,133481.62,0.0276,104733.28
4566,2482,47,4,90415.22,0.041,80954.3
4567,2482,28,3,350006.59,0.0508,261179.39
4568,2483,29,3,110419.1,0.0226,90149.63
4569,2483,21,1,1282417.14,0.0469,1014060.57
4570,2484,21,1,1282417.14,0.0365,1014060.57
4571,2485,49,3,117158.57,0.0575,71640.42
4572,2486,48,1,228348.75,0.0435,165355.08
4573,2486,34,1,31942.57,0.0114,24388.64
4574,2487,47,2,90415.22,0.0147,80954.3
4575,2487,25,2,1388769.02,0.0368,1105069.8
4576,2488,44,2,87468.17,0.014,65817.69
4577,2489,34,2,31942.57,0.0558,24388.64
4578,2490,41,3,144774.83,0.0143,100418.55
4579,2491,41,1,144774.83,0.0145,100418.55
4580,2492,34,3,31942.57,0.0145,24388.64
4581,2493,44,2,87468.17,0.0181,65817.69
4582,2494,27,1,189481.85,0.0118,164964.31
4583,2494,46,2,122366.61,0.0016,87743.33
4584,2495,19,1,1462370.09,0.0275,1277061.03
4585,2496,11,1,645358.6,0.0357,581151.04
4586,2496,35,1,114398.27,0.0224,87829.39
4587,2497,44,4,87468.17,0.0349,65817.69
4588,2497,46,1,122366.61,0.0295,87743.33
4589,2497,21,1,1282417.14,0.029,1014060.57
4590,2497,2,1,421197.85,0.0422,277458.37
4591,2498,28,4,350006.59,0.0117,261179.39
4592,2499,41,3,144774.83,0.0149,100418.55
4593,2499,45,3,133481.62,0.0233,104733.28
4594,2500,44,4,87468.17,0.0113,65817.69
4595,2500,29,2,110419.1,0.0116,90149.63
4596,2500,13,1,827410.55,0.005,652020.78
4597,2500,47,1,90415.22,0.0379,80954.3
4598,2501,34,2,31942.57,0.0199,24388.64
4599,2502,25,1,1388769.02,0.0038,1105069.8
4600,2502,31,2,397979.81,0.0533,280135.32
4601,2502,36,2,101710.13,0.0294,91733.94
4602,2502,19,1,1462370.09,0.0008,1277061.03
4603,2503,5,1,208549.68,0.0207,129468.4
4604,2503,44,1,87468.17,0.0437,65817.69
4605,2504,47,1,90415.22,0.0351,80954.3
4606,2504,35,1,114398.27,0.0073,87829.39
4607,2505,11,2,645358.6,0.0461,581151.04
4608,2505,36,1,101710.13,0.0549,91733.94
4609,2505,5,1,208549.68,0.0522,129468.4
4610,2506,21,1,1282417.14,0.0172,1014060.57
4611,2507,1,1,327751.93,0.057,264766.82
4612,2508,28,2,350006.59,0.0535,261179.39
4613,2509,19,1,1462370.09,0.0595,1277061.03
4614,2509,2,1,421197.85,0.0314,277458.37
4615,2510,23,1,333015.22,0.0421,253403.97
4616,2510,36,1,101710.13,0.0102,91733.94
4617,2510,11,1,645358.6,0.058,581151.04
4618,2511,34,1,31942.57,0.007,24388.64
4619,2511,45,1,133481.62,0.0355,104733.28
4620,2511,46,3,122366.61,0.058,87743.33
4621,2512,28,1,350006.59,0.0085,261179.39
4622,2512,34,1,31942.57,0.0358,24388.64
4623,2512,41,1,144774.83,0.0508,100418.55
4624,2513,34,1,31942.57,0.0254,24388.64
4625,2514,29,2,110419.1,0.002,90149.63
4626,2514,1,3,327751.93,0.0283,264766.82
4627,2514,20,1,621947.81,0.0208,508473.83
4628,2514,21,1,1282417.14,0.0318,1014060.57
4629,2515,27,1,189481.85,0.0086,164964.31
4630,2515,47,1,90415.22,0.0505,80954.3
4631,2516,20,1,621947.81,0.011,508473.83
4632,2516,34,1,31942.57,0.0187,24388.64
4633,2517,49,1,117158.57,0.0493,71640.42
4634,2518,35,2,114398.27,0.0423,87829.39
4635,2519,11,2,645358.6,0.0091,581151.04
4636,2520,45,1,133481.62,0.0236,104733.28
4637,2520,21,1,1282417.14,0.003,1014060.57
4638,2521,1,1,327751.93,0.0277,264766.82
4639,2522,28,1,350006.59,0.0208,261179.39
4640,2522,21,1,1282417.14,0.0177,1014060.57
4641,2522,46,2,122366.61,0.0154,87743.33
4642,2523,14,1,430402.12,0.0052,277708.56
4643,2523,41,2,144774.83,0.0342,100418.55
4644,2523,1,1,327751.93,0.0007,264766.82
4645,2524,47,1,90415.22,0.012,80954.3
4646,2525,1,2,327751.93,0.0514,264766.82
4647,2525,44,2,87468.17,0.0413,65817.69
4648,2526,2,4,421197.85,0.0157,277458.37
4649,2526,46,1,122366.61,0.0076,87743.33
4650,2527,46,1,122366.61,0.0162,87743.33
4651,2527,34,1,31942.57,0.0575,24388.64
4652,2528,1,2,327751.93,0.0234,264766.82
4653,2528,34,3,31942.57,0.0525,24388.64
4654,2528,29,3,110419.1,0.0384,90149.63
4655,2528,35,1,114398.27,0.0055,87829.39
4656,2529,47,1,90415.22,0.0178,80954.3
4657,2529,49,1,117158.57,0.0013,71640.42
4658,2529,31,3,397979.81,0.0172,280135.32
4659,2530,2,4,421197.85,0.0187,277458.37
4660,2531,5,1,208549.68,0.0398,129468.4
4661,2531,35,1,114398.27,0.0302,87829.39
4662,2531,49,1,117158.57,0.0571,71640.42
4663,2532,22,1,1016419.6,0.0536,598250.45
4664,2533,5,2,208549.68,0.0391,129468.4
4665,2533,25,1,1388769.02,0.0011,1105069.8
4666,2534,21,1,1282417.14,0.0228,1014060.57
4667,2534,48,2,228348.75,0.0142,165355.08
4668,2534,34,2,31942.57,0.0275,24388.64
4669,2534,2,3,421197.85,0.0167,277458.37
4670,2535,21,2,1282417.14,0.0196,1014060.57
4671,2536,1,2,327751.93,0.0381,264766.82
4672,2537,36,1,101710.13,0.0459,91733.94
4673,2538,36,3,101710.13,0.009,91733.94
4674,2539,2,1,421197.85,0.0112,277458.37
4675,2539,25,1,1388769.02,0.0133,1105069.8
4676,2539,46,1,122366.61,0.0143,87743.33
4677,2540,46,1,122366.61,0.0584,87743.33
4678,2540,34,1,31942.57,0.0395,24388.64
4679,2540,29,3,110419.1,0.056,90149.63
4680,2541,49,2,117158.57,0.0064,71640.42
4681,2542,41,2,144774.83,0.0208,100418.55
4682,2543,45,1,133481.62,0.004,104733.28
4683,2544,1,3,327751.93,0.0007,264766.82
4684,2545,13,2,827410.55,0.0341,652020.78
4685,2545,1,2,327751.93,0.0391,264766.82
4686,2546,46,1,122366.61,0.0565,87743.33
4687,2546,40,4,130413.02,0.0391,103453.46
4688,2547,11,1,645358.6,0.0298,581151.04
4689,2548,45,2,133481.62,0.0309,104733.28
4690,2548,11,2,645358.6,0.0014,581151.04
4691,2548,34,2,31942.57,0.0127,24388.64
4692,2549,34,1,31942.57,0.0069,24388.64
4693,2549,1,1,327751.93,0.0546,264766.82
4694,2550,40,1,130413.02,0.0473,103453.46
4695,2550,21,2,1282417.14,0.0372,1014060.57
4696,2551,46,1,122366.61,0.0155,87743.33
4697,2551,45,1,133481.62,0.0397,104733.28
4698,2552,45,1,133481.62,0.0212,104733.28
4699,2553,11,4,645358.6,0.056,581151.04
4700,2554,25,2,1388769.02,0.0293,1105069.8
4701,2555,41,1,144774.83,0.0079,100418.55
4702,2555,25,3,1388769.02,0.0539,1105069.8
4703,2555,23,1,333015.22,0.0522,253403.97
4704,2556,14,1,430402.12,0.0197,277708.56
4705,2556,31,1,397979.81,0.0464,280135.32
4706,2557,40,1,130413.02,0.0394,103453.46
4707,2557,34,2,31942.57,0.0135,24388.64
4708,2557,36,1,101710.13,0.0247,91733.94
4709,2557,29,1,110419.1,0.051,90149.63
4710,2558,45,1,133481.62,0.0451,104733.28
4711,2559,36,1,101710.13,0.0087,91733.94
4712,2560,34,2,31942.57,0.0142,24388.64
4713,2560,28,2,350006.59,0.0201,261179.39
4714,2561,29,1,110419.1,0.0526,90149.63
4715,2562,1,1,327751.93,0.0392,264766.82
4716,2563,34,1,31942.57,0.0199,24388.64
4717,2564,19,4,1462370.09,0.0024,1277061.03
4718,2564,46,1,122366.61,0.0063,87743.33
4719,2564,29,2,110419.1,0.0005,90149.63
4720,2565,44,2,87468.17,0.0045,65817.69
4721,2566,36,4,101710.13,0.0591,91733.94
4722,2567,11,1,645358.6,0.0335,581151.04
4723,2568,45,3,133481.62,0.0452,104733.28
4724,2568,49,2,117158.57,0.0162,71640.42
4725,2569,1,1,327751.93,0.0179,264766.82
4726,2570,21,1,1282417.14,0.0108,1014060.57
4727,2571,31,1,397979.81,0.0153,280135.32
4728,2572,28,1,350006.59,0.0185,261179.39
4729,2572,35,3,114398.27,0.0332,87829.39
4730,2573,34,3,31942.57,0.0098,24388.64
4731,2573,36,1,101710.13,0.026,91733.94
4732,2573,1,1,327751.93,0.0005,264766.82
4733,2574,27,1,189481.85,0.0597,164964.31
4734,2574,36,2,101710.13,0.0348,91733.94
4735,2574,21,1,1282417.14,0.0309,1014060.57
4736,2575,29,1,110419.1,0.0498,90149.63
4737,2576,1,1,327751.93,0.0506,264766.82
4738,2577,14,1,430402.12,0.0347,277708.56
4739,2578,28,2,350006.59,0.0566,261179.39
4740,2579,28,1,350006.59,0.0301,261179.39
4741,2579,41,2,144774.83,0.0401,100418.55
4742,2580,31,1,397979.81,0.057,280135.32
4743,2581,45,2,133481.62,0.0497,104733.28
4744,2582,44,2,87468.17,0.0065,65817.69
4745,2583,21,1,1282417.14,0.0263,1014060.57
4746,2583,1,1,327751.93,0.0474,264766.82
4747,2583,46,1,122366.61,0.0264,87743.33
4748,2583,25,1,1388769.02,0.0187,1105069.8
4749,2584,25,1,1388769.02,0.0449,1105069.8
4750,2584,13,2,827410.55,0.0541,652020.78
4751,2584,37,2,142796.63,0.02,117419.17
4752,2585,18,4,1063067.98,0.0529,811125.08
4753,2586,13,3,827410.55,0.0494,652020.78
4754,2586,31,3,397979.81,0.041,280135.32
4755,2587,45,3,133481.62,0.0055,104733.28
4756,2587,21,4,1282417.14,0.02,1014060.57
4757,2587,41,1,144774.83,0.0475,100418.55
4758,2588,29,3,110419.1,0.024,90149.63
4759,2588,28,1,350006.59,0.0019,261179.39
4760,2589,25,2,1388769.02,0.0181,1105069.8
4761,2589,11,1,645358.6,0.0132,581151.04
4762,2590,21,1,1282417.14,0.0423,1014060.57
4763,2590,45,1,133481.62,0.0025,104733.28
4764,2590,2,3,421197.85,0.0293,277458.37
4765,2591,47,2,90415.22,0.0393,80954.3
4766,2591,5,2,208549.68,0.0457,129468.4
4767,2592,25,1,1388769.02,0.0146,1105069.8
4768,2592,34,3,31942.57,0.0582,24388.64
4769,2593,46,1,122366.61,0.0134,87743.33
4770,2594,9,1,200226.86,0.0468,135481.27
4771,2594,35,3,114398.27,0.0578,87829.39
4772,2595,21,4,1282417.14,0.0444,1014060.57
4773,2596,36,1,101710.13,0.042,91733.94
4774,2597,46,1,122366.61,0.0077,87743.33
4775,2597,2,1,421197.85,0.0581,277458.37
4776,2597,1,4,327751.93,0.0137,264766.82
4777,2597,45,1,133481.62,0.0545,104733.28
4778,2598,49,4,117158.57,0.0536,71640.42
4779,2598,34,1,31942.57,0.0456,24388.64
4780,2599,49,2,117158.57,0.0361,71640.42
4781,2600,46,4,122366.61,0.003,87743.33
4782,2600,1,1,327751.93,0.0291,264766.82
4783,2600,28,3,350006.59,0.0489,261179.39
4784,2600,34,4,31942.57,0.0371,24388.64
4785,2601,29,1,110419.1,0.0134,90149.63
4786,2602,34,3,31942.57,0.0193,24388.64
4787,2602,28,3,350006.59,0.0237,261179.39
4788,2603,1,1,327751.93,0.0265,264766.82
4789,2604,20,1,621947.81,0.0166,508473.83
4790,2604,49,2,117158.57,0.0599,71640.42
4791,2604,25,2,1388769.02,0.015,1105069.8
4792,2605,25,1,1388769.02,0.0046,1105069.8
4793,2606,2,1,421197.85,0.0291,277458.37
4794,2606,45,2,133481.62,0.051,104733.28
4795,2606,11,1,645358.6,0.0263,581151.04
4796,2607,36,1,101710.13,0.0182,91733.94
4797,2608,1,1,327751.93,0.0245,264766.82
4798,2608,35,1,114398.27,0.058,87829.39
4799,2609,34,3,31942.57,0.0117,24388.64
4800,2609,5,2,208549.68,0.0249,129468.4
4801,2610,49,2,117158.57,0.0457,71640.42
4802,2611,29,2,110419.1,0.0087,90149.63
4803,2611,45,1,133481.62,0.0271,104733.28
4804,2611,5,1,208549.68,0.0473,129468.4
4805,2611,21,1,1282417.14,0.0567,1014060.57
4806,2612,21,1,1282417.14,0.0043,1014060.57
4807,2612,36,1,101710.13,0.051,91733.94
4808,2613,45,1,133481.62,0.0486,104733.28
4809,2613,29,2,110419.1,0.0575,90149.63
4810,2613,1,1,327751.93,0.0327,264766.82
4811,2613,18,1,1063067.98,0.0325,811125.08
4812,2614,1,1,327751.93,0.0375,264766.82
4813,2615,41,2,144774.83,0.0424,100418.55
4814,2616,23,1,333015.22,0.0037,253403.97
4815,2616,5,1,208549.68,0.0083,129468.4
4816,2616,25,2,1388769.02,0.0028,1105069.8
4817,2617,2,1,421197.85,0.0002,277458.37
4818,2618,49,4,117158.57,0.0333,71640.42
4819,2618,23,1,333015.22,0.0547,253403.97
4820,2618,47,3,90415.22,0.0513,80954.3
4821,2618,37,1,142796.63,0.0045,117419.17
4822,2619,34,3,31942.57,0.0525,24388.64
4823,2620,29,1,110419.1,0.0386,90149.63
4824,2621,34,2,31942.57,0.0369,24388.64
4825,2621,1,1,327751.93,0.0158,264766.82
4826,2621,47,2,90415.22,0.0482,80954.3
4827,2622,26,1,138374.87,0.0408,91824.08
4828,2623,21,1,1282417.14,0.0369,1014060.57
4829,2624,27,2,189481.85,0.0168,164964.31
4830,2624,37,1,142796.63,0.0074,117419.17
4831,2624,25,2,1388769.02,0.0507,1105069.8
4832,2625,21,1,1282417.14,0.0042,1014060.57
4833,2626,2,1,421197.85,0.0408,277458.37
4834,2626,28,2,350006.59,0.0368,261179.39
4835,2627,2,1,421197.85,0.0541,277458.37
4836,2627,36,1,101710.13,0.0068,91733.94
4837,2627,20,1,621947.81,0.0356,508473.83
4838,2628,47,1,90415.22,0.0184,80954.3
4839,2629,37,1,142796.63,0.0353,117419.17
4840,2629,45,3,133481.62,0.0459,104733.28
4841,2629,47,1,90415.22,0.0286,80954.3
4842,2630,18,1,1063067.98,0.0053,811125.08
4843,2630,31,1,397979.81,0.0467,280135.32
4844,2631,1,1,327751.93,0.0131,264766.82
4845,2632,2,2,421197.85,0.0413,277458.37
4846,2632,21,1,1282417.14,0.0541,1014060.57
4847,2633,34,1,31942.57,0.0569,24388.64
4848,2633,36,4,101710.13,0.0397,91733.94
4849,2634,21,1,1282417.14,0.0184,1014060.57
4850,2634,44,1,87468.17,0.0335,65817.69
4851,2634,20,2,621947.81,0.0264,508473.83
4852,2634,1,3,327751.93,0.0256,264766.82
4853,2635,2,1,421197.85,0.0582,277458.37
4854,2636,34,2,31942.57,0.0498,24388.64
4855,2636,31,2,397979.81,0.0559,280135.32
4856,2636,21,1,1282417.14,0.0333,1014060.57
4857,2637,1,4,327751.93,0.0591,264766.82
4858,2638,34,1,31942.57,0.0298,24388.64
4859,2638,46,1,122366.61,0.0176,87743.33
4860,2638,2,1,421197.85,0.0032,277458.37
4861,2639,35,1,114398.27,0.0556,87829.39
4862,2639,34,2,31942.57,0.0174,24388.64
4863,2639,28,1,350006.59,0.0597,261179.39
4864,2639,1,2,327751.93,0.015,264766.82
4865,2640,46,2,122366.61,0.0182,87743.33
4866,2641,29,2,110419.1,0.0408,90149.63
4867,2642,28,3,350006.59,0.0408,261179.39
4868,2642,46,3,122366.61,0.0114,87743.33
4869,2643,46,1,122366.61,0.0183,87743.33
4870,2644,35,4,114398.27,0.0456,87829.39
4871,2644,41,1,144774.83,0.0468,100418.55
4872,2644,5,1,208549.68,0.0002,129468.4
4873,2644,36,1,101710.13,0.0359,91733.94
4874,2645,21,1,1282417.14,0.0164,1014060.57
4875,2646,46,1,122366.61,0.0432,87743.33
4876,2646,25,1,1388769.02,0.0212,1105069.8
4877,2647,1,1,327751.93,0.0227,264766.82
4878,2647,21,3,1282417.14,0.0221,1014060.57
4879,2647,35,3,114398.27,0.0303,87829.39
4880,2648,31,2,397979.81,0.0171,280135.32
4881,2649,35,1,114398.27,0.0145,87829.39
4882,2650,1,2,327751.93,0.0517,264766.82
4883,2650,9,1,200226.86,0.0397,135481.27
4884,2651,34,2,31942.57,0.0532,24388.64
4885,2652,25,4,1388769.02,0.0496,1105069.8
4886,2653,37,2,142796.63,0.0462,117419.17
4887,2653,47,4,90415.22,0.0462,80954.3
4888,2653,36,1,101710.13,0.0368,91733.94
4889,2654,27,4,189481.85,0.054,164964.31
4890,2655,29,2,110419.1,0.0546,90149.63
4891,2655,45,1,133481.62,0.0348,104733.28
4892,2656,36,2,101710.13,0.0227,91733.94
4893,2656,46,2,122366.61,0.0242,87743.33
4894,2657,21,1,1282417.14,0.0071,1014060.57
4895,2658,44,1,87468.17,0.0403,65817.69
4896,2659,11,2,645358.6,0.0359,581151.04
4897,2660,36,1,101710.13,0.0453,91733.94
4898,2661,45,1,133481.62,0.0597,104733.28
4899,2662,45,1,133481.62,0.0378,104733.28
4900,2662,2,2,421197.85,0.0505,277458.37
4901,2663,41,1,144774.83,0.0383,100418.55
4902,2664,2,3,421197.85,0.026,277458.37
4903,2665,29,3,110419.1,0.0071,90149.63
4904,2666,40,2,130413.02,0.0231,103453.46
4905,2667,29,1,110419.1,0.023,90149.63
4906,2667,25,1,1388769.02,0.0444,1105069.8
4907,2667,40,1,130413.02,0.0275,103453.46
4908,2668,36,3,101710.13,0.0434,91733.94
4909,2668,34,1,31942.57,0.0343,24388.64
4910,2668,44,2,87468.17,0.0525,65817.69
4911,2669,28,3,350006.59,0.0486,261179.39
4912,2669,2,1,421197.85,0.0449,277458.37
4913,2669,34,2,31942.57,0.0527,24388.64
4914,2670,34,1,31942.57,0.0393,24388.64
4915,2670,20,1,621947.81,0.0344,508473.83
4916,2670,5,1,208549.68,0.0577,129468.4
4917,2671,47,2,90415.22,0.0034,80954.3
4918,2671,44,1,87468.17,0.0418,65817.69
4919,2671,34,1,31942.57,0.0141,24388.64
4920,2672,36,1,101710.13,0.0031,91733.94
4921,2672,48,1,228348.75,0.0568,165355.08
4922,2672,31,2,397979.81,0.0585,280135.32
4923,2673,14,1,430402.12,0.0568,277708.56
4924,2673,34,1,31942.57,0.021,24388.64
4925,2673,44,1,87468.17,0.0488,65817.69
4926,2674,34,1,31942.57,0.0277,24388.64
4927,2674,1,3,327751.93,0.0028,264766.82
4928,2674,47,2,90415.22,0.0273,80954.3
4929,2675,45,1,133481.62,0.0251,104733.28
4930,2676,28,3,350006.59,0.0295,261179.39
4931,2676,49,2,117158.57,0.0439,71640.42
4932,2676,41,1,144774.83,0.0352,100418.55
4933,2677,36,1,101710.13,0.0238,91733.94
4934,2677,44,4,87468.17,0.0382,65817.69
4935,2678,1,1,327751.93,0.0126,264766.82
4936,2679,35,1,114398.27,0.0081,87829.39
4937,2680,27,2,189481.85,0.0088,164964.31
4938,2681,46,1,122366.61,0.016,87743.33
4939,2682,36,1,101710.13,0.0273,91733.94
4940,2683,36,2,101710.13,0.0303,91733.94
4941,2684,46,1,122366.61,0.0584,87743.33
4942,2685,46,1,122366.61,0.01,87743.33
4943,2685,23,1,333015.22,0.0289,253403.97
4944,2685,28,1,350006.59,0.0318,261179.39
4945,2685,5,1,208549.68,0.0069,129468.4
4946,2686,46,3,122366.61,0.0083,87743.33
4947,2686,36,2,101710.13,0.0263,91733.94
4948,2687,35,3,114398.27,0.0274,87829.39
4949,2688,21,1,1282417.14,0.0049,1014060.57
4950,2688,35,1,114398.27,0.0251,87829.39
4951,2689,29,1,110419.1,0.0006,90149.63
4952,2690,49,2,117158.57,0.0023,71640.42
4953,2691,46,3,122366.61,0.0103,87743.33
4954,2691,34,1,31942.57,0.0345,24388.64
4955,2692,46,2,122366.61,0.0242,87743.33
4956,2692,14,1,430402.12,0.0053,277708.56
4957,2693,5,1,208549.68,0.0508,129468.4
4958,2693,35,2,114398.27,0.003,87829.39
4959,2694,35,1,114398.27,0.0357,87829.39
4960,2695,1,1,327751.93,0.015,264766.82
4961,2695,18,1,1063067.98,0.011,811125.08
4962,2695,34,1,31942.57,0.0287,24388.64
4963,2696,1,1,327751.93,0.0213,264766.82
4964,2697,28,1,350006.59,0.0324,261179.39
4965,2698,29,1,110419.1,0.0008,90149.63
4966,2699,47,1,90415.22,0.0259,80954.3
4967,2700,25,1,1388769.02,0.0198,1105069.8
4968,2701,9,2,200226.86,0.0288,135481.27
4969,2701,1,1,327751.93,0.0011,264766.82
4970,2702,9,1,200226.86,0.0027,135481.27
4971,2703,34,3,31942.57,0.0054,24388.64
4972,2704,29,3,110419.1,0.0499,90149.63
4973,2704,19,3,1462370.09,0.0048,1277061.03
4974,2704,47,1,90415.22,0.0081,80954.3
4975,2704,46,1,122366.61,0.0197,87743.33
4976,2705,2,1,421197.85,0.0147,277458.37
4977,2705,20,2,621947.81,0.0058,508473.83
4978,2705,43,1,140139.36,0.0177,93275.29
4979,2706,34,1,31942.57,0.0388,24388.64
4980,2706,47,1,90415.22,0.0557,80954.3
4981,2706,2,1,421197.85,0.0424,277458.37
4982,2707,45,1,133481.62,0.0305,104733.28
4983,2707,2,1,421197.85,0.0234,277458.37
4984,2707,25,3,1388769.02,0.0081,1105069.8
4985,2707,41,3,144774.83,0.04,100418.55
4986,2708,1,1,327751.93,0.009,264766.82
4987,2709,20,1,621947.81,0.0231,508473.83
4988,2710,46,1,122366.61,0.0314,87743.33
4989,2710,9,1,200226.86,0.0442,135481.27
4990,2710,25,1,1388769.02,0.0264,1105069.8
4991,2711,14,3,430402.12,0.0396,277708.56
4992,2711,5,3,208549.68,0.0339,129468.4
4993,2711,46,2,122366.61,0.0246,87743.33
4994,2711,2,1,421197.85,0.0596,277458.37
4995,2712,29,1,110419.1,0.0098,90149.63
4996,2713,40,1,130413.02,0.0361,103453.46
4997,2714,1,1,327751.93,0.0467,264766.82
4998,2714,34,1,31942.57,0.0012,24388.64
4999,2714,21,2,1282417.14,0.0524,1014060.57
5000,2714,43,1,140139.36,0.0205,93275.29
5001,2715,35,3,114398.27,0.0162,87829.39
5002,2716,46,3,122366.61,0.0332,87743.33
5003,2717,28,3,350006.59,0.0277,261179.39
5004,2717,46,1,122366.61,0.0138,87743.33
5005,2717,35,4,114398.27,0.0167,87829.39
5006,2717,27,2,189481.85,0.0188,164964.31
5007,2718,2,1,421197.85,0.0336,277458.37
5008,2719,2,1,421197.85,0.0136,277458.37
5009,2720,21,1,1282417.14,0.0232,1014060.57
5010,2721,23,1,333015.22,0.0473,253403.97
5011,2722,46,4,122366.61,0.0059,87743.33
5012,2722,50,2,51767.56,0.0303,45452.34
5013,2723,11,1,645358.6,0.0195,581151.04
5014,2723,47,1,90415.22,0.0379,80954.3
5015,2724,35,1,114398.27,0.0435,87829.39
5016,2725,31,1,397979.81,0.0128,280135.32
5017,2726,47,1,90415.22,0.01,80954.3
5018,2727,41,1,144774.83,0.0184,100418.55
5019,2728,34,4,31942.57,0.0112,24388.64
5020,2728,19,1,1462370.09,0.0295,1277061.03
5021,2728,21,1,1282417.14,0.0302,1014060.57
5022,2728,46,1,122366.61,0.0195,87743.33
5023,2729,20,2,621947.81,0.0593,508473.83
5024,2729,1,1,327751.93,0.0533,264766.82
5025,2729,21,1,1282417.14,0.0355,1014060.57
5026,2730,29,3,110419.1,0.0436,90149.63
5027,2730,27,1,189481.85,0.0294,164964.31
5028,2730,47,2,90415.22,0.0497,80954.3
5029,2731,28,1,350006.59,0.0251,261179.39
5030,2731,46,1,122366.61,0.0555,87743.33
5031,2732,34,1,31942.57,0.0523,24388.64
5032,2733,34,2,31942.57,0.0482,24388.64
5033,2734,14,1,430402.12,0.0415,277708.56
5034,2735,21,1,1282417.14,0.0357,1014060.57
5035,2736,41,1,144774.83,0.0017,100418.55
5036,2737,46,1,122366.61,0.0344,87743.33
5037,2738,29,2,110419.1,0.0224,90149.63
5038,2739,44,1,87468.17,0.009,65817.69
5039,2739,36,2,101710.13,0.0341,91733.94
5040,2739,2,1,421197.85,0.0214,277458.37
5041,2740,34,1,31942.57,0.0018,24388.64
5042,2741,46,3,122366.61,0.0477,87743.33
5043,2741,2,1,421197.85,0.0529,277458.37
5044,2742,14,1,430402.12,0.0451,277708.56
5045,2742,27,1,189481.85,0.0152,164964.31
5046,2743,21,1,1282417.14,0.0056,1014060.57
5047,2744,2,1,421197.85,0.0268,277458.37
5048,2744,34,1,31942.57,0.0491,24388.64
5049,2744,29,1,110419.1,0.0264,90149.63
5050,2745,13,1,827410.55,0.022,652020.78
5051,2745,34,1,31942.57,0.0276,24388.64
5052,2745,2,1,421197.85,0.018,277458.37
5053,2746,27,4,189481.85,0.0196,164964.31
5054,2747,46,2,122366.61,0.0253,87743.33
5055,2748,46,1,122366.61,0.0357,87743.33
5056,2749,21,1,1282417.14,0.0491,1014060.57
5057,2749,46,1,122366.61,0.0175,87743.33
5058,2750,46,2,122366.61,0.035,87743.33
5059,2751,34,2,31942.57,0.0062,24388.64
5060,2751,49,1,117158.57,0.0304,71640.42
5061,2751,19,1,1462370.09,0.0124,1277061.03
5062,2752,2,2,421197.85,0.0207,277458.37
5063,2752,46,2,122366.61,0.0377,87743.33
5064,2752,29,1,110419.1,0.0228,90149.63
5065,2753,21,1,1282417.14,0.0151,1014060.57
5066,2754,2,1,421197.85,0.0509,277458.37
5067,2754,5,1,208549.68,0.0105,129468.4
5068,2754,14,3,430402.12,0.0297,277708.56
5069,2754,47,3,90415.22,0.0038,80954.3
5070,2755,21,1,1282417.14,0.0093,1014060.57
5071,2755,37,2,142796.63,0.0478,117419.17
5072,2755,1,1,327751.93,0.0592,264766.82
5073,2756,21,1,1282417.14,0.0091,1014060.57
5074,2756,47,1,90415.22,0.0132,80954.3
5075,2757,11,2,645358.6,0.0396,581151.04
5076,2757,21,1,1282417.14,0.0071,1014060.57
5077,2758,41,1,144774.83,0.0167,100418.55
5078,2758,2,2,421197.85,0.0462,277458.37
5079,2758,1,4,327751.93,0.0581,264766.82
5080,2758,47,3,90415.22,0.0261,80954.3
5081,2759,28,1,350006.59,0.001,261179.39
5082,2760,34,1,31942.57,0.0108,24388.64
5083,2761,6,1,472315.06,0.0222,277659.37
5084,2761,20,2,621947.81,0.0405,508473.83
5085,2762,29,1,110419.1,0.0163,90149.63
5086,2762,37,1,142796.63,0.0403,117419.17
5087,2762,23,2,333015.22,0.011,253403.97
5088,2762,46,3,122366.61,0.0316,87743.33
5089,2763,46,2,122366.61,0.0312,87743.33
5090,2764,34,1,31942.57,0.0471,24388.64
5091,2765,29,1,110419.1,0.0557,90149.63
5092,2765,35,1,114398.27,0.0152,87829.39
5093,2766,44,3,87468.17,0.0305,65817.69
5094,2767,11,4,645358.6,0.047,581151.04
5095,2767,46,1,122366.61,0.0473,87743.33
5096,2768,29,1,110419.1,0.0195,90149.63
5097,2768,47,2,90415.22,0.0143,80954.3
5098,2769,47,2,90415.22,0.0528,80954.3
5099,2770,1,1,327751.93,0.0364,264766.82
5100,2771,27,4,189481.85,0.041,164964.31
5101,2771,34,2,31942.57,0.0594,24388.64
5102,2772,34,1,31942.57,0.0336,24388.64
5103,2773,35,1,114398.27,0.0184,87829.39
5104,2774,11,3,645358.6,0.0057,581151.04
5105,2774,35,1,114398.27,0.0178,87829.39
5106,2775,47,1,90415.22,0.0556,80954.3
5107,2775,49,1,117158.57,0.0282,71640.42
5108,2776,1,1,327751.93,0.0512,264766.82
5109,2777,47,1,90415.22,0.0487,80954.3
5110,2777,9,1,200226.86,0.0004,135481.27
5111,2777,34,3,31942.57,0.0072,24388.64
5112,2778,18,1,1063067.98,0.0228,811125.08
5113,2779,34,2,31942.57,0.0243,24388.64
5114,2780,1,1,327751.93,0.0307,264766.82
5115,2780,21,2,1282417.14,0.0544,1014060.57
5116,2781,23,1,333015.22,0.0594,253403.97
5117,2781,46,1,122366.61,0.0004,87743.33
5118,2781,34,2,31942.57,0.0107,24388.64
5119,2781,41,1,144774.83,0.0554,100418.55
5120,2782,34,1,31942.57,0.0466,24388.64
5121,2782,25,2,1388769.02,0.0543,1105069.8
5122,2782,1,1,327751.93,0.0422,264766.82
5123,2783,5,2,208549.68,0.0388,129468.4
5124,2783,29,1,110419.1,0.0288,90149.63
5125,2783,47,4,90415.22,0.0203,80954.3
5126,2784,19,2,1462370.09,0.0128,1277061.03
5127,2785,41,1,144774.83,0.0372,100418.55
5128,2785,46,3,122366.61,0.0434,87743.33
5129,2786,46,4,122366.61,0.0184,87743.33
5130,2787,21,1,1282417.14,0.0594,1014060.57
5131,2788,46,2,122366.61,0.0217,87743.33
5132,2789,34,3,31942.57,0.0354,24388.64
5133,2790,29,1,110419.1,0.0457,90149.63
5134,2790,36,2,101710.13,0.0258,91733.94
5135,2790,18,1,1063067.98,0.0583,811125.08
5136,2791,46,1,122366.61,0.0399,87743.33
5137,2791,36,2,101710.13,0.0015,91733.94
5138,2791,43,1,140139.36,0.0591,93275.29
5139,2792,35,2,114398.27,0.0064,87829.39
5140,2792,1,4,327751.93,0.0366,264766.82
5141,2792,23,1,333015.22,0.0405,253403.97
5142,2792,46,3,122366.61,0.0067,87743.33
5143,2793,35,3,114398.27,0.0008,87829.39
5144,2793,46,3,122366.61,0.0568,87743.33
5145,2793,27,1,189481.85,0.0176,164964.31
5146,2794,31,1,397979.81,0.0455,280135.32
5147,2795,46,4,122366.61,0.0597,87743.33
5148,2796,35,1,114398.27,0.0335,87829.39
5149,2797,21,1,1282417.14,0.01,1014060.57
5150,2797,1,1,327751.93,0.0064,264766.82
5151,2798,46,1,122366.61,0.0046,87743.33
5152,2798,28,2,350006.59,0.0045,261179.39
5153,2798,29,1,110419.1,0.0373,90149.63
5154,2799,20,1,621947.81,0.0276,508473.83
5155,2799,28,1,350006.59,0.0328,261179.39
5156,2800,5,1,208549.68,0.026,129468.4
5157,2800,13,2,827410.55,0.0554,652020.78
5158,2801,46,1,122366.61,0.0313,87743.33
5159,2801,25,1,1388769.02,0.0521,1105069.8
5160,2801,28,2,350006.59,0.0187,261179.39
5161,2802,2,1,421197.85,0.0173,277458.37
5162,2803,21,1,1282417.14,0.0109,1014060.57
5163,2803,5,3,208549.68,0.0052,129468.4
5164,2803,34,1,31942.57,0.0263,24388.64
5165,2803,47,1,90415.22,0.0197,80954.3
5166,2804,36,1,101710.13,0.0345,91733.94
5167,2804,45,1,133481.62,0.051,104733.28
5168,2805,46,1,122366.61,0.0355,87743.33
5169,2806,34,1,31942.57,0.0474,24388.64
5170,2807,41,2,144774.83,0.0058,100418.55
5171,2808,21,4,1282417.14,0.0224,1014060.57
5172,2808,1,1,327751.93,0.0266,264766.82
5173,2808,34,3,31942.57,0.0006,24388.64
5174,2809,41,2,144774.83,0.0229,100418.55
5175,2809,20,1,621947.81,0.0144,508473.83
5176,2810,47,1,90415.22,0.0338,80954.3
5177,2810,1,1,327751.93,0.0159,264766.82
5178,2810,44,1,87468.17,0.0539,65817.69
5179,2811,47,2,90415.22,0.036,80954.3
5180,2811,23,2,333015.22,0.0259,253403.97
5181,2812,45,1,133481.62,0.0331,104733.28
5182,2812,41,1,144774.83,0.019,100418.55
5183,2812,35,1,114398.27,0.0044,87829.39
5184,2813,45,1,133481.62,0.0234,104733.28
5185,2813,34,3,31942.57,0.034,24388.64
5186,2814,31,2,397979.81,0.0154,280135.32
5187,2815,34,1,31942.57,0.0143,24388.64
5188,2815,26,1,138374.87,0.0127,91824.08
5189,2816,25,1,1388769.02,0.0598,1105069.8
5190,2817,2,3,421197.85,0.033,277458.37
5191,2818,27,1,189481.85,0.0165,164964.31
5192,2818,46,1,122366.61,0.0529,87743.33
5193,2819,47,1,90415.22,0.0031,80954.3
5194,2820,47,2,90415.22,0.0447,80954.3
5195,2820,20,1,621947.81,0.01,508473.83
5196,2821,29,4,110419.1,0.0214,90149.63
5197,2821,5,1,208549.68,0.0259,129468.4
5198,2822,31,2,397979.81,0.0152,280135.32
5199,2823,25,1,1388769.02,0.0367,1105069.8
5200,2823,47,1,90415.22,0.0534,80954.3
5201,2824,21,2,1282417.14,0.0479,1014060.57
5202,2825,46,1,122366.61,0.0587,87743.33
5203,2825,35,1,114398.27,0.0569,87829.39
5204,2826,20,1,621947.81,0.0083,508473.83
5205,2827,21,1,1282417.14,0.0052,1014060.57
5206,2828,47,2,90415.22,0.0002,80954.3
5207,2828,2,1,421197.85,0.0402,277458.37
5208,2828,5,1,208549.68,0.0499,129468.4
5209,2828,49,1,117158.57,0.0392,71640.42
5210,2829,45,2,133481.62,0.0138,104733.28
5211,2829,44,1,87468.17,0.003,65817.69
5212,2830,14,1,430402.12,0.0456,277708.56
5213,2830,29,1,110419.1,0.0262,90149.63
5214,2831,46,2,122366.61,0.0509,87743.33
5215,2832,25,3,1388769.02,0.0583,1105069.8
5216,2832,19,2,1462370.09,0.0172,1277061.03
5217,2832,1,1,327751.93,0.0269,264766.82
5218,2833,34,1,31942.57,0.0119,24388.64
5219,2833,19,3,1462370.09,0.0232,1277061.03
5220,2833,36,2,101710.13,0.0473,91733.94
5221,2833,2,2,421197.85,0.0493,277458.37
5222,2834,45,2,133481.62,0.0242,104733.28
5223,2834,34,2,31942.57,0.0502,24388.64
5224,2834,41,1,144774.83,0.0178,100418.55
5225,2835,14,1,430402.12,0.0031,277708.56
5226,2836,29,1,110419.1,0.008,90149.63
5227,2836,19,1,1462370.09,0.0346,1277061.03
5228,2836,46,1,122366.61,0.0221,87743.33
5229,2837,41,2,144774.83,0.0511,100418.55
5230,2837,1,1,327751.93,0.052,264766.82
5231,2837,25,2,1388769.02,0.0572,1105069.8
5232,2837,49,1,117158.57,0.0017,71640.42
5233,2838,31,3,397979.81,0.0363,280135.32
5234,2839,23,1,333015.22,0.0498,253403.97
5235,2840,27,2,189481.85,0.0456,164964.31
5236,2840,25,1,1388769.02,0.028,1105069.8
5237,2840,29,3,110419.1,0.0472,90149.63
5238,2841,27,1,189481.85,0.0024,164964.31
5239,2841,28,1,350006.59,0.0349,261179.39
5240,2842,29,3,110419.1,0.0417,90149.63
5241,2842,31,1,397979.81,0.0097,280135.32
5242,2843,1,1,327751.93,0.0392,264766.82
5243,2843,21,1,1282417.14,0.0064,1014060.57
5244,2843,45,1,133481.62,0.0226,104733.28
5245,2844,35,2,114398.27,0.0379,87829.39
5246,2845,2,3,421197.85,0.0298,277458.37
5247,2845,29,1,110419.1,0.0404,90149.63
5248,2845,31,1,397979.81,0.06,280135.32
5249,2845,27,1,189481.85,0.0546,164964.31
5250,2846,40,1,130413.02,0.0062,103453.46
5251,2846,49,1,117158.57,0.0359,71640.42
5252,2846,5,2,208549.68,0.0029,129468.4
5253,2846,31,1,397979.81,0.0554,280135.32
5254,2847,34,1,31942.57,0.0522,24388.64
5255,2847,14,1,430402.12,0.0505,277708.56
5256,2847,36,1,101710.13,0.0576,91733.94
5257,2847,1,2,327751.93,0.0239,264766.82
5258,2848,35,1,114398.27,0.0408,87829.39
5259,2849,36,2,101710.13,0.0501,91733.94
5260,2849,25,2,1388769.02,0.0587,1105069.8
5261,2849,49,2,117158.57,0.0126,71640.42
5262,2850,46,1,122366.61,0.0597,87743.33
5263,2850,34,1,31942.57,0.0176,24388.64
5264,2850,49,1,117158.57,0.0395,71640.42
5265,2851,41,4,144774.83,0.0177,100418.55
5266,2852,5,1,208549.68,0.0148,129468.4
5267,2853,34,1,31942.57,0.0164,24388.64
5268,2854,34,1,31942.57,0.0467,24388.64
5269,2855,36,1,101710.13,0.0183,91733.94
5270,2856,44,1,87468.17,0.0378,65817.69
5271,2856,28,4,350006.59,0.0025,261179.39
5272,2857,2,1,421197.85,0.0268,277458.37
5273,2858,27,1,189481.85,0.0557,164964.31
5274,2859,36,1,101710.13,0.0457,91733.94
5275,2860,21,1,1282417.14,0.0378,1014060.57
5276,2861,1,2,327751.93,0.004,264766.82
5277,2862,19,2,1462370.09,0.0145,1277061.03
5278,2862,34,1,31942.57,0.0105,24388.64
5279,2863,2,2,421197.85,0.0119,277458.37
5280,2863,21,2,1282417.14,0.0425,1014060.57
5281,2863,5,4,208549.68,0.0235,129468.4
5282,2864,28,1,350006.59,0.0539,261179.39
5283,2864,5,1,208549.68,0.0105,129468.4
5284,2864,2,2,421197.85,0.0492,277458.37
5285,2865,40,1,130413.02,0.023,103453.46
5286,2866,14,1,430402.12,0.0033,277708.56
5287,2867,5,1,208549.68,0.0086,129468.4
5288,2867,31,3,397979.81,0.0073,280135.32
5289,2868,1,3,327751.93,0.0098,264766.82
5290,2868,27,1,189481.85,0.0344,164964.31
5291,2869,25,1,1388769.02,0.0333,1105069.8
5292,2869,34,3,31942.57,0.0032,24388.64
5293,2870,49,1,117158.57,0.0224,71640.42
5294,2870,29,1,110419.1,0.0267,90149.63
5295,2870,34,2,31942.57,0.0059,24388.64
5296,2871,44,1,87468.17,0.0062,65817.69
5297,2872,29,2,110419.1,0.0502,90149.63
5298,2872,46,1,122366.61,0.0304,87743.33
5299,2872,34,1,31942.57,0.0393,24388.64
5300,2873,35,4,114398.27,0.0581,87829.39
5301,2874,47,1,90415.22,0.0221,80954.3
5302,2874,1,3,327751.93,0.0437,264766.82
5303,2874,45,2,133481.62,0.0168,104733.28
5304,2875,28,1,350006.59,0.0268,261179.39
5305,2875,34,3,31942.57,0.0237,24388.64
5306,2875,27,2,189481.85,0.028,164964.31
5307,2876,21,1,1282417.14,0.0277,1014060.57
5308,2876,2,1,421197.85,0.0296,277458.37
5309,2877,47,1,90415.22,0.053,80954.3
5310,2877,35,1,114398.27,0.0417,87829.39
5311,2877,46,1,122366.61,0.012,87743.33
5312,2878,21,1,1282417.14,0.0581,1014060.57
5313,2878,25,1,1388769.02,0.0541,1105069.8
5314,2878,19,1,1462370.09,0.0339,1277061.03
5315,2879,31,1,397979.81,0.0094,280135.32
5316,2880,47,1,90415.22,0.0426,80954.3
5317,2880,46,3,122366.61,0.0281,87743.33
5318,2881,31,1,397979.81,0.0508,280135.32
5319,2882,21,2,1282417.14,0.0008,1014060.57
5320,2883,31,1,397979.81,0.0274,280135.32
5321,2884,35,2,114398.27,0.0141,87829.39
5322,2884,40,1,130413.02,0.0411,103453.46
5323,2885,34,1,31942.57,0.0402,24388.64
5324,2885,1,2,327751.93,0.0047,264766.82
5325,2886,1,1,327751.93,0.0123,264766.82
5326,2886,45,1,133481.62,0.0357,104733.28
5327,2887,34,2,31942.57,0.0181,24388.64
5328,2887,44,1,87468.17,0.0512,65817.69
5329,2887,20,2,621947.81,0.0105,508473.83
5330,2888,34,2,31942.57,0.0434,24388.64
5331,2889,20,2,621947.81,0.0167,508473.83
5332,2890,46,1,122366.61,0.0312,87743.33
5333,2891,23,1,333015.22,0.0179,253403.97
5334,2891,40,3,130413.02,0.0033,103453.46
5335,2891,18,2,1063067.98,0.0471,811125.08
5336,2892,5,1,208549.68,0.0525,129468.4
5337,2893,13,1,827410.55,0.0534,652020.78
5338,2893,34,1,31942.57,0.0205,24388.64
5339,2894,46,2,122366.61,0.0212,87743.33
5340,2894,50,1,51767.56,0.0331,45452.34
5341,2895,35,3,114398.27,0.0291,87829.39
5342,2895,34,2,31942.57,0.0033,24388.64
5343,2896,35,1,114398.27,0.0379,87829.39
5344,2896,1,3,327751.93,0.0486,264766.82
5345,2896,34,2,31942.57,0.0422,24388.64
5346,2897,29,2,110419.1,0.0366,90149.63
5347,2897,1,2,327751.93,0.0088,264766.82
5348,2897,11,1,645358.6,0.0181,581151.04
5349,2898,21,2,1282417.14,0.0089,1014060.57
5350,2899,47,1,90415.22,0.0193,80954.3
5351,2900,34,3,31942.57,0.0424,24388.64
5352,2901,31,1,397979.81,0.0371,280135.32
5353,2902,28,1,350006.59,0.0128,261179.39
5354,2902,36,1,101710.13,0.0159,91733.94
5355,2903,23,2,333015.22,0.0512,253403.97
5356,2903,5,1,208549.68,0.0478,129468.4
5357,2904,37,2,142796.63,0.0437,117419.17
5358,2904,25,3,1388769.02,0.0203,1105069.8
5359,2904,29,1,110419.1,0.0592,90149.63
5360,2904,20,1,621947.81,0.0471,508473.83
5361,2905,47,1,90415.22,0.0325,80954.3
5362,2905,44,1,87468.17,0.0132,65817.69
5363,2905,49,1,117158.57,0.0326,71640.42
5364,2906,47,1,90415.22,0.0112,80954.3
5365,2907,23,3,333015.22,0.0347,253403.97
5366,2907,25,1,1388769.02,0.0598,1105069.8
5367,2908,40,1,130413.02,0.0167,103453.46
5368,2909,1,1,327751.93,0.0159,264766.82
5369,2910,49,1,117158.57,0.0235,71640.42
5370,2911,1,1,327751.93,0.011,264766.82
5371,2911,34,2,31942.57,0.0283,24388.64
5372,2912,34,1,31942.57,0.0478,24388.64
5373,2913,44,1,87468.17,0.0184,65817.69
5374,2913,34,1,31942.57,0.0382,24388.64
5375,2914,34,1,31942.57,0.0166,24388.64
5376,2914,23,1,333015.22,0.0105,253403.97
5377,2914,46,2,122366.61,0.0096,87743.33
5378,2915,29,2,110419.1,0.0185,90149.63
5379,2915,35,2,114398.27,0.0349,87829.39
5380,2916,1,3,327751.93,0.0415,264766.82
5381,2917,25,2,1388769.02,0.0443,1105069.8
5382,2918,47,2,90415.22,0.0228,80954.3
5383,2918,21,1,1282417.14,0.0392,1014060.57
5384,2918,34,1,31942.57,0.0492,24388.64
5385,2919,29,2,110419.1,0.0299,90149.63
5386,2920,47,2,90415.22,0.0376,80954.3
5387,2920,5,1,208549.68,0.0045,129468.4
5388,2921,19,3,1462370.09,0.0099,1277061.03
5389,2921,36,1,101710.13,0.0169,91733.94
5390,2921,34,3,31942.57,0.0123,24388.64
5391,2922,29,1,110419.1,0.0438,90149.63
5392,2923,25,1,1388769.02,0.0082,1105069.8
5393,2923,47,1,90415.22,0.0126,80954.3
5394,2923,34,1,31942.57,0.0532,24388.64
5395,2924,46,4,122366.61,0.0284,87743.33
5396,2924,47,1,90415.22,0.0462,80954.3
5397,2924,34,1,31942.57,0.0146,24388.64
5398,2925,34,4,31942.57,0.0438,24388.64
5399,2926,34,1,31942.57,0.0506,24388.64
5400,2927,41,2,144774.83,0.0118,100418.55
5401,2927,34,1,31942.57,0.0362,24388.64
5402,2927,2,3,421197.85,0.0102,277458.37
5403,2928,47,1,90415.22,0.0266,80954.3
5404,2928,36,1,101710.13,0.0502,91733.94
5405,2929,46,1,122366.61,0.0245,87743.33
5406,2930,28,2,350006.59,0.0035,261179.39
5407,2930,29,1,110419.1,0.0331,90149.63
5408,2930,37,1,142796.63,0.0165,117419.17
5409,2931,45,1,133481.62,0.0584,104733.28
5410,2931,2,1,421197.85,0.0071,277458.37
5411,2931,28,1,350006.59,0.0305,261179.39
5412,2932,45,2,133481.62,0.0215,104733.28
5413,2933,45,3,133481.62,0.0566,104733.28
5414,2934,1,2,327751.93,0.0073,264766.82
5415,2934,19,1,1462370.09,0.0195,1277061.03
5416,2935,29,1,110419.1,0.0004,90149.63
5417,2935,21,1,1282417.14,0.0005,1014060.57
5418,2935,1,1,327751.93,0.0273,264766.82
5419,2935,34,1,31942.57,0.002,24388.64
5420,2936,34,1,31942.57,0.0417,24388.64
5421,2937,28,2,350006.59,0.0098,261179.39
5422,2938,25,2,1388769.02,0.0204,1105069.8
5423,2939,49,3,117158.57,0.0254,71640.42
5424,2940,27,3,189481.85,0.0008,164964.31
5425,2941,46,1,122366.61,0.0282,87743.33
5426,2941,23,1,333015.22,0.0245,253403.97
5427,2942,41,3,144774.83,0.0052,100418.55
5428,2942,20,2,621947.81,0.0077,508473.83
5429,2942,34,1,31942.57,0.0573,24388.64
5430,2943,37,1,142796.63,0.0342,117419.17
5431,2943,28,1,350006.59,0.0279,261179.39
5432,2944,35,3,114398.27,0.0002,87829.39
5433,2944,20,1,621947.81,0.0058,508473.83
5434,2945,29,3,110419.1,0.0562,90149.63
5435,2946,49,2,117158.57,0.0509,71640.42
5436,2946,11,1,645358.6,0.0072,581151.04
5437,2947,2,2,421197.85,0.0283,277458.37
5438,2948,5,1,208549.68,0.0389,129468.4
5439,2948,50,3,51767.56,0.0198,45452.34
5440,2949,13,1,827410.55,0.0476,652020.78
5441,2949,19,1,1462370.09,0.0204,1277061.03
5442,2950,34,1,31942.57,0.052,24388.64
5443,2951,45,1,133481.62,0.0133,104733.28
5444,2951,34,2,31942.57,0.0271,24388.64
5445,2951,49,1,117158.57,0.0023,71640.42
5446,2951,1,3,327751.93,0.0478,264766.82
5447,2952,35,1,114398.27,0.0452,87829.39
5448,2952,34,1,31942.57,0.0225,24388.64
5449,2952,23,2,333015.22,0.0599,253403.97
5450,2953,46,2,122366.61,0.0449,87743.33
5451,2953,34,2,31942.57,0.0512,24388.64
5452,2953,21,1,1282417.14,0.0109,1014060.57
5453,2954,2,3,421197.85,0.0205,277458.37
5454,2954,45,2,133481.62,0.0164,104733.28
5455,2954,20,3,621947.81,0.041,508473.83
5456,2955,45,2,133481.62,0.0488,104733.28
5457,2955,5,3,208549.68,0.0541,129468.4
5458,2956,49,1,117158.57,0.0496,71640.42
5459,2957,46,1,122366.61,0.0005,87743.33
5460,2957,5,1,208549.68,0.023,129468.4
5461,2957,2,2,421197.85,0.0029,277458.37
5462,2957,9,1,200226.86,0.0536,135481.27
5463,2958,21,2,1282417.14,0.0217,1014060.57
5464,2959,46,1,122366.61,0.0172,87743.33
5465,2959,36,1,101710.13,0.0514,91733.94
5466,2960,46,1,122366.61,0.0481,87743.33
5467,2960,34,1,31942.57,0.0561,24388.64
5468,2961,46,1,122366.61,0.0043,87743.33
5469,2962,25,1,1388769.02,0.0246,1105069.8
5470,2962,46,1,122366.61,0.0527,87743.33
5471,2963,37,2,142796.63,0.0343,117419.17
5472,2963,34,2,31942.57,0.0086,24388.64
5473,2963,49,3,117158.57,0.0171,71640.42
5474,2964,28,2,350006.59,0.0382,261179.39
5475,2964,34,3,31942.57,0.0178,24388.64
5476,2965,31,1,397979.81,0.0046,280135.32
5477,2965,21,1,1282417.14,0.0503,1014060.57
5478,2966,25,1,1388769.02,0.0293,1105069.8
5479,2967,49,3,117158.57,0.0104,71640.42
5480,2967,25,1,1388769.02,0.0255,1105069.8
5481,2968,36,3,101710.13,0.0005,91733.94
5482,2969,29,2,110419.1,0.0158,90149.63
5483,2970,46,2,122366.61,0.0153,87743.33
5484,2970,45,1,133481.62,0.0087,104733.28
5485,2971,2,1,421197.85,0.0521,277458.37
5486,2972,25,1,1388769.02,0.0524,1105069.8
5487,2972,41,1,144774.83,0.0393,100418.55
5488,2972,14,1,430402.12,0.0037,277708.56
5489,2973,29,1,110419.1,0.0359,90149.63
5490,2973,19,1,1462370.09,0.004,1277061.03
5491,2973,1,2,327751.93,0.0492,264766.82
5492,2974,49,1,117158.57,0.0334,71640.42
5493,2975,47,1,90415.22,0.0416,80954.3
5494,2975,35,4,114398.27,0.0234,87829.39
5495,2976,20,2,621947.81,0.0355,508473.83
5496,2976,49,1,117158.57,0.0374,71640.42
5497,2977,34,1,31942.57,0.0123,24388.64
5498,2977,47,1,90415.22,0.0531,80954.3
5499,2978,1,2,327751.93,0.0418,264766.82
5500,2978,11,1,645358.6,0.0276,581151.04
5501,2978,34,1,31942.57,0.049,24388.64
5502,2979,47,2,90415.22,0.0489,80954.3
5503,2980,11,2,645358.6,0.0339,581151.04
5504,2980,21,1,1282417.14,0.0192,1014060.57
5505,2980,31,1,397979.81,0.0078,280135.32
5506,2981,50,3,51767.56,0.0099,45452.34
5507,2982,46,1,122366.61,0.0585,87743.33
5508,2982,34,1,31942.57,0.0247,24388.64
5509,2983,46,2,122366.61,0.0131,87743.33
5510,2984,31,2,397979.81,0.0132,280135.32
5511,2984,6,1,472315.06,0.0465,277659.37
5512,2984,41,1,144774.83,0.0533,100418.55
5513,2985,35,2,114398.27,0.0415,87829.39
5514,2986,29,1,110419.1,0.0525,90149.63
5515,2986,21,2,1282417.14,0.0306,1014060.57
5516,2987,46,1,122366.61,0.0568,87743.33
5517,2987,23,3,333015.22,0.0141,253403.97
5518,2988,47,4,90415.22,0.0142,80954.3
5519,2989,21,2,1282417.14,0.003,1014060.57
5520,2989,2,1,421197.85,0.0286,277458.37
5521,2989,9,2,200226.86,0.0197,135481.27
5522,2989,29,1,110419.1,0.0552,90149.63
5523,2990,2,1,421197.85,0.0303,277458.37
5524,2991,35,1,114398.27,0.0229,87829.39
5525,2992,46,1,122366.61,0.0365,87743.33
5526,2993,34,1,31942.57,0.0228,24388.64
5527,2993,46,1,122366.61,0.0148,87743.33
5528,2994,47,3,90415.22,0.0122,80954.3
5529,2995,28,2,350006.59,0.0423,261179.39
5530,2996,2,1,421197.85,0.001,277458.37
5531,2996,12,1,992208.04,0.009,656405.29
5532,2996,34,1,31942.57,0.0539,24388.64
5533,2996,21,2,1282417.14,0.0081,1014060.57
5534,2997,34,3,31942.57,0.0293,24388.64
5535,2998,36,2,101710.13,0.0596,91733.94
5536,2998,34,3,31942.57,0.0249,24388.64
5537,2998,11,2,645358.6,0.0283,581151.04
5538,2999,20,1,621947.81,0.0238,508473.83
5539,3000,27,1,189481.85,0.03,164964.31
5540,3001,41,1,144774.83,0.0245,100418.55
5541,3001,34,1,31942.57,0.0118,24388.64
5542,3001,28,2,350006.59,0.0509,261179.39
5543,3001,1,1,327751.93,0.033,264766.82
5544,3002,20,1,621947.81,0.0211,508473.83
5545,3002,11,2,645358.6,0.0411,581151.04
5546,3003,2,1,421197.85,0.0408,277458.37
5547,3004,21,2,1282417.14,0.0018,1014060.57
5548,3005,46,1,122366.61,0.0555,87743.33
5549,3006,5,3,208549.68,0.0264,129468.4
5550,3006,9,2,200226.86,0.0512,135481.27
5551,3006,23,1,333015.22,0.0597,253403.97
5552,3007,20,4,621947.81,0.052,508473.83
5553,3007,1,2,327751.93,0.0566,264766.82
5554,3007,21,1,1282417.14,0.047,1014060.57
5555,3008,49,2,117158.57,0.0471,71640.42
5556,3009,25,2,1388769.02,0.0248,1105069.8
5557,3009,20,1,621947.81,0.0006,508473.83
5558,3010,27,2,189481.85,0.0337,164964.31
5559,3011,11,1,645358.6,0.0206,581151.04
5560,3012,34,2,31942.57,0.0042,24388.64
5561,3012,28,2,350006.59,0.0158,261179.39
5562,3013,46,1,122366.61,0.0599,87743.33
5563,3013,34,1,31942.57,0.0445,24388.64
5564,3014,19,1,1462370.09,0.0016,1277061.03
5565,3014,29,1,110419.1,0.0481,90149.63
5566,3015,23,2,333015.22,0.0393,253403.97
5567,3016,35,1,114398.27,0.0549,87829.39
5568,3017,1,1,327751.93,0.0409,264766.82
5569,3018,34,1,31942.57,0.003,24388.64
5570,3019,21,1,1282417.14,0.0599,1014060.57
5571,3019,28,1,350006.59,0.0209,261179.39
5572,3019,35,3,114398.27,0.0198,87829.39
5573,3019,34,1,31942.57,0.0047,24388.64
5574,3020,19,1,1462370.09,0.0463,1277061.03
5575,3020,1,1,327751.93,0.0037,264766.82
5576,3020,44,1,87468.17,0.0561,65817.69
5577,3020,28,2,350006.59,0.0412,261179.39
5578,3021,34,1,31942.57,0.0408,24388.64
5579,3022,29,2,110419.1,0.0219,90149.63
5580,3022,35,4,114398.27,0.004,87829.39
5581,3023,35,3,114398.27,0.0389,87829.39
5582,3024,1,2,327751.93,0.0272,264766.82
5583,3025,29,2,110419.1,0.0146,90149.63
5584,3026,29,1,110419.1,0.0286,90149.63
5585,3027,2,3,421197.85,0.0336,277458.37
5586,3028,44,2,87468.17,0.0483,65817.69
5587,3029,19,1,1462370.09,0.0066,1277061.03
5588,3029,1,3,327751.93,0.0141,264766.82
5589,3030,46,2,122366.61,0.0092,87743.33
5590,3031,46,3,122366.61,0.0365,87743.33
5591,3031,21,2,1282417.14,0.0282,1014060.57
5592,3031,37,2,142796.63,0.0388,117419.17
5593,3031,1,1,327751.93,0.0569,264766.82
5594,3032,34,4,31942.57,0.0439,24388.64
5595,3032,27,1,189481.85,0.0124,164964.31
5596,3032,35,1,114398.27,0.0087,87829.39
5597,3033,27,1,189481.85,0.041,164964.31
5598,3034,25,1,1388769.02,0.0205,1105069.8
5599,3035,36,4,101710.13,0.0413,91733.94
5600,3035,1,1,327751.93,0.0286,264766.82
5601,3036,11,1,645358.6,0.0571,581151.04
5602,3036,27,1,189481.85,0.0175,164964.31
5603,3036,34,1,31942.57,0.0461,24388.64
5604,3037,1,1,327751.93,0.0171,264766.82
5605,3037,34,1,31942.57,0.0598,24388.64
5606,3038,21,1,1282417.14,0.0298,1014060.57
5607,3039,34,1,31942.57,0.028,24388.64
5608,3040,41,3,144774.83,0.012,100418.55
5609,3040,26,2,138374.87,0.057,91824.08
5610,3041,34,1,31942.57,0.0493,24388.64
5611,3042,29,1,110419.1,0.0267,90149.63
5612,3042,6,1,472315.06,0.0102,277659.37
5613,3043,46,2,122366.61,0.0532,87743.33
5614,3043,40,1,130413.02,0.0345,103453.46
5615,3044,47,1,90415.22,0.0455,80954.3
5616,3044,29,2,110419.1,0.0503,90149.63
5617,3045,34,2,31942.57,0.0097,24388.64
5618,3045,5,3,208549.68,0.022,129468.4
5619,3045,45,4,133481.62,0.0241,104733.28
5620,3046,31,3,397979.81,0.0477,280135.32
5621,3047,19,1,1462370.09,0.0528,1277061.03
5622,3047,41,1,144774.83,0.0282,100418.55
5623,3047,34,3,31942.57,0.04,24388.64
5624,3048,47,1,90415.22,0.0382,80954.3
5625,3049,45,1,133481.62,0.0477,104733.28
5626,3049,46,2,122366.61,0.0077,87743.33
5627,3049,34,1,31942.57,0.0349,24388.64
5628,3050,28,1,350006.59,0.0488,261179.39
5629,3050,34,2,31942.57,0.0392,24388.64
5630,3050,2,1,421197.85,0.0053,277458.37
5631,3051,7,1,123957.4,0.1006,102099.76
5632,3051,49,1,126242.17,0.114,84361.73
5633,3052,46,1,132999.03,0.0813,105580.65
5634,3053,47,1,95646.92,0.1389,90841.48
5635,3054,2,1,435269.1,0.0341,295142.83
5636,3055,29,1,120448.39,0.0329,112069.53
5637,3055,46,3,131854.01,0.0916,103324.06
5638,3056,6,1,505422.83,0.1345,327791.35
5639,3057,28,2,359148.1,0.0142,273793.14
5640,3057,21,1,1315976.8,0.0133,1063271.26
5641,3058,46,1,131854.01,0.0821,103324.06
5642,3059,32,1,213961.47,0.0464,202133.16
5643,3059,21,1,1351034.39,0.0369,1136152.63
5644,3060,35,1,122804.83,0.164,103427.54
5645,3061,20,1,674709.29,0.0616,627098.29
5646,3061,46,1,130668.32,0.121,100942.33
5647,3062,38,2,66947.61,0.0148,50918.86
5648,3063,34,1,32354.93,0.067,24963.41
5649,3063,29,3,111844.55,0.0752,92274.19
5650,3064,29,1,119002.03,0.0177,108023.51
5651,3065,7,2,123957.4,0.0846,102099.76
5652,3066,47,1,94795.27,0.0627,88782.62
5653,3067,28,1,352258.55,0.0266,264239.08
5654,3068,29,1,111129.54,0.0706,91205.72
5655,3069,32,1,224496.8,0.1031,233894.04
5656,3069,49,1,127338.46,0.14,86204.18
5657,3070,45,1,139947.96,0.0116,114861.05
5658,3070,6,1,497985.89,0.0345,312192.67
5659,3070,34,3,33543.84,0.0974,26939.02
5660,3071,28,1,359148.1,0.0569,273793.14
5661,3072,46,3,123153.92,0.0004,88771.24
5662,3073,49,1,122834.17,0.1083,78568.09
5663,3073,41,1,152032.38,0.063,110919.59
5664,3073,46,1,128294.51,0.0103,96228.16
5665,3073,30,1,305252.39,0.0443,207060.31
5666,3074,21,1,1325154.46,0.0685,1078311.15
5667,3074,34,1,32996.58,0.0072,25897.06
5668,3075,37,3,147508.52,0.0746,124681.51
5669,3076,10,3,81658.51,0.0702,56708.64
5670,3076,29,1,114076.22,0.0148,95776.39
5671,3077,7,1,120123.26,0.1133,91903.93
5672,3078,28,1,381797.43,0.0351,324685.21
5673,3079,46,1,132999.03,0.0803,105580.65
5674,3079,20,4,693417.16,0.048,684438.9
5675,3080,46,1,134114.1,0.1391,107743.99
5676,3081,23,2,346884.65,0.0933,274580.63
5677,3082,34,1,32775.87,0.0558,25563.08
5678,3083,46,1,130668.32,0.1794,100942.33
5679,3084,46,1,130668.32,0.0659,100942.33
5680,3085,45,1,138825.69,0.0671,112703.9
5681,3085,10,2,82330.89,0.0488,57832.32
5682,3086,32,2,226889.72,0.0095,241081.0
5683,3086,45,1,146296.17,0.0475,128606.71
5684,3086,46,1,134114.1,0.0493,107743.99
5685,3086,36,1,112570.88,0.0081,117634.68
5686,3087,29,1,120448.39,0.0086,112069.53
5687,3088,21,1,1351034.39,0.1366,1136152.63
5688,3089,47,2,95646.92,0.0158,90841.48
5689,3090,35,1,125399.49,0.1406,109737.22
5690,3091,44,4,88030.95,0.0038,66588.73
5691,3092,36,1,111491.19,0.1285,114615.71
5692,3093,46,1,126384.28,0.066,93104.0
5693,3093,10,2,81658.51,0.0498,56708.64
5694,3093,18,2,1098582.63,0.0033,862824.05
5695,3093,25,1,1435050.58,0.0685,1175086.69
5696,3094,46,3,125553.86,0.0687,91952.31
5697,3094,19,3,1500638.95,0.0107,1339034.7
5698,3095,29,1,119002.03,0.1966,108023.51
5699,3096,43,1,150437.51,0.055,109840.62
5700,3097,50,1,52773.23,0.0079,47068.53
5701,3098,10,4,80553.74,0.0559,55206.38
5702,3099,36,1,103686.01,0.0649,94995.82
5703,3099,29,3,112564.16,0.0769,93355.17
5704,3100,32,2,226889.72,0.0356,241081.0
5705,3101,41,1,152032.38,0.0986,110919.59
5706,3102,34,1,32148.09,0.0626,24674.35
5707,3102,46,1,123153.92,0.0002,88771.24
5708,3103,38,1,64199.54,0.007,45212.97
5709,3104,49,4,117912.37,0.0697,72479.68
5710,3105,46,1,129447.11,0.069,98459.68
5711,3106,7,1,127310.24,0.0076,111114.39
5712,3107,41,1,148551.65,0.0403,105254.26
5713,3108,40,4,142954.33,0.1605,129258.51
5714,3108,7,4,125684.63,0.0026,106741.72
5715,3108,36,1,111491.19,0.0464,114615.71
5716,3109,45,2,141205.26,0.0771,117524.66
5717,3109,21,1,1370062.4,0.0482,1188574.62
5718,3110,34,3,34289.87,0.1778,28719.96
5719,3111,34,1,32354.93,0.0087,24963.41
5720,3112,30,2,308902.92,0.1005,214634.04
5721,3112,46,1,129447.11,0.1361,98459.68
5722,3112,10,1,84557.63,0.1701,62936.13
5723,3112,45,1,141205.26,0.0168,117524.66
5724,3113,41,1,150648.82,0.0358,108310.4
5725,3114,29,2,116094.14,0.1127,100110.69
5726,3114,32,1,213961.47,0.0748,202133.16
5727,3115,23,1,361265.79,0.0586,312521.88
5728,3116,23,2,361265.79,0.0312,312521.88
5729,3116,34,2,34289.87,0.1406,28719.96
5730,3116,28,3,377212.77,0.0927,312963.2
5731,3117,44,1,89746.43,0.0057,68974.9
5732,3117,33,1,153981.1,0.0101,111479.51
5733,3118,5,1,223168.35,0.1326,152844.2
5734,3119,32,3,224496.8,0.0528,233894.04
5735,3119,46,3,132999.03,0.1042,105580.65
5736,3120,11,2,666918.55,0.0613,618192.07
5737,3120,36,1,105066.29,0.0655,97407.65
5738,3121,7,4,127310.24,0.1441,111114.39
5739,3121,47,1,99095.3,0.1126,99407.42
5740,3122,34,3,34661.36,0.1535,29625.07
5741,3122,36,1,110367.21,0.0207,111429.94
5742,3122,31,2,434128.01,0.047,348250.28
5743,3123,36,1,105836.84,0.0351,98943.27
5744,3123,1,1,341490.25,0.0869,287223.08
5745,3124,19,1,1562314.02,0.1209,1496835.95
5746,3124,21,4,1370062.4,0.0724,1188574.62
5747,3125,40,1,141513.15,0.1737,125665.73
5748,3126,46,4,128294.51,0.0445,96228.16
5749,3127,7,1,123957.4,0.0791,102099.76
5750,3128,46,1,134114.1,0.0595,107743.99
5751,3128,7,1,127310.24,0.1325,111114.39
5752,3129,7,2,114435.29,0.0762,80616.4
5753,3129,21,1,1307330.08,0.0006,1050118.61
5754,3129,44,1,89167.38,0.0263,68158.04
5755,3130,34,2,35353.44,0.1324,31274.68
5756,3131,33,1,165542.97,0.1121,136649.96
5757,3132,45,1,143830.78,0.0861,123330.94
5758,3132,30,4,316701.25,0.1814,231794.93
5759,3132,46,1,131854.01,0.0,103324.06
5760,3132,41,1,157097.37,0.1609,121979.21
5761,3133,31,3,443717.29,0.0526,371030.68
5762,3134,29,2,113303.04,0.0285,94503.44
5763,3134,11,1,662260.19,0.0387,609407.51
5764,3135,49,1,121849.14,0.0642,77092.54
5765,3135,26,2,144044.95,0.0567,99211.84
5766,3135,46,3,127265.69,0.0612,94420.95
5767,3136,48,1,229817.96,0.0578,167292.21
5768,3136,34,1,32148.09,0.0715,24674.35
5769,3137,45,1,146296.17,0.0972,128606.71
5770,3138,36,1,110367.21,0.0258,111429.94
5771,3139,5,3,209891.5,0.0685,130985.11
5772,3140,47,1,94795.27,0.1298,88782.62
5773,3141,30,4,305252.39,0.0375,207060.31
5774,3142,46,1,126384.28,0.0119,93104.0
5775,3142,34,1,32996.58,0.0589,25897.06
5776,3143,11,1,701945.44,0.0411,724990.0
5777,3144,33,1,165542.97,0.0702,136649.96
5778,3145,27,1,209029.84,0.1178,211976.7
5779,3146,23,2,375843.56,0.0255,354073.6
5780,3146,44,1,95865.33,0.0125,80820.5
5781,3146,5,1,236520.52,0.0396,184792.85
5782,3146,47,1,99095.3,0.0338,99407.42
5783,3147,29,1,116094.14,0.0183,100110.69
5784,3148,28,2,361598.94,0.0206,277481.11
5785,3149,23,1,335157.85,0.04,256372.58
5786,3150,7,1,123957.4,0.1007,102099.76
5787,3150,36,1,110367.21,0.11,111429.94
5788,3151,31,2,443717.29,0.0091,371030.68
5789,3151,36,1,112570.88,0.106,117634.68
5790,3151,34,3,35353.44,0.1271,31274.68
5791,3152,10,1,81658.51,0.0666,56708.64
5792,3153,32,1,216520.24,0.1108,209526.67
5793,3154,19,3,1490778.89,0.0691,1322470.86
5794,3155,10,2,80553.74,0.0528,55206.38
5795,3155,41,1,147587.31,0.009,103989.24
5796,3156,1,3,345565.6,0.0505,297696.64
5797,3157,29,1,119002.03,0.0151,108023.51
5798,3158,30,1,302227.39,0.0517,201459.25
5799,3159,34,1,34661.36,0.124,29625.07
5800,3160,47,2,91582.44,0.0244,82862.15
5801,3161,46,1,123946.3,0.0263,89811.19
5802,3162,44,1,92529.34,0.0921,73856.19
5803,3163,31,1,403117.51,0.0781,286737.29
5804,3163,28,1,354524.99,0.0711,267334.62
5805,3164,2,1,444090.41,0.1423,311966.68
5806,3165,46,1,134114.1,0.0384,107743.99
5807,3165,33,1,167307.5,0.1274,140848.86
5808,3165,30,1,323696.74,0.1008,246957.53
5809,3166,34,1,32563.1,0.0564,25255.85
5810,3166,40,2,132946.5,0.028,107132.07
5811,3167,34,2,35353.44,0.0827,31274.68
5812,3168,20,1,701935.12,0.0236,710474.9
5813,3168,46,4,134114.1,0.084,107743.99
5814,3169,7,2,118355.73,0.0906,87530.48
5815,3170,47,2,95646.92,0.0129,90841.48
5816,3171,34,1,34289.87,0.0636,28719.96
5817,3172,47,1,99095.3,0.12,99407.42
5818,3172,46,1,134114.1,0.1489,107743.99
5819,3173,25,1,1435050.58,0.0814,1175086.69
5820,3174,44,1,90970.05,0.101,70826.67
5821,3175,7,1,123957.4,0.0899,102099.76
5822,3175,32,1,221986.35,0.0477,226279.2
5823,3175,41,1,157097.37,0.0801,121979.21
5824,3176,1,1,331983.03,0.0384,271006.6
5825,3177,34,1,33902.23,0.1568,27769.82
5826,3177,47,1,95646.92,0.0746,90841.48
5827,3178,46,1,123946.3,0.0315,89811.19
5828,3178,21,2,1298972.45,0.0329,1037959.01
5829,3179,32,1,213961.47,0.0225,202133.16
5830,3179,10,1,83313.43,0.1117,59941.17
5831,3179,19,1,1540615.94,0.1292,1430818.12
5832,3180,46,1,123946.3,0.009,89811.19
5833,3180,49,2,118671.03,0.0191,73328.78
5834,3181,28,1,377212.77,0.1154,312963.2
5835,3182,28,1,386115.19,0.0244,335611.65
5836,3183,32,1,221986.35,0.0955,226279.2
5837,3183,34,1,34661.36,0.148,29625.07
5838,3184,5,1,209891.5,0.0735,130985.11
5839,3184,11,2,649510.86,0.0468,587959.18
5840,3185,32,3,216520.24,0.1411,209526.67
5841,3186,28,1,386115.19,0.0477,335611.65
5842,3187,46,1,128294.51,0.0428,96228.16
5843,3188,39,1,146911.8,0.079,133606.29
5844,3188,30,1,302227.39,0.0391,201459.25
5845,3189,33,1,161726.15,0.0635,127428.26
5846,3190,46,2,123946.3,0.0501,89811.19
5847,3191,23,1,371282.71,0.1386,341098.25
5848,3191,46,1,132999.03,0.1692,105580.65
5849,3192,2,2,432228.79,0.0558,290948.83
5850,3192,46,1,125553.86,0.0821,91952.31
5851,3193,7,1,115194.46,0.0105,81633.36
5852,3194,46,1,132999.03,0.0008,105580.65
5853,3195,1,1,350726.29,0.0802,312571.03
5854,3195,46,1,129447.11,0.023,98459.68
5855,3196,36,1,109184.31,0.0673,108025.52
5856,3196,5,1,226835.9,0.0651,161512.74
5857,3196,46,1,130668.32,0.1573,100942.33
5858,3197,20,1,674709.29,0.1772,627098.29
5859,3197,35,1,122804.83,0.0904,103427.54
5860,3198,30,1,323696.74,0.0589,246957.53
5861,3198,46,1,134114.1,0.058,107743.99
5862,3199,46,1,126384.28,0.0321,93104.0
5863,3199,27,1,195757.56,0.0122,175260.7
5864,3200,38,1,63732.12,0.0776,44511.25
5865,3200,46,2,126384.28,0.0304,93104.0
5866,3201,35,1,119039.77,0.0162,94731.86
5867,3201,20,1,647850.71,0.069,550966.36
5868,3201,28,1,364348.55,0.0319,282192.71
5869,3202,11,1,680434.54,0.049,653430.49
5870,3203,27,1,194430.76,0.0025,172931.32
5871,3203,10,1,81088.13,0.068,55902.81
5872,3204,46,1,129447.11,0.0854,98459.68
5873,3205,37,1,153290.04,0.0183,138272.36
5874,3205,40,1,139996.43,0.0376,121826.39
5875,3206,7,1,120123.26,0.0516,91903.93
5876,3207,3,1,146151.75,0.1314,153211.91
5877,3208,46,3,131854.01,0.1792,103324.06
5878,3209,34,3,33902.23,0.0373,27769.82
5879,3209,47,1,95646.92,0.0585,90841.48
5880,3210,34,1,32354.93,0.0232,24963.41
5881,3210,20,4,629976.82,0.0168,520457.07
5882,3211,41,1,153656.7,0.0552,114340.34
5883,3211,4,1,171388.9,0.026,135891.53
5884,3212,40,4,132096.59,0.0586,105891.55
5885,3212,19,2,1481248.49,0.0066,1307157.62
5886,3212,21,1,1298972.45,0.0265,1037959.01
5887,3213,1,1,334119.02,0.0451,274181.42
5888,3213,35,2,116620.63,0.0106,90952.43
5889,3214,46,1,131854.01,0.1412,103324.06
5890,3215,10,1,82330.89,0.0791,57832.32
5891,3216,42,1,58662.58,0.0649,38301.75
5892,3217,46,1,131854.01,0.0292,103324.06
5893,3218,28,1,354524.99,0.0019,267334.62
5894,3219,7,1,127310.24,0.0658,111114.39
5895,3219,29,1,123108.92,0.1385,119400.43
5896,3219,23,1,375843.56,0.0711,354073.6
5897,3220,47,1,93383.83,0.0406,85900.19
5898,3220,45,1,137864.22,0.0358,111131.95
5899,3221,7,1,123957.4,0.0069,102099.76
5900,3222,29,1,112564.16,0.0712,93355.17
5901,3223,11,4,672409.98,0.0345,630441.49
5902,3223,1,1,341490.25,0.0731,287223.08
5903,3224,19,1,1500638.95,0.0474,1339034.7
5904,3224,7,1,115194.46,0.0631,81633.36
5905,3225,29,3,120448.39,0.1759,112069.53
5906,3226,20,1,642674.59,0.001,540690.58
5907,3227,32,1,224496.8,0.0635,233894.04
5908,3228,28,2,359148.1,0.0157,273793.14
5909,3229,34,1,32354.93,0.0662,24963.41
5910,3229,25,2,1406697.27,0.0309,1131113.06
5911,3230,33,1,152976.96,0.0651,110124.98
5912,3230,28,1,356806.01,0.0264,270466.42
5913,3230,47,1,92171.68,0.0137,83832.88
5914,3231,7,1,125684.63,0.0403,106741.72
5915,3231,36,1,111491.19,0.0183,114615.71
5916,3232,27,2,211257.89,0.0723,218490.2
5917,3233,21,3,1315976.8,0.0329,1063271.26
5918,3234,35,1,125399.49,0.0961,109737.22
5919,3235,46,1,134114.1,0.1033,107743.99
5920,3236,49,1,128406.07,0.1374,87970.5
5921,3236,34,1,35353.44,0.0303,31274.68
5922,3237,25,1,1483682.77,0.0166,1295246.01
5923,3237,46,1,129447.11,0.1398,98459.68
5924,3238,20,1,625949.44,0.0103,514430.56
5925,3239,34,1,35014.36,0.0349,30472.05
5926,3239,46,2,132999.03,0.1276,105580.65
5927,3240,32,1,224496.8,0.0997,233894.04
5928,3241,34,1,32354.93,0.0214,24963.41
5929,3241,6,1,478412.39,0.0505,284202.99
5930,3241,2,2,426635.29,0.0165,283997.25
5931,3241,49,1,118671.03,0.0743,73328.78
5932,3242,14,3,435958.38,0.0664,284253.33
5933,3242,25,1,1406697.27,0.0098,1131113.06
5934,3242,31,2,403117.51,0.0282,286737.29
5935,3243,32,1,221986.35,0.1738,226279.2
5936,3244,6,1,484684.73,0.0501,291159.6
5937,3245,8,3,238431.94,0.0487,219924.31
5938,3245,28,1,361598.94,0.0316,277481.11
5939,3245,25,3,1435050.58,0.0436,1175086.69
5940,3246,46,1,130668.32,0.005,100942.33
5941,3246,30,1,312898.27,0.167,223426.51
5942,3247,46,2,128294.51,0.0809,96228.16
5943,3247,21,1,1351034.39,0.1203,1136152.63
5944,3247,23,1,350833.6,0.1389,283913.6
5945,3247,47,1,94795.27,0.139,88782.62
5946,3248,46,1,124743.77,0.0132,90863.32
5947,3248,20,1,634030.11,0.0211,526554.19
5948,3248,23,1,339484.56,0.0483,262414.53
5949,3249,46,1,130668.32,0.1951,100942.33
5950,3250,7,2,123957.4,0.0137,102099.76
5951,3251,19,1,1500638.95,0.056,1339034.7
5952,3251,30,2,297913.62,0.075,195462.74
5953,3251,46,1,125553.86,0.009,91952.31
5954,3252,36,1,109184.31,0.0465,108025.52
5955,3252,34,1,34289.87,0.0292,28719.96
5956,3253,47,1,90996.96,0.0222,81902.67
5957,3254,7,1,127310.24,0.1224,111114.39
5958,3255,45,1,141205.26,0.1498,117524.66
5959,3255,8,2,246897.0,0.125,244075.39
5960,3255,42,4,60272.67,0.061,41071.55
5961,3256,34,1,35014.36,0.055,30472.05
5962,3256,29,1,121810.54,0.0866,115840.94
5963,3257,30,1,302227.39,0.0725,201459.25
5964,3258,46,1,129447.11,0.0913,98459.68
5965,3258,32,1,216520.24,0.0781,209526.67
5966,3259,3,2,148188.23,0.1124,160177.67
5967,3259,7,4,125684.63,0.1518,106741.72
5968,3260,34,1,32775.87,0.0109,25563.08
5969,3261,38,2,62492.78,0.0125,42906.5
5970,3261,28,3,354524.99,0.0455,267334.62
5971,3262,10,1,82330.89,0.0095,57832.32
5972,3262,36,1,105836.84,0.0852,98943.27
5973,3263,23,2,337314.27,0.0161,259375.96
5974,3263,2,1,426635.29,0.0705,283997.25
5975,3263,28,1,354524.99,0.0549,267334.62
5976,3264,34,1,35014.36,0.0749,30472.05
5977,3265,47,2,98271.39,0.147,97411.47
5978,3265,36,1,111491.19,0.0182,114615.71
5979,3265,28,4,386115.19,0.0247,335611.65
5980,3266,46,1,123946.3,0.0409,89811.19
5981,3266,23,1,337314.27,0.0718,259375.96
5982,3267,47,1,95646.92,0.0128,90841.48
5983,3267,28,1,372396.19,0.0685,300647.21
5984,3267,46,4,129447.11,0.0163,98459.68
5985,3268,46,2,125553.86,0.0625,91952.31
5986,3269,46,1,129447.11,0.0564,98459.68
5987,3270,5,1,233500.42,0.1446,177520.73
5988,3271,46,1,131854.01,0.1388,103324.06
5989,3272,36,3,103686.01,0.0565,94995.82
5990,3273,25,3,1415748.01,0.039,1144363.96
5991,3274,28,3,361598.94,0.0768,277481.11
5992,3274,34,1,32996.58,0.0207,25897.06
5993,3275,47,2,98271.39,0.158,97411.47
5994,3276,41,1,150648.82,0.0836,108310.4
5995,3277,25,1,1435050.58,0.0164,1175086.69
5996,3278,41,3,155413.61,0.1954,118252.49
5997,3279,24,3,1330174.89,0.0474,1089265.42
5998,3280,33,1,161726.15,0.1653,127428.26
5999,3280,46,1,130668.32,0.0391,100942.33
6000,3281,35,1,115875.09,0.0793,89899.27
6001,3281,45,1,135204.79,0.0008,107201.54
6002,3281,31,3,403117.51,0.0469,286737.29
6003,3281,27,1,191927.96,0.0066,168852.04
6004,3282,45,1,145079.82,0.0822,126024.48
6005,3283,7,1,120123.26,0.1748,91903.93
6006,3284,47,1,92770.25,0.0272,84837.61
6007,3284,46,1,125553.86,0.0214,91952.31
6008,3285,46,2,134114.1,0.1358,107743.99
6009,3286,34,1,35353.44,0.0675,31274.68
6010,3286,46,1,134114.1,0.1274,107743.99
6011,3287,14,1,438763.35,0.0585,287583.34
6012,3287,46,2,124743.77,0.0079,90863.32
6013,3288,18,2,1069907.79,0.0447,820627.35
6014,3289,46,1,123153.92,0.0024,88771.24
6015,3289,34,1,32148.09,0.0362,24674.35
6016,3289,25,1,1397704.4,0.0686,1118015.6
6017,3290,34,4,32563.1,0.0063,25255.85
6018,3290,46,1,124743.77,0.0067,90863.32
6019,3291,32,1,226889.72,0.108,241081.0
6020,3292,28,1,377212.77,0.092,312963.2
6021,3293,7,2,123957.4,0.1555,102099.76
6022,3294,36,2,111491.19,0.0959,114615.71
6023,3295,33,1,155031.88,0.0645,112981.13
6024,3295,1,1,338701.37,0.0242,281642.36
6025,3296,1,1,334119.02,0.0516,274181.42
6026,3297,46,2,134114.1,0.1519,107743.99
6027,3297,42,2,62852.69,0.0471,46255.24
6028,3297,7,1,127310.24,0.0724,111114.39
6029,3298,5,1,219884.58,0.1025,145570.77
6030,3299,13,2,838091.97,0.0115,667387.0
6031,3300,45,1,139947.96,0.0849,114861.05
6032,3301,36,1,105836.84,0.0543,98943.27
6033,3302,35,2,115134.31,0.0168,88858.3
6034,3303,35,1,116620.63,0.0382,90952.43
6035,3303,46,3,124743.77,0.0645,90863.32
6036,3303,25,2,1415748.01,0.0128,1144363.96
6037,3304,28,1,372396.19,0.0747,300647.21
6038,3305,33,1,163691.77,0.0762,132201.07
6039,3305,49,1,126242.17,0.1478,84361.73
6040,3305,35,1,124135.3,0.1748,106687.05
6041,3306,35,2,125399.49,0.0894,109737.22
6042,3307,46,1,131854.01,0.1483,103324.06
6043,3307,27,1,206692.35,0.0834,205075.42
6044,3308,33,1,163691.77,0.0243,132201.07
6045,3309,34,1,33543.84,0.001,26939.02
6046,3310,49,1,117912.37,0.012,72479.68
6047,3310,11,1,649510.86,0.0399,587959.18
6048,3311,27,1,195757.56,0.0432,175260.7
6049,3311,46,1,126384.28,0.0717,93104.0
6050,3312,45,2,145079.82,0.0415,126024.48
6051,3313,37,1,156528.81,0.05,146707.78
6052,3313,29,1,121810.54,0.1307,115840.94
6053,3314,21,1,1370062.4,0.0107,1188574.62
6054,3315,21,2,1325154.46,0.0347,1078311.15
6055,3315,10,2,81658.51,0.0273,56708.64
6056,3315,44,2,90340.02,0.0451,69838.81
6057,3316,36,1,103686.01,0.0772,94995.82
6058,3316,46,2,124743.77,0.0635,90863.32
6059,3317,23,1,375843.56,0.0906,354073.6
6060,3318,18,3,1098582.63,0.0235,862824.05
6061,3318,40,1,134716.29,0.0631,109852.02
6062,3318,7,1,116004.74,0.0355,82810.1
6063,3319,21,1,1391207.99,0.1728,1250635.94
6064,3320,24,2,1209440.86,0.0286,817398.36
6065,3320,10,2,81088.13,0.0712,55902.81
6066,3320,5,2,214011.49,0.034,135763.36
6067,3321,31,2,434128.01,0.1638,348250.28
6068,3321,46,2,131854.01,0.0731,103324.06
6069,3321,7,2,123957.4,0.1059,102099.76
6070,3322,35,1,126613.87,0.0744,112627.69
6071,3323,34,4,32354.93,0.0044,24963.41
6072,3324,34,1,32148.09,0.0302,24674.35
6073,3324,31,1,400540.42,0.0585,283417.08
6074,3324,1,1,329860.7,0.0789,267868.54
6075,3324,29,2,111129.54,0.0632,91205.72
6076,3325,47,1,95646.92,0.1721,90841.48
6077,3326,31,1,423438.2,0.0883,322467.64
6078,3327,32,1,216520.24,0.0737,209526.67
6079,3327,49,1,123937.72,0.1705,80390.08
6080,3327,46,1,129447.11,0.0279,98459.68
6081,3328,41,1,148551.65,0.0249,105254.26
6082,3329,34,1,34289.87,0.0655,28719.96
6083,3330,46,3,125553.86,0.0128,91952.31
6084,3331,33,1,157774.26,0.0802,118094.02
6085,3332,34,2,33238.58,0.0524,26305.33
6086,3332,43,2,145825.27,0.0798,100605.76
6087,3333,32,1,226889.72,0.1061,241081.0
6088,3334,47,1,95646.92,0.0418,90841.48
6089,3334,49,2,123937.72,0.0363,80390.08
6090,3334,34,1,33902.23,0.0062,27769.82
6091,3334,20,1,664454.08,0.0822,595979.28
6092,3335,44,1,91705.46,0.1115,72182.29
6093,3335,23,1,350833.6,0.0779,283913.6
6094,3336,34,1,33902.23,0.1463,27769.82
6095,3337,2,1,426635.29,0.0714,283997.25
6096,3338,45,1,136958.38,0.0138,109757.25
6097,3339,47,3,93383.83,0.0002,85900.19
6098,3339,5,1,215516.85,0.0761,137720.38
6099,3339,36,1,105066.29,0.0381,97407.65
6100,3339,46,1,126384.28,0.0025,93104.0
6101,3340,14,1,475272.65,0.0986,364221.09
6102,3340,29,1,120448.39,0.1455,112069.53
6103,3341,23,1,346884.65,0.0919,274580.63
6104,3341,46,1,127265.69,0.0799,94420.95
6105,3341,29,1,114943.66,0.0235,97402.66
6106,3342,7,1,114435.29,0.0685,80616.4
6107,3343,29,1,119002.03,0.0181,108023.51
6108,3343,34,3,34289.87,0.0611,28719.96
6109,3344,5,2,236520.52,0.021,184792.85
6110,3345,38,1,67629.41,0.0173,52374.62
6111,3345,5,1,233500.42,0.0264,177520.73
6112,3346,44,1,91705.46,0.0615,72182.29
6113,3347,45,1,142537.4,0.0158,120488.04
6114,3348,46,1,130668.32,0.0833,100942.33
6115,3348,20,2,674709.29,0.0372,627098.29
6116,3349,36,1,111491.19,0.0649,114615.71
6117,3350,44,1,91705.46,0.1213,72182.29
6118,3350,32,1,213961.47,0.0023,202133.16
6119,3350,7,3,118355.73,0.1418,87530.48
6120,3350,34,3,33543.84,0.0733,26939.02
6121,3351,34,1,35014.36,0.1044,30472.05
6122,3352,46,2,123153.92,0.0636,88771.24
6123,3353,46,1,131854.01,0.1778,103324.06
6124,3354,45,1,146296.17,0.0056,128606.71
6125,3355,49,1,126242.17,0.0185,84361.73
6126,3356,35,1,118173.09,0.0263,93261.6
6127,3357,6,2,497985.89,0.0853,312192.67
6128,3358,7,2,125684.63,0.0431,106741.72
6129,3359,46,2,131854.01,0.0333,103324.06
6130,3360,25,2,1463076.75,0.0452,1238119.29
6131,3360,46,1,128294.51,0.0121,96228.16
6132,3360,7,1,118355.73,0.1301,87530.48
6133,3361,8,1,238431.94,0.0485,219924.31
6134,3362,46,1,134114.1,0.0254,107743.99
6135,3363,46,1,129447.11,0.0799,98459.68
6136,3363,7,1,120123.26,0.1005,91903.93
6137,3364,32,1,226889.72,0.0728,241081.0
6138,3365,41,1,155413.61,0.1531,118252.49
6139,3366,46,2,126384.28,0.0505,93104.0
6140,3367,10,1,82330.89,0.0189,57832.32
6141,3367,33,2,156210.74,0.0796,114899.54
6142,3367,7,4,116959.93,0.0095,84450.98
6143,3368,41,1,147587.31,0.0537,103989.24
6144,3368,9,4,204116.58,0.0426,140298.72
6145,3369,50,1,52100.64,0.0239,45984.81
6146,3369,5,1,209891.5,0.0031,130985.11
6147,3370,34,1,32996.58,0.0399,25897.06
6148,3371,46,1,129447.11,0.0914,98459.68
6149,3372,11,1,657895.69,0.0682,601815.65
6150,3372,10,1,80553.74,0.0786,55206.38
6151,3373,33,1,153981.1,0.0292,111479.51
6152,3373,34,1,32775.87,0.0137,25563.08
6153,3374,44,1,95865.33,0.0205,80820.5
6154,3375,36,2,111491.19,0.0973,114615.71
6155,3375,26,1,152650.38,0.0206,117992.59
6156,3376,47,1,98271.39,0.1068,97411.47
6157,3377,11,1,649510.86,0.0166,587959.18
6158,3377,34,2,32148.09,0.0384,24674.35
6159,3378,46,4,134114.1,0.1265,107743.99
6160,3378,23,1,375843.56,0.0365,354073.6
6161,3378,28,1,390230.8,0.1559,345924.13
6162,3378,34,1,35353.44,0.1116,31274.68
6163,3379,25,2,1463076.75,0.0873,1238119.29
6164,3379,38,1,64789.15,0.0255,46302.15
6165,3379,32,1,213961.47,0.139,202133.16
6166,3379,20,2,655225.86,0.0243,569693.67
6167,3380,25,1,1435050.58,0.0416,1175086.69
6168,3381,44,1,94249.8,0.1772,77505.04
6169,3382,46,1,129447.11,0.1156,98459.68
6170,3382,30,1,308902.92,0.135,214634.04
6171,3382,7,1,120123.26,0.0402,91903.93
6172,3383,21,1,1315976.8,0.0701,1063271.26
6173,3384,36,1,107950.0,0.1356,104451.71
6174,3384,45,1,141205.26,0.0947,117524.66
6175,3384,46,1,129447.11,0.0905,98459.68
6176,3384,47,1,95646.92,0.1348,90841.48
6177,3385,34,1,32354.93,0.0382,24963.41
6178,3386,46,2,125553.86,0.0528,91952.31
6179,3387,29,3,119002.03,0.1649,108023.51
6180,3388,35,1,125399.49,0.06,109737.22
6181,3389,32,2,213961.47,0.0221,202133.16
6182,3389,43,1,147164.54,0.126,103029.34
6183,3390,44,1,91705.46,0.004,72182.29
6184,3391,29,1,123108.92,0.0517,119400.43
6185,3392,46,1,132999.03,0.1107,105580.65
6186,3393,46,2,134114.1,0.04,107743.99
6187,3393,47,2,99095.3,0.148,99407.42
6188,3393,33,2,167307.5,0.1398,140848.86
6189,3393,49,2,128406.07,0.0463,87970.5
6190,3394,46,1,131854.01,0.0102,103324.06
6191,3395,36,1,102364.54,0.0767,92808.59
6192,3395,28,2,352258.55,0.0329,264239.08
6193,3395,46,1,123153.92,0.019,88771.24
6194,3395,45,2,134340.44,0.0664,105960.22
6195,3396,36,1,110367.21,0.0289,111429.94
6196,3396,49,1,126242.17,0.0483,84361.73
6197,3396,29,2,120448.39,0.0368,112069.53
6198,3396,41,1,157097.37,0.0829,121979.21
6199,3397,20,2,634030.11,0.0402,526554.19
6200,3398,32,1,216520.24,0.051,209526.67
6201,3399,30,3,312898.27,0.1458,223426.51
6202,3400,20,2,642674.59,0.0706,540690.58
6203,3401,32,1,226889.72,0.0686,241081.0
6204,3402,7,1,125684.63,0.1594,106741.72
6205,3402,5,1,233500.42,0.0601,177520.73
6206,3403,45,1,146296.17,0.0231,128606.71
6207,3404,20,1,638223.6,0.0378,533149.23
6208,3405,1,1,350726.29,0.1054,312571.03
6209,3406,7,1,123957.4,0.0224,102099.76
6210,3407,21,1,1370062.4,0.0467,1188574.62
6211,3408,7,1,122097.37,0.0892,97116.25
6212,3409,47,2,99095.3,0.1256,99407.42
6213,3410,35,1,125399.49,0.0978,109737.22
6214,3410,32,3,224496.8,0.0679,233894.04
6215,3410,34,1,35014.36,0.0644,30472.05
6216,3410,9,1,224181.85,0.0137,185765.28
6217,3411,44,4,95865.33,0.0104,80820.5
6218,3411,47,2,99095.3,0.0382,99407.42
6219,3412,19,1,1630414.16,0.0075,1719007.34
6220,3413,11,1,649510.86,0.0444,587959.18
6221,3413,35,1,115134.31,0.0732,88858.3
6222,3414,14,1,460571.92,0.0645,327849.42
6223,3414,7,2,120123.26,0.132,91903.93
6224,3415,41,1,160234.08,0.0629,128771.36
6225,3416,37,2,156528.81,0.0217,146707.78
6226,3417,20,1,664454.08,0.0815,595979.28
6227,3417,46,1,129447.11,0.1002,98459.68
6228,3417,7,1,120123.26,0.0455,91903.93
6229,3418,21,1,1335827.3,0.0421,1098804.36
6230,3418,37,1,148590.35,0.0118,126647.1
6231,3418,33,1,156210.74,0.0342,114899.54
6232,3418,36,1,105836.84,0.087,98943.27
6233,3419,36,1,107950.0,0.0068,104451.71
6234,3420,46,1,125553.86,0.0061,91952.31
6235,3421,35,1,126613.87,0.1569,112627.69
6236,3422,32,1,224496.8,0.0175,233894.04
6237,3423,46,1,131854.01,0.1262,103324.06
6238,3424,19,1,1540615.94,0.0587,1430818.12
6239,3424,41,1,152032.38,0.0941,110919.59
6240,3424,21,1,1351034.39,0.1392,1136152.63
6241,3425,34,3,34289.87,0.0555,28719.96
6242,3425,46,1,130668.32,0.1465,100942.33
6243,3426,35,1,116620.63,0.0799,90952.43
6244,3426,5,3,212601.09,0.0096,134072.05
6245,3427,34,1,34661.36,0.1631,29625.07
6246,3428,46,1,123153.92,0.0027,88771.24
6247,3428,49,1,117912.37,0.0031,72479.68
6248,3429,29,2,111844.55,0.0596,92274.19
6249,3430,2,2,423907.85,0.0125,280708.77
6250,3430,25,1,1397704.4,0.057,1118015.6
6251,3431,30,1,305252.39,0.0283,207060.31
6252,3432,5,2,223168.35,0.0854,152844.2
6253,3433,46,2,127265.69,0.0073,94420.95
6254,3434,35,1,124135.3,0.1738,106687.05
6255,3435,28,1,367995.32,0.0975,290038.35
6256,3435,1,1,345565.6,0.0215,297696.64
6257,3436,34,1,34661.36,0.1177,29625.07
6258,3436,31,1,434128.01,0.0264,348250.28
6259,3437,36,1,102364.54,0.0181,92808.59
6260,3437,28,1,352258.55,0.0505,264239.08
6261,3438,30,1,299946.59,0.0456,198095.61
6262,3439,46,2,134114.1,0.009,107743.99
6263,3440,32,1,224496.8,0.0759,233894.04
6264,3440,46,2,132999.03,0.1194,105580.65
6265,3441,32,1,224496.8,0.077,233894.04
6266,3441,33,1,165542.97,0.0111,136649.96
6267,3441,46,2,132999.03,0.1135,105580.65
6268,3442,33,3,155031.88,0.0866,112981.13
6269,3442,46,1,126384.28,0.0653,93104.0
6270,3443,34,1,34289.87,0.1955,28719.96
6271,3444,34,1,35014.36,0.0651,30472.05
6272,3444,6,1,528822.49,0.0904,380712.93
6273,3445,8,1,240395.2,0.0216,224282.09
6274,3446,34,1,35353.44,0.0058,31274.68
6275,3447,16,1,965367.54,0.0941,755294.89
6276,3447,32,1,216520.24,0.1385,209526.67
6277,3448,21,1,1290668.25,0.0053,1025940.21
6278,3448,1,2,329860.7,0.0409,267868.54
6279,3448,29,1,111129.54,0.0188,91205.72
6280,3449,36,1,102364.54,0.0367,92808.59
6281,3450,25,1,1406697.27,0.029,1131113.06
6282,3450,45,3,135204.79,0.0397,107201.54
6283,3451,14,1,460571.92,0.109,327849.42
6284,3452,7,1,123957.4,0.1647,102099.76
6285,3453,46,2,127265.69,0.006,94420.95
6286,3453,21,1,1335827.3,0.0324,1098804.36
6287,3454,33,1,165542.97,0.1322,136649.96
6288,3454,46,1,132999.03,0.0377,105580.65
6289,3455,34,1,32354.93,0.0158,24963.41
6290,3456,19,1,1609198.44,0.1329,1649576.79
6291,3457,7,1,127310.24,0.0585,111114.39
6292,3458,7,1,116004.74,0.086,82810.1
6293,3458,41,1,149552.0,0.084,106629.4
6294,3458,33,1,155031.88,0.0253,112981.13
6295,3459,23,4,335157.85,0.066,256372.58
6296,3459,11,1,649510.86,0.0068,587959.18
6297,3460,14,1,481895.11,0.0529,380780.37
6298,3461,45,1,143830.78,0.1554,123330.94
6299,3462,46,1,130668.32,0.0522,100942.33
6300,3463,35,1,124135.3,0.0453,106687.05
6301,3464,46,1,132999.03,0.0194,105580.65
6302,3464,29,1,121810.54,0.0314,115840.94
6303,3464,36,1,111491.19,0.0485,114615.71
6304,3465,28,2,354524.99,0.0634,267334.62
6305,3466,5,2,215516.85,0.0339,137720.38
6306,3467,34,1,34289.87,0.1114,28719.96
6307,3468,46,1,130668.32,0.1485,100942.33
6308,3469,2,1,426635.29,0.0,283997.25
6309,3469,31,1,403117.51,0.0739,286737.29
6310,3469,46,2,123946.3,0.0668,89811.19
6311,3470,46,1,129447.11,0.0543,98459.68
6312,3471,34,2,35014.36,0.0667,30472.05
6313,3471,23,1,371282.71,0.1255,341098.25
6314,3472,46,2,127265.69,0.0453,94420.95
6315,3473,23,1,371282.71,0.1098,341098.25
6316,3474,29,2,119002.03,0.1973,108023.51
6317,3475,20,1,684394.09,0.1029,656794.48
6318,3476,34,2,34289.87,0.049,28719.96
6319,3477,34,3,32996.58,0.0186,25897.06
6320,3478,46,1,125553.86,0.0791,91952.31
6321,3478,27,2,194430.76,0.0757,172931.32
6322,3479,47,1,97425.34,0.0804,95329.48
6323,3479,36,1,110367.21,0.1489,111429.94
6324,3479,21,1,1411177.43,0.1698,1309859.7
6325,3480,26,2,154277.48,0.081,121618.2
6326,3481,36,1,109184.31,0.0207,108025.52
6327,3482,44,1,95865.33,0.0757,80820.5
6328,3483,27,1,211257.89,0.0642,218490.2
6329,3483,34,2,35353.44,0.1189,31274.68
6330,3484,32,2,224496.8,0.1683,233894.04
6331,3485,33,2,163691.77,0.1168,132201.07
6332,3485,28,1,381797.43,0.1215,324685.21
6333,3485,21,1,1411177.43,0.0523,1309859.7
6334,3486,30,1,312898.27,0.1282,223426.51
6335,3487,46,1,134114.1,0.1421,107743.99
6336,3488,46,3,129447.11,0.0861,98459.68
6337,3489,7,1,125684.63,0.0576,106741.72
6338,3490,5,2,212601.09,0.059,134072.05
6339,3491,34,1,34661.36,0.0808,29625.07
6340,3491,30,1,316701.25,0.1082,231794.93
6341,3492,45,1,136958.38,0.0772,109757.25
6342,3492,28,2,359148.1,0.069,273793.14
6343,3493,46,1,134114.1,0.1164,107743.99
6344,3493,7,1,127310.24,0.0943,111114.39
6345,3494,47,1,98271.39,0.0703,97411.47
6346,3495,40,1,133815.18,0.0679,108435.32
6347,3496,44,1,92529.34,0.0919,73856.19
6348,3497,47,1,95646.92,0.0995,90841.48
6349,3497,32,1,216520.24,0.1625,209526.67
6350,3498,23,1,366451.41,0.0721,327321.33
6351,3499,29,1,111129.54,0.0708,91205.72
6352,3499,46,1,123153.92,0.0024,88771.24
6353,3500,46,1,134114.1,0.072,107743.99
6354,3501,29,2,114943.66,0.0206,97402.66
6355,3502,45,1,145079.82,0.1575,126024.48
6356,3503,18,2,1120846.87,0.0064,912007.07
6357,3503,11,1,680434.54,0.084,653430.49
6358,3504,34,1,32563.1,0.0682,25255.85
6359,3505,32,1,216520.24,0.0718,209526.67
6360,3506,7,1,116004.74,0.0208,82810.1
6361,3506,40,1,134716.29,0.0855,109852.02
6362,3507,34,1,35353.44,0.0162,31274.68
6363,3507,26,1,154277.48,0.0664,121618.2
6364,3507,28,2,390230.8,0.0834,345924.13
6365,3507,45,1,146296.17,0.1021,128606.71
6366,3508,46,1,129447.11,0.0889,98459.68
6367,3509,9,1,205470.69,0.0248,142068.58
6368,3509,45,3,136958.38,0.0456,109757.25
6369,3509,42,3,58270.19,0.0568,37807.79
6370,3510,46,1,130668.32,0.0181,100942.33
6371,3510,36,2,109184.31,0.1609,108025.52
6372,3510,31,1,428914.96,0.1159,335677.51
6373,3511,46,1,129447.11,0.1122,98459.68
6374,3511,33,1,159661.09,0.0256,122413.6
6375,3511,23,1,355774.75,0.1495,297013.35
6376,3512,28,4,354524.99,0.0036,267334.62
6377,3512,29,1,111844.55,0.0127,92274.19
6378,3513,34,1,34661.36,0.0454,29625.07
6379,3514,46,1,123946.3,0.0391,89811.19
6380,3515,25,2,1435050.58,0.0734,1175086.69
6381,3515,11,2,666918.55,0.034,618192.07
6382,3515,47,2,93383.83,0.0658,85900.19
6383,3516,29,2,120448.39,0.085,112069.53
6384,3517,1,2,329860.7,0.0541,267868.54
6385,3518,46,1,125553.86,0.0397,91952.31
6386,3518,47,1,92770.25,0.0803,84837.61
6387,3519,34,2,32996.58,0.0158,25897.06
6388,3519,25,1,1435050.58,0.0331,1175086.69
6389,3519,30,1,299946.59,0.0026,198095.61
6390,3520,45,1,137864.22,0.049,111131.95
6391,3520,46,1,126384.28,0.028,93104.0
6392,3521,5,1,212601.09,0.0631,134072.05
6393,3521,46,2,124743.77,0.0684,90863.32
6394,3521,34,1,32563.1,0.0209,25255.85
6395,3522,5,3,233500.42,0.1156,177520.73
6396,3523,7,1,127310.24,0.0779,111114.39
6397,3524,1,2,331983.03,0.0331,271006.6
6398,3525,47,1,99095.3,0.0073,99407.42
6399,3526,33,1,163691.77,0.1031,132201.07
6400,3527,45,1,142537.4,0.0992,120488.04
6401,3527,3,2,143958.67,0.091,145733.6
6402,3528,46,1,130668.32,0.078,100942.33
6403,3529,34,1,34661.36,0.0332,29625.07
6404,3530,46,1,127265.69,0.0963,94420.95
6405,3530,29,2,114943.66,0.0695,97402.66
6406,3530,43,2,145825.27,0.0048,100605.76
6407,3531,40,2,139996.43,0.0078,121826.39
6408,3532,30,1,297913.62,0.0469,195462.74
6409,3533,47,1,92770.25,0.0593,84837.61
6410,3534,34,2,35014.36,0.0102,30472.05
6411,3535,46,1,125553.86,0.0656,91952.31
6412,3536,6,1,513728.96,0.0192,346382.01
6413,3536,42,2,60961.83,0.1299,42476.81
6414,3537,46,1,123153.92,0.0698,88771.24
6415,3538,46,1,126384.28,0.0239,93104.0
6416,3539,29,1,113303.04,0.0673,94503.44
6417,3539,28,2,359148.1,0.0462,273793.14
6418,3540,46,4,134114.1,0.0774,107743.99
6419,3541,25,4,1406697.27,0.0691,1131113.06
6420,3541,47,1,91582.44,0.0335,82862.15
6421,3542,29,2,120448.39,0.1566,112069.53
6422,3543,2,2,423907.85,0.061,280708.77
6423,3544,45,2,134340.44,0.0204,105960.22
6424,3545,23,1,344113.16,0.0583,269459.57
6425,3545,21,1,1325154.46,0.0032,1078311.15
6426,3545,19,1,1511104.45,0.0571,1357975.23
6427,3546,47,1,94035.09,0.0421,87115.24
6428,3547,36,1,110367.21,0.0573,111429.94
6429,3547,49,1,126242.17,0.0633,84361.73
6430,3548,21,2,1335827.3,0.0163,1098804.36
6431,3548,25,2,1446608.52,0.0182,1197419.12
6432,3549,21,1,1370062.4,0.0526,1188574.62
6433,3550,33,3,167307.5,0.0235,140848.86
6434,3550,7,1,127310.24,0.1459,111114.39
6435,3551,1,1,341490.25,0.0126,287223.08
6436,3552,29,1,116094.14,0.097,100110.69
6437,3552,41,1,152032.38,0.109,110919.59
6438,3553,33,3,163691.77,0.0412,132201.07
6439,3554,29,3,114076.22,0.0724,95776.39
6440,3555,33,1,165542.97,0.1373,136649.96
6441,3555,34,1,35014.36,0.1244,30472.05
6442,3556,41,1,149552.0,0.044,106629.4
6443,3556,44,2,90340.02,0.0378,69838.81
6444,3556,46,1,126384.28,0.0097,93104.0
6445,3556,10,1,81658.51,0.0249,56708.64
6446,3557,29,1,111844.55,0.0161,92274.19
6447,3558,46,1,132999.03,0.1501,105580.65
6448,3559,47,2,98271.39,0.1281,97411.47
6449,3560,34,1,35353.44,0.1387,31274.68
6450,3561,34,1,34661.36,0.0796,29625.07
6451,3562,46,1,130668.32,0.0993,100942.33
6452,3563,49,1,126242.17,0.1737,84361.73
6453,3564,33,1,163691.77,0.137,132201.07
6454,3565,7,1,114435.29,0.0651,80616.4
6455,3565,46,3,124743.77,0.0472,90863.32
6456,3566,40,1,132946.5,0.0403,107132.07
6457,3567,7,1,116959.93,0.048,84450.98
6458,3568,25,1,1397704.4,0.0723,1118015.6
6459,3569,35,2,125399.49,0.0682,109737.22
6460,3569,45,1,145079.82,0.1218,126024.48
6461,3569,46,1,132999.03,0.1021,105580.65
6462,3570,23,1,371282.71,0.1533,341098.25
6463,3571,10,1,81658.51,0.0444,56708.64
6464,3572,37,1,146521.84,0.0719,123073.56
6465,3572,6,1,484684.73,0.0707,291159.6
6466,3573,29,1,111129.54,0.064,91205.72
6467,3574,30,4,299946.59,0.0101,198095.61
6468,3574,21,1,1325154.46,0.0067,1078311.15
6469,3574,43,1,144763.57,0.0152,99044.33
6470,3575,2,3,432228.79,0.0104,290948.83
6471,3576,45,2,135204.79,0.0159,107201.54
6472,3576,36,4,103023.16,0.0278,93895.84
6473,3577,33,3,159661.09,0.1727,122413.6
6474,3577,46,1,129447.11,0.0462,98459.68
6475,3577,21,1,1370062.4,0.1037,1188574.62
6476,3578,46,2,130668.32,0.149,100942.33
6477,3579,8,1,240395.2,0.0241,224282.09
6478,3580,49,1,128406.07,0.104,87970.5
6479,3581,1,1,338701.37,0.052,281642.36
6480,3581,30,1,299946.59,0.0417,198095.61
6481,3582,20,1,664454.08,0.074,595979.28
6482,3582,31,2,423438.2,0.0703,322467.64
6483,3582,14,1,460571.92,0.1216,327849.42
6484,3583,28,1,381797.43,0.0846,324685.21
6485,3584,2,2,423907.85,0.0445,280708.77
6486,3585,1,1,350726.29,0.0464,312571.03
6487,3586,41,1,153656.7,0.044,114340.34
6488,3587,27,1,195757.56,0.0189,175260.7
6489,3587,2,3,435269.1,0.0402,295142.83
6490,3588,47,1,98271.39,0.0918,97411.47
6491,3589,38,2,65481.36,0.09,47730.1
6492,3590,29,1,123108.92,0.1056,119400.43
6493,3590,33,2,167307.5,0.0463,140848.86
6494,3590,34,1,35353.44,0.0721,31274.68
6495,3591,36,1,110367.21,0.1195,111429.94
6496,3591,46,1,131854.01,0.0074,103324.06
6497,3591,49,1,126242.17,0.0144,84361.73
6498,3592,45,2,143830.78,0.1218,123330.94
6499,3593,49,1,120210.17,0.0327,75076.95
6500,3593,31,2,408374.28,0.0178,293664.55
6501,3593,35,1,117382.63,0.0352,92058.86
6502,3593,38,1,63305.82,0.0808,43937.22
6503,3594,40,2,135704.3,0.0902,111583.82
6504,3595,5,1,226835.9,0.0555,161512.74
6505,3596,6,3,481490.51,0.0234,287532.4
6506,3597,28,1,390230.8,0.0316,345924.13
6507,3598,29,1,119002.03,0.0818,108023.51
6508,3599,46,1,128294.51,0.0044,96228.16
6509,3599,37,1,149955.01,0.1053,129698.02
6510,3599,7,1,118355.73,0.139,87530.48
6511,3600,28,1,352258.55,0.0097,264239.08
6512,3600,21,1,1290668.25,0.0532,1025940.21
6513,3601,46,2,123946.3,0.0692,89811.19
6514,3602,47,1,97425.34,0.1465,95329.48
6515,3602,27,1,206692.35,0.0378,205075.42
6516,3603,25,1,1415748.01,0.0731,1144363.96
6517,3604,47,2,92171.68,0.0553,83832.88
6518,3605,41,1,158697.25,0.0826,125466.58
6519,3605,46,1,132999.03,0.1559,105580.65
6520,3606,32,1,219320.72,0.0985,218109.91
6521,3607,16,1,965367.54,0.1816,755294.89
6522,3608,44,2,94249.8,0.0684,77505.04
6523,3608,23,1,366451.41,0.1425,327321.33
6524,3609,46,1,134114.1,0.1416,107743.99
6525,3609,29,3,123108.92,0.0744,119400.43
6526,3610,34,1,35353.44,0.1563,31274.68
6527,3611,45,1,139947.96,0.1013,114861.05
6528,3612,46,1,125553.86,0.0259,91952.31
6529,3613,32,1,221986.35,0.1534,226279.2
6530,3613,46,1,131854.01,0.0064,103324.06
6531,3614,10,1,81088.13,0.0148,55902.81
6532,3614,46,1,125553.86,0.0426,91952.31
6533,3614,35,1,117382.63,0.0467,92058.86
6534,3615,7,1,115194.46,0.0745,81633.36
6535,3615,36,1,104363.5,0.0407,96151.43
6536,3616,36,3,105836.84,0.0947,98943.27
6537,3617,44,1,88597.34,0.0223,67368.82
6538,3618,25,2,1406697.27,0.0704,1131113.06
6539,3618,41,1,146643.8,0.0381,102785.12
6540,3618,46,2,123946.3,0.0718,89811.19
6541,3619,21,1,1335827.3,0.0928,1098804.36
6542,3620,28,1,386115.19,0.078,335611.65
6543,3621,46,1,130668.32,0.1445,100942.33
6544,3622,37,1,156528.81,0.1329,146707.78
6545,3623,34,2,34661.36,0.1571,29625.07
6546,3623,46,3,131854.01,0.1488,103324.06
6547,3623,21,3,1411177.43,0.1387,1309859.7
6548,3623,32,1,221986.35,0.1287,226279.2
6549,3624,1,2,334119.02,0.0609,274181.42
6550,3624,47,1,92171.68,0.073,83832.88
6551,3624,45,1,136074.7,0.0129,108457.4
6552,3625,19,1,1471779.02,0.0147,1292021.69
6553,3625,46,1,123153.92,0.0028,88771.24
6554,3625,47,1,90996.96,0.0474,81902.67
6555,3626,44,1,90340.02,0.0546,69838.81
6556,3626,7,2,116004.74,0.0311,82810.1
6557,3626,8,2,238431.94,0.0306,219924.31
6558,3627,40,1,133815.18,0.0806,108435.32
6559,3627,46,1,125553.86,0.0416,91952.31
6560,3628,10,1,83313.43,0.0625,59941.17
6561,3629,29,1,111844.55,0.0146,92274.19
6562,3630,7,1,116959.93,0.0786,84450.98
6563,3630,28,1,364348.55,0.0073,282192.71
6564,3630,34,1,33238.58,0.0907,26305.33
6565,3631,4,1,179323.73,0.1196,157831.08
6566,3632,40,1,142954.33,0.0946,129258.51
6567,3632,33,1,165542.97,0.0136,136649.96
6568,3633,46,1,129447.11,0.0835,98459.68
6569,3634,19,1,1630414.16,0.078,1719007.34
6570,3635,4,1,171388.9,0.0116,135891.53
6571,3636,28,1,356806.01,0.0507,270466.42
6572,3636,29,1,112564.16,0.0619,93355.17
6573,3636,11,2,657895.69,0.0163,601815.65
6574,3637,47,1,91582.44,0.0099,82862.15
6575,3637,21,3,1298972.45,0.0132,1037959.01
6576,3638,21,1,1290668.25,0.0376,1025940.21
6577,3639,45,1,136074.7,0.0433,108457.4
6578,3639,46,1,124743.77,0.0269,90863.32
6579,3639,29,1,112564.16,0.0447,93355.17
6580,3640,1,3,334119.02,0.0043,274181.42
6581,3641,31,4,428914.96,0.1495,335677.51
6582,3642,10,1,81088.13,0.0346,55902.81
6583,3642,29,2,113303.04,0.0076,94503.44
6584,3642,34,2,32775.87,0.0446,25563.08
6585,3643,27,2,191927.96,0.0121,168852.04
6586,3643,34,1,32354.93,0.0046,24963.41
6587,3643,45,2,135204.79,0.0401,107201.54
6588,3643,21,1,1298972.45,0.0775,1037959.01
6589,3644,10,3,83313.43,0.0323,59941.17
6590,3644,46,2,128294.51,0.138,96228.16
6591,3644,2,1,444090.41,0.0313,311966.68
6592,3645,23,2,371282.71,0.1196,341098.25
6593,3645,4,1,179323.73,0.0324,157831.08
6594,3646,34,1,32354.93,0.0535,24963.41
6595,3646,31,1,403117.51,0.0109,286737.29
6596,3647,25,1,1425111.81,0.051,1158697.02
6597,3648,34,1,35014.36,0.1307,30472.05
6598,3649,8,3,240395.2,0.08,224282.09
6599,3650,46,2,131854.01,0.0493,103324.06
6600,3651,48,1,239410.82,0.0666,181345.01
6601,3652,34,1,35353.44,0.0101,31274.68
6602,3653,21,1,1315976.8,0.0156,1063271.26
6603,3654,46,2,123946.3,0.0261,89811.19
6604,3654,18,1,1076791.61,0.0146,830240.93
6605,3654,23,2,337314.27,0.0792,259375.96
6606,3655,47,2,96549.25,0.1734,93132.04
6607,3656,10,3,83313.43,0.0681,59941.17
6608,3657,6,1,488094.02,0.0205,295356.64
6609,3657,30,4,299946.59,0.0212,198095.61
6610,3657,31,3,411161.04,0.0151,297620.19
6611,3657,33,2,155031.88,0.0359,112981.13
6612,3658,10,1,80553.74,0.0327,55206.38
6613,3658,38,2,62894.86,0.0782,43409.15
6614,3658,18,1,1083719.72,0.0317,839967.13
6615,3658,47,1,92171.68,0.0202,83832.88
6616,3659,23,1,355774.75,0.1283,297013.35
6617,3659,1,1,350726.29,0.044,312571.03
6618,3660,35,2,126613.87,0.0704,112627.69
6619,3661,8,1,238431.94,0.0678,219924.31
6620,3662,34,3,32996.58,0.0538,25897.06
6621,3663,10,1,81658.51,0.0399,56708.64
6622,3664,33,1,163691.77,0.0193,132201.07
6623,3664,28,1,381797.43,0.1156,324685.21
6624,3664,20,1,684394.09,0.1732,656794.48
6625,3665,25,1,1397704.4,0.0393,1118015.6
6626,3666,10,4,81088.13,0.08,55902.81
6627,3666,45,1,136958.38,0.0409,109757.25
6628,3666,36,1,104363.5,0.0303,96151.43
6629,3667,7,1,116959.93,0.0403,84450.98
6630,3668,5,1,217291.42,0.0234,140449.29
6631,3669,1,1,336335.57,0.0582,277640.2
6632,3669,10,1,81088.13,0.0661,55902.81
6633,3670,28,1,356806.01,0.0544,270466.42
6634,3671,33,1,161726.15,0.0147,127428.26
6635,3671,47,2,96549.25,0.0235,93132.04
6636,3672,46,3,132999.03,0.1365,105580.65
6637,3673,6,3,505422.83,0.1034,327791.35
6638,3674,19,1,1562314.02,0.0978,1496835.95
6639,3675,5,4,230291.53,0.0283,169800.76
6640,3676,21,1,1391207.99,0.0544,1250635.94
6641,3677,35,1,122804.83,0.1713,103427.54
6642,3678,2,1,426635.29,0.026,283997.25
6643,3678,6,1,478412.39,0.0287,284202.99
6644,3678,40,1,132096.59,0.0441,105891.55
6645,3679,5,1,230291.53,0.1771,169800.76
6646,3680,47,1,96549.25,0.1335,93132.04
6647,3681,21,1,1325154.46,0.0272,1078311.15
6648,3681,29,1,114076.22,0.0732,95776.39
6649,3682,34,1,35353.44,0.0161,31274.68
6650,3682,32,1,226889.72,0.0279,241081.0
6651,3682,29,1,123108.92,0.0371,119400.43
6652,3683,31,1,434128.01,0.1039,348250.28
6653,3684,5,2,230291.53,0.1765,169800.76
6654,3685,41,1,158697.25,0.0407,125466.58
6655,3686,34,1,32563.1,0.0516,25255.85
6656,3687,36,1,107950.0,0.1396,104451.71
6657,3688,47,1,90996.96,0.0541,81902.67
6658,3689,34,1,35014.36,0.1661,30472.05
6659,3690,46,1,126384.28,0.0454,93104.0
6660,3690,25,1,1435050.58,0.0865,1175086.69
6661,3690,28,4,361598.94,0.0111,277481.11
6662,3691,38,1,67629.41,0.0543,52374.62
6663,3691,28,1,386115.19,0.0488,335611.65
6664,3691,34,2,35014.36,0.0561,30472.05
6665,3692,5,4,219884.58,0.1228,145570.77
6666,3692,13,1,872381.21,0.1038,733114.5
6667,3693,44,2,90970.05,0.0156,70826.67
6668,3693,28,2,364348.55,0.0786,282192.71
6669,3694,5,3,230291.53,0.0108,169800.76
6670,3694,7,1,123957.4,0.0884,102099.76
6671,3695,47,1,96549.25,0.0352,93132.04
6672,3696,47,2,97425.34,0.0153,95329.48
6673,3696,41,1,157097.37,0.0424,121979.21
6674,3697,27,2,209029.84,0.0121,211976.7
6675,3698,32,1,224496.8,0.1651,233894.04
6676,3699,30,3,320282.83,0.018,239595.39
6677,3699,46,1,132999.03,0.0281,105580.65
6678,3699,34,1,35014.36,0.0396,30472.05
6679,3700,45,1,141205.26,0.104,117524.66
6680,3700,29,2,117482.51,0.091,103772.48
6681,3701,46,1,129447.11,0.1742,98459.68
6682,3702,25,1,1446608.52,0.095,1197419.12
6683,3702,29,1,114943.66,0.1012,97402.66
6684,3703,36,1,112570.88,0.0336,117634.68
6685,3704,46,1,132999.03,0.0378,105580.65
6686,3705,33,1,163691.77,0.025,132201.07
6687,3706,46,1,123153.92,0.0333,88771.24
6688,3706,27,1,190700.98,0.0084,166896.86
6689,3706,23,3,335157.85,0.067,256372.58
6690,3707,30,1,316701.25,0.0263,231794.93
6691,3707,5,1,230291.53,0.1124,169800.76
6692,3708,46,2,132999.03,0.0491,105580.65
6693,3708,7,1,125684.63,0.0171,106741.72
6694,3709,31,1,439037.58,0.0818,359969.74
6695,3709,29,3,121810.54,0.1279,115840.94
6696,3710,45,1,146296.17,0.1244,128606.71
6697,3711,47,1,96549.25,0.0314,93132.04
6698,3712,46,2,129447.11,0.1621,98459.68
6699,3712,27,1,201602.83,0.0502,189892.71
6700,3713,29,3,111844.55,0.0141,92274.19
6701,3714,29,1,120448.39,0.1432,112069.53
6702,3715,46,2,127265.69,0.0572,94420.95
6703,3715,7,4,116959.93,0.007,84450.98
6704,3715,47,2,94035.09,0.0435,87115.24
6705,3716,46,1,132999.03,0.0057,105580.65
6706,3717,40,1,132946.5,0.0387,107132.07
6707,3718,41,1,147587.31,0.0702,103989.24
6708,3719,31,3,439037.58,0.1157,359969.74
6709,3719,30,2,320282.83,0.1421,239595.39
6710,3719,32,1,224496.8,0.0561,233894.04
6711,3720,10,1,80553.74,0.0672,55206.38
6712,3721,38,1,63305.82,0.0024,43937.22
6713,3721,28,1,359148.1,0.0601,273793.14
6714,3722,46,1,123153.92,0.0251,88771.24
6715,3722,6,2,475353.95,0.0773,280912.13
6716,3723,10,1,82330.89,0.0489,57832.32
6717,3723,25,1,1446608.52,0.0519,1197419.12
6718,3723,7,1,116959.93,0.0203,84450.98
6719,3724,40,1,131252.11,0.0794,104665.41
6720,3724,44,1,88030.95,0.0152,66588.73
6721,3724,41,2,145706.32,0.0556,101594.95
6722,3725,34,3,34289.87,0.0831,28719.96
6723,3726,46,2,131854.01,0.0999,103324.06
6724,3727,34,2,32563.1,0.0496,25255.85
6725,3728,49,1,127338.46,0.0673,86204.18
6726,3729,46,3,131854.01,0.034,103324.06
6727,3730,41,2,146643.8,0.0579,102785.12
6728,3731,12,1,1125283.7,0.138,936900.47
6729,3731,46,1,134114.1,0.0693,107743.99
6730,3732,28,1,372396.19,0.1566,300647.21
6731,3732,31,1,423438.2,0.1638,322467.64
6732,3733,34,2,34289.87,0.1376,28719.96
6733,3734,32,1,219320.72,0.1913,218109.91
6734,3735,7,1,127310.24,0.1235,111114.39
6735,3736,28,1,381797.43,0.1439,324685.21
6736,3737,46,2,134114.1,0.0988,107743.99
6737,3738,36,1,107950.0,0.1431,104451.71
6738,3739,47,1,97425.34,0.0722,95329.48
6739,3739,46,1,131854.01,0.14,103324.06
6740,3740,23,1,344113.16,0.0693,269459.57
6741,3740,41,3,149552.0,0.0052,106629.4
6742,3741,34,2,33902.23,0.1805,27769.82
6743,3741,24,1,1259147.92,0.0675,913726.32
6744,3742,49,1,126242.17,0.0972,84361.73
6745,3742,47,1,97425.34,0.1126,95329.48
6746,3742,19,1,1609198.44,0.1719,1649576.79
6747,3743,46,1,129447.11,0.0903,98459.68
6748,3744,4,1,165512.7,0.0834,122445.16
6749,3745,47,1,98271.39,0.1331,97411.47
6750,3746,40,1,139996.43,0.033,121826.39
6751,3747,27,1,206692.35,0.1545,205075.42
6752,3747,46,1,131854.01,0.0716,103324.06
6753,3748,29,1,114943.66,0.0919,97402.66
6754,3749,4,1,168867.04,0.0345,129424.83
6755,3750,46,1,132999.03,0.0254,105580.65
6756,3750,34,1,35014.36,0.1686,30472.05
6757,3750,45,1,145079.82,0.0778,126024.48
6758,3750,5,1,233500.42,0.0157,177520.73
6759,3751,31,1,428914.96,0.1508,335677.51
6760,3752,41,2,158697.25,0.0213,125466.58
6761,3752,28,2,386115.19,0.0989,335611.65
6762,3752,33,1,165542.97,0.0974,136649.96
6763,3753,47,1,95646.92,0.0957,90841.48
6764,3754,46,1,132999.03,0.0602,105580.65
6765,3755,36,3,110367.21,0.1818,111429.94
6766,3755,46,2,131854.01,0.183,103324.06
6767,3755,45,1,143830.78,0.1783,123330.94
6768,3756,14,2,468140.98,0.0264,346443.37
6769,3757,28,3,359148.1,0.0445,273793.14
6770,3757,10,1,81088.13,0.0434,55902.81
6771,3758,7,1,120123.26,0.0953,91903.93
6772,3758,25,1,1483682.77,0.1687,1295246.01
6773,3759,36,1,111491.19,0.138,114615.71
6774,3759,46,1,132999.03,0.0531,105580.65
6775,3760,46,2,130668.32,0.0797,100942.33
6776,3760,33,1,161726.15,0.0373,127428.26
6777,3761,30,2,308902.92,0.0825,214634.04
6778,3761,10,1,84557.63,0.0551,62936.13
6779,3761,16,2,965367.54,0.0591,755294.89
6780,3762,7,2,127310.24,0.0331,111114.39
6781,3763,48,1,250270.77,0.1034,203046.95
6782,3764,20,1,684394.09,0.0247,656794.48
6783,3764,46,1,131854.01,0.0237,103324.06
6784,3765,23,1,337314.27,0.0765,259375.96
6785,3766,34,2,35353.44,0.1149,31274.68
6786,3766,46,2,134114.1,0.1189,107743.99
6787,3767,47,1,91582.44,0.0081,82862.15
6788,3767,21,1,1298972.45,0.074,1037959.01
6789,3768,46,1,129447.11,0.1181,98459.68
6790,3769,10,3,81658.51,0.014,56708.64
6791,3769,44,2,90340.02,0.0594,69838.81
6792,3770,1,1,350726.29,0.1586,312571.03
6793,3770,33,1,159661.09,0.0224,122413.6
6794,3770,41,1,153656.7,0.1127,114340.34
6795,3770,46,1,129447.11,0.0369,98459.68
6796,3771,46,1,134114.1,0.0829,107743.99
6797,3772,21,3,1351034.39,0.0865,1136152.63
6798,3773,46,1,134114.1,0.0502,107743.99
6799,3774,19,1,1511104.45,0.0768,1357975.23
6800,3774,10,4,81658.51,0.0141,56708.64
6801,3775,3,1,150104.9,0.0932,166739.34
6802,3776,10,2,82330.89,0.0415,57832.32
6803,3777,7,1,115194.46,0.0744,81633.36
6804,3777,34,1,32775.87,0.0601,25563.08
6805,3778,7,2,116004.74,0.0361,82810.1
6806,3778,31,1,411161.04,0.0601,297620.19
6807,3779,21,1,1391207.99,0.0883,1250635.94
6808,3779,45,1,142537.4,0.1222,120488.04
6809,3780,21,1,1351034.39,0.0464,1136152.63
6810,3780,34,1,33543.84,0.116,26939.02
6811,3781,47,1,99095.3,0.0903,99407.42
6812,3782,49,2,123937.72,0.0261,80390.08
6813,3783,25,1,1463076.75,0.1007,1238119.29
6814,3784,47,2,90996.96,0.0367,81902.67
6815,3784,35,1,115134.31,0.0172,88858.3
6816,3785,46,1,124743.77,0.0496,90863.32
6817,3785,1,3,334119.02,0.0016,274181.42
6818,3785,2,2,429380.27,0.0231,287324.26
6819,3785,40,1,132946.5,0.018,107132.07
6820,3786,7,1,115194.46,0.0055,81633.36
6821,3786,9,1,205470.69,0.0122,142068.58
6822,3786,33,3,153981.1,0.0352,111479.51
6823,3787,47,2,97425.34,0.1555,95329.48
6824,3787,36,1,110367.21,0.0504,111429.94
6825,3787,46,1,131854.01,0.0776,103324.06
6826,3788,18,1,1076791.61,0.0777,830240.93
6827,3788,46,1,123946.3,0.0143,89811.19
6828,3789,7,1,125684.63,0.0182,106741.72
6829,3789,29,1,121810.54,0.0105,115840.94
6830,3790,32,1,216520.24,0.0907,209526.67
6831,3791,29,1,119002.03,0.1232,108023.51
6832,3792,41,1,158697.25,0.1494,125466.58
6833,3793,41,1,158697.25,0.1634,125466.58
6834,3794,19,1,1471779.02,0.0775,1292021.69
6835,3794,1,1,329860.7,0.0788,267868.54
6836,3795,4,1,166875.54,0.0668,124871.41
6837,3796,3,1,150104.9,0.1251,166739.34
6838,3797,46,3,134114.1,0.0673,107743.99
6839,3798,33,1,155031.88,0.0462,112981.13
6840,3798,7,1,116004.74,0.0574,82810.1
6841,3798,5,1,215516.85,0.0195,137720.38
6842,3799,46,1,130668.32,0.0612,100942.33
6843,3800,45,1,136958.38,0.0247,109757.25
6844,3800,46,3,125553.86,0.0527,91952.31
6845,3801,11,3,649510.86,0.0051,587959.18
6846,3801,31,4,400540.42,0.0041,283417.08
6847,3801,6,3,475353.95,0.0437,280912.13
6848,3802,46,1,131854.01,0.1632,103324.06
6849,3803,28,1,367995.32,0.0163,290038.35
6850,3803,36,2,106808.85,0.0187,101326.8
6851,3804,5,1,236520.52,0.061,184792.85
6852,3804,46,1,134114.1,0.122,107743.99
6853,3805,10,1,81088.13,0.078,55902.81
6854,3805,46,4,125553.86,0.067,91952.31
6855,3805,43,3,143795.25,0.0571,97767.02
6856,3805,6,1,484684.73,0.0474,291159.6
6857,3806,40,3,144338.7,0.0901,132663.16
6858,3806,46,2,134114.1,0.1114,107743.99
6859,3807,32,1,221986.35,0.1394,226279.2
6860,3808,21,1,1290668.25,0.0515,1025940.21
6861,3809,21,1,1325154.46,0.0772,1078311.15
6862,3809,14,1,444780.86,0.022,295408.96
6863,3809,34,2,32996.58,0.0723,25897.06
6864,3810,6,1,528822.49,0.1151,380712.93
6865,3811,6,1,528822.49,0.0092,380712.93
6866,3811,30,1,320282.83,0.0072,239595.39
6867,3812,11,1,662260.19,0.0185,609407.51
6868,3813,27,1,204210.37,0.0228,197671.65
6869,3814,45,1,142537.4,0.1378,120488.04
6870,3814,5,2,226835.9,0.0261,161512.74
6871,3815,47,1,98271.39,0.0537,97411.47
6872,3816,41,2,152032.38,0.0201,110919.59
6873,3817,32,3,226889.72,0.0091,241081.0
6874,3817,46,1,134114.1,0.0876,107743.99
6875,3818,40,1,139996.43,0.0662,121826.39
6876,3818,36,1,109184.31,0.0724,108025.52
6877,3818,31,1,428914.96,0.0778,335677.51
6878,3819,36,3,107950.0,0.1489,104451.71
6879,3820,19,1,1650442.22,0.0138,1784398.23
6880,3820,34,1,35353.44,0.0823,31274.68
6881,3821,7,1,114435.29,0.0395,80616.4
6882,3821,26,1,141063.02,0.0338,95089.17
6883,3822,34,3,32354.93,0.0011,24963.41
6884,3823,23,2,361265.79,0.1505,312521.88
6885,3823,28,3,377212.77,0.0108,312963.2
6886,3823,46,1,130668.32,0.1699,100942.33
6887,3824,29,1,120448.39,0.0731,112069.53
6888,3825,7,2,123957.4,0.1,102099.76
6889,3826,32,2,221986.35,0.0344,226279.2
6890,3827,47,3,98271.39,0.1492,97411.47
6891,3827,44,1,95068.27,0.1264,79197.74
6892,3827,35,1,125399.49,0.0783,109737.22
6893,3828,46,1,126384.28,0.0638,93104.0
6894,3829,34,1,32775.87,0.0538,25563.08
6895,3829,45,2,136958.38,0.0617,109757.25
6896,3830,40,1,144338.7,0.0417,132663.16
6897,3831,46,1,127265.69,0.0775,94420.95
6898,3831,34,1,33238.58,0.0276,26305.33
6899,3832,29,1,121810.54,0.1122,115840.94
6900,3832,6,2,528822.49,0.105,380712.93
6901,3833,7,2,125684.63,0.0378,106741.72
6902,3833,34,1,35014.36,0.0525,30472.05
6903,3834,47,1,92770.25,0.0482,84837.61
6904,3835,41,3,147587.31,0.0343,103989.24
6905,3835,44,1,89167.38,0.055,68158.04
6906,3835,35,2,116620.63,0.0203,90952.43
6907,3836,46,1,132999.03,0.0755,105580.65
6908,3837,38,1,62894.86,0.0089,43409.15
6909,3837,11,1,657895.69,0.0722,601815.65
6910,3838,34,1,35353.44,0.1156,31274.68
6911,3839,33,1,163691.77,0.0932,132201.07
6912,3839,27,3,206692.35,0.0222,205075.42
6913,3840,29,1,120448.39,0.0042,112069.53
6914,3841,30,2,316701.25,0.0874,231794.93
6915,3842,23,1,375843.56,0.121,354073.6
6916,3842,28,2,390230.8,0.1089,345924.13
6917,3842,46,2,134114.1,0.1099,107743.99
6918,3843,32,1,221986.35,0.0352,226279.2
6919,3844,46,1,134114.1,0.0846,107743.99
6920,3844,7,1,127310.24,0.1099,111114.39
6921,3845,47,2,93383.83,0.054,85900.19
6922,3845,40,1,134716.29,0.0427,109852.02
6923,3845,46,1,126384.28,0.0303,93104.0
6924,3845,29,1,114076.22,0.0824,95776.39
6925,3846,38,1,67629.41,0.1568,52374.62
6926,3847,25,1,1406697.27,0.0305,1131113.06
6927,3847,28,1,354524.99,0.0572,267334.62
6928,3848,45,2,146296.17,0.1405,128606.71
6929,3849,6,1,528822.49,0.1086,380712.93
6930,3850,1,1,334119.02,0.0507,274181.42
6931,3851,46,3,123153.92,0.032,88771.24
6932,3852,6,3,488094.02,0.0119,295356.64
6933,3853,45,2,143830.78,0.0388,123330.94
6934,3854,10,1,83313.43,0.0068,59941.17
6935,3855,32,1,219320.72,0.1281,218109.91
6936,3856,30,2,312898.27,0.0541,223426.51
6937,3857,34,3,35353.44,0.0633,31274.68
6938,3857,46,1,134114.1,0.0108,107743.99
6939,3858,46,2,132999.03,0.1562,105580.65
6940,3858,28,1,386115.19,0.0582,335611.65
6941,3858,31,1,439037.58,0.158,359969.74
6942,3859,46,1,128294.51,0.0844,96228.16
6943,3860,7,1,125684.63,0.1084,106741.72
6944,3861,5,1,209891.5,0.0408,130985.11
6945,3862,31,1,405711.18,0.0026,290096.39
6946,3862,45,4,136074.7,0.0022,108457.4
6947,3863,21,1,1335827.3,0.0226,1098804.36
6948,3864,7,2,122097.37,0.0962,97116.25
6949,3865,47,2,98271.39,0.0322,97411.47
6950,3865,37,1,156528.81,0.1092,146707.78
6951,3866,42,1,61622.29,0.1309,43815.47
6952,3867,46,1,125553.86,0.001,91952.31
6953,3868,36,1,102364.54,0.0625,92808.59
6954,3869,43,2,145825.27,0.0352,100605.76
6955,3870,34,2,34661.36,0.1554,29625.07
6956,3870,28,1,381797.43,0.0156,324685.21
6957,3871,46,1,134114.1,0.1517,107743.99
6958,3872,34,2,32996.58,0.0682,25897.06
6959,3872,12,1,1025355.43,0.0522,698242.82
6960,3873,40,1,141513.15,0.1339,125665.73
6961,3874,46,1,130668.32,0.1098,100942.33
6962,3874,29,1,119002.03,0.09,108023.51
6963,3875,41,2,148551.65,0.0405,105254.26
6964,3876,4,1,165512.7,0.0543,122445.16
6965,3876,33,1,155031.88,0.0334,112981.13
6966,3877,50,1,56265.64,0.0387,54692.33
6967,3878,46,1,127265.69,0.0622,94420.95
6968,3878,34,1,33238.58,0.0617,26305.33
6969,3878,23,1,346884.65,0.0836,274580.63
6970,3879,35,1,120133.04,0.0928,97013.95
6971,3879,23,1,350833.6,0.0133,283913.6
6972,3880,30,3,302227.39,0.066,201459.25
6973,3881,34,1,34289.87,0.0907,28719.96
6974,3882,34,2,35353.44,0.0218,31274.68
6975,3883,28,3,354524.99,0.0714,267334.62
6976,3883,25,3,1406697.27,0.03,1131113.06
6977,3884,30,2,323696.74,0.1345,246957.53
6978,3884,28,3,390230.8,0.148,345924.13
6979,3884,33,1,167307.5,0.0202,140848.86
6980,3885,19,1,1609198.44,0.0608,1649576.79
6981,3885,46,1,131854.01,0.0115,103324.06
6982,3886,7,1,122097.37,0.0388,97116.25
6983,3887,46,3,126384.28,0.0577,93104.0
6984,3887,10,2,81658.51,0.0006,56708.64
6985,3888,46,2,130668.32,0.1308,100942.33
6986,3889,44,2,92529.34,0.1755,73856.19
6987,3890,46,1,127265.69,0.0344,94420.95
6988,3891,46,3,124743.77,0.0743,90863.32
6989,3892,44,2,95865.33,0.1056,80820.5
6990,3892,20,1,701935.12,0.0999,710474.9
6991,3893,33,2,157774.26,0.0118,118094.02
6992,3893,23,1,350833.6,0.058,283913.6
6993,3894,46,1,129447.11,0.0636,98459.68
6994,3894,25,1,1483682.77,0.0862,1295246.01
6995,3895,36,2,107950.0,0.0206,104451.71
6996,3896,21,1,1325154.46,0.0143,1078311.15
6997,3897,34,2,32996.58,0.0391,25897.06
6998,3897,33,1,155031.88,0.0115,112981.13
6999,3898,33,1,152976.96,0.0243,110124.98
7000,3898,46,1,124743.77,0.0064,90863.32
7001,3899,29,1,121810.54,0.1262,115840.94
7002,3900,46,1,130668.32,0.1016,100942.33
7003,3901,35,1,119039.77,0.0112,94731.86
7004,3901,12,2,1033798.24,0.07,712078.45
7005,3902,25,1,1446608.52,0.0158,1197419.12
7006,3903,2,1,423907.85,0.0069,280708.77
7007,3903,34,1,32148.09,0.0723,24674.35
7008,3903,46,1,123153.92,0.026,88771.24
7009,3904,20,1,674709.29,0.1048,627098.29
7010,3905,7,2,116004.74,0.0604,82810.1
7011,3905,28,1,361598.94,0.067,277481.11
7012,3906,23,1,339484.56,0.0004,262414.53
7013,3906,35,3,116620.63,0.0132,90952.43
7014,3906,28,1,356806.01,0.0246,270466.42
7015,3907,46,2,132999.03,0.0662,105580.65
7016,3908,30,1,308902.92,0.1222,214634.04
7017,3909,38,1,66947.61,0.016,50918.86
7018,3909,33,1,163691.77,0.0225,132201.07
7019,3910,19,2,1540615.94,0.0589,1430818.12
7020,3911,34,1,35014.36,0.0682,30472.05
7021,3912,36,1,103686.01,0.0155,94995.82
7022,3913,47,2,99095.3,0.0713,99407.42
7023,3913,5,1,236520.52,0.0183,184792.85
7024,3913,34,2,35353.44,0.1494,31274.68
7025,3913,37,1,158044.64,0.1438,150572.05
7026,3914,5,1,212601.09,0.0082,134072.05
7027,3915,46,1,129447.11,0.1515,98459.68
7028,3915,25,1,1483682.77,0.1235,1295246.01
7029,3916,46,1,125553.86,0.011,91952.31
7030,3917,35,1,122804.83,0.0332,103427.54
7031,3917,21,1,1391207.99,0.1527,1250635.94
7032,3918,37,3,148590.35,0.0929,126647.1
7033,3919,23,1,361265.79,0.1306,312521.88
7034,3920,45,1,143830.78,0.0252,123330.94
7035,3921,46,1,134114.1,0.0073,107743.99
7036,3921,35,1,126613.87,0.0542,112627.69
7037,3921,29,2,123108.92,0.0543,119400.43
7038,3922,34,1,34661.36,0.1037,29625.07
7039,3923,34,1,35353.44,0.0978,31274.68
7040,3924,43,3,150437.51,0.1338,109840.62
7041,3925,35,3,115134.31,0.0663,88858.3
7042,3925,27,1,190700.98,0.0409,166896.86
7043,3926,43,1,147164.54,0.1042,103029.34
7044,3926,44,1,91705.46,0.1049,72182.29
7045,3926,36,1,106808.85,0.0169,101326.8
7046,3927,10,2,81658.51,0.0355,56708.64
7047,3927,28,1,361598.94,0.0172,277481.11
7048,3927,25,1,1435050.58,0.0305,1175086.69
7049,3928,46,1,132999.03,0.1418,105580.65
7050,3929,46,1,124743.77,0.0722,90863.32
7051,3930,46,1,129447.11,0.0145,98459.68
7052,3930,23,1,355774.75,0.0674,297013.35
7053,3931,46,1,132999.03,0.1645,105580.65
7054,3931,19,1,1630414.16,0.0079,1719007.34
7055,3932,1,1,329860.7,0.0113,267868.54
7056,3933,6,1,481490.51,0.0419,287532.4
7057,3934,34,1,33543.84,0.0971,26939.02
7058,3934,29,1,116094.14,0.1372,100110.69
7059,3935,21,3,1370062.4,0.1758,1188574.62
7060,3935,34,1,33902.23,0.0888,27769.82
7061,3936,46,1,132999.03,0.0256,105580.65
7062,3937,46,1,125553.86,0.0194,91952.31
7063,3937,37,1,146521.84,0.0773,123073.56
7064,3938,46,2,131854.01,0.0231,103324.06
7065,3939,36,1,110367.21,0.0587,111429.94
7066,3940,46,1,130668.32,0.0405,100942.33
7067,3940,33,1,161726.15,0.1482,127428.26
7068,3940,36,3,109184.31,0.1403,108025.52
7069,3940,30,1,312898.27,0.0818,223426.51
7070,3941,29,1,120448.39,0.0404,112069.53
7071,3942,31,1,428914.96,0.098,335677.51
7072,3943,14,1,488127.96,0.097,396379.0
7073,3944,2,1,438853.12,0.0133,300991.06
7074,3945,32,1,226889.72,0.1223,241081.0
7075,3946,2,1,435269.1,0.0562,295142.83
7076,3947,46,1,130668.32,0.1713,100942.33
7077,3947,41,3,155413.61,0.0244,118252.49
7078,3948,46,1,125553.86,0.004,91952.31
7079,3948,26,1,141988.96,0.0697,96258.76
7080,3949,28,1,377212.77,0.0877,312963.2
7081,3950,30,1,320282.83,0.1492,239595.39
7082,3951,46,1,125553.86,0.0383,91952.31
7083,3951,7,3,115194.46,0.0596,81633.36
7084,3952,45,1,142537.4,0.0577,120488.04
7085,3953,28,1,386115.19,0.0115,335611.65
7086,3953,32,1,224496.8,0.0546,233894.04
7087,3953,3,1,148188.23,0.0384,160177.67
7088,3953,34,1,35014.36,0.0163,30472.05
7089,3954,19,1,1630414.16,0.1419,1719007.34
7090,3955,46,1,129447.11,0.1421,98459.68
7091,3956,5,1,217291.42,0.0289,140449.29
7092,3956,10,2,82330.89,0.0009,57832.32
7093,3956,1,3,341490.25,0.0879,287223.08
7094,3957,49,1,123937.72,0.006,80390.08
7095,3958,34,2,33543.84,0.0495,26939.02
7096,3958,32,1,213961.47,0.0933,202133.16
7097,3958,46,4,128294.51,0.1032,96228.16
7098,3958,7,1,118355.73,0.0587,87530.48
7099,3959,46,3,123153.92,0.0264,88771.24
7100,3960,46,1,132999.03,0.0218,105580.65
7101,3960,5,1,233500.42,0.1434,177520.73
7102,3961,21,1,1391207.99,0.1239,1250635.94
7103,3962,34,1,35353.44,0.0151,31274.68
7104,3962,7,1,127310.24,0.1398,111114.39
7105,3963,29,1,121810.54,0.1693,115840.94
7106,3963,32,1,224496.8,0.0814,233894.04
7107,3964,7,1,116004.74,0.0848,82810.1
7108,3964,35,1,118173.09,0.0305,93261.6
7109,3964,28,1,361598.94,0.0251,277481.11
7110,3965,36,1,107950.0,0.0352,104451.71
7111,3966,34,1,34289.87,0.1669,28719.96
7112,3966,33,1,161726.15,0.0992,127428.26
7113,3967,33,1,159661.09,0.1449,122413.6
7114,3968,46,1,129447.11,0.1008,98459.68
7115,3968,30,1,308902.92,0.1818,214634.04
7116,3968,36,2,107950.0,0.0723,104451.71
7117,3968,34,1,33902.23,0.0448,27769.82
7118,3969,10,2,81088.13,0.0795,55902.81
7119,3969,6,1,484684.73,0.0553,291159.6
7120,3969,33,1,153981.1,0.0502,111479.51
7121,3970,45,1,142537.4,0.0045,120488.04
7122,3971,46,1,130668.32,0.1861,100942.33
7123,3972,36,2,106808.85,0.1203,101326.8
7124,3972,1,1,345565.6,0.0158,297696.64
7125,3973,44,3,91705.46,0.0645,72182.29
7126,3973,34,1,33543.84,0.1303,26939.02
7127,3973,49,1,122834.17,0.0012,78568.09
7128,3974,40,4,133815.18,0.0031,108435.32
7129,3975,25,1,1435050.58,0.0161,1175086.69
7130,3976,34,1,32775.87,0.0222,25563.08
7131,3977,37,1,153290.04,0.0557,138272.36
7132,3977,30,1,312898.27,0.008,223426.51
7133,3978,32,2,213961.47,0.0165,202133.16
7134,3979,27,2,211257.89,0.0582,218490.2
7135,3980,7,2,125684.63,0.147,106741.72
7136,3981,36,1,105066.29,0.083,97407.65
7137,3981,23,2,344113.16,0.0362,269459.57
7138,3981,38,2,63732.12,0.0106,44511.25
7139,3982,34,1,35014.36,0.0482,30472.05
7140,3983,46,1,131854.01,0.0893,103324.06
7141,3984,45,1,146296.17,0.1252,128606.71
7142,3985,46,1,130668.32,0.0556,100942.33
7143,3986,25,2,1425111.81,0.0711,1158697.02
7144,3986,47,1,92770.25,0.0314,84837.61
7145,3986,23,1,341729.92,0.0178,265701.25
7146,3987,45,3,136074.7,0.0446,108457.4
7147,3988,33,2,151998.99,0.0016,108849.81
7148,3989,12,1,1046135.62,0.0852,738044.33
7149,3990,38,1,67629.41,0.0573,52374.62
7150,3991,28,4,359148.1,0.0257,273793.14
7151,3991,11,2,662260.19,0.0199,609407.51
7152,3991,23,1,341729.92,0.0653,265701.25
7153,3991,7,1,115194.46,0.07,81633.36
7154,3992,49,1,122834.17,0.0049,78568.09
7155,3992,34,2,33543.84,0.1428,26939.02
7156,3993,24,1,1314033.27,0.1661,1049348.29
7157,3994,46,1,132999.03,0.0132,105580.65
7158,3995,36,1,111491.19,0.0932,114615.71
7159,3996,45,1,146296.17,0.0922,128606.71
7160,3997,35,2,126613.87,0.1476,112627.69
7161,3998,4,1,168867.04,0.0621,129424.83
7162,3999,28,2,377212.77,0.0479,312963.2
7163,4000,46,1,130668.32,0.1107,100942.33
7164,4001,46,2,132999.03,0.1624,105580.65
7165,4002,44,1,88597.34,0.0358,67368.82
7166,4003,4,1,176859.36,0.1491,150967.36
7167,4004,45,1,139947.96,0.0765,114861.05
7168,4005,33,1,161726.15,0.0335,127428.26
7169,4006,36,1,106808.85,0.0827,101326.8
7170,4006,20,1,655225.86,0.0214,569693.67
7171,4007,41,1,150648.82,0.0392,108310.4
7172,4007,48,1,237490.93,0.0233,177939.26
7173,4008,11,3,662260.19,0.0356,609407.51
7174,4008,42,3,58270.19,0.0727,37807.79
7175,4008,33,1,153981.1,0.0143,111479.51
7176,4009,29,1,123108.92,0.0539,119400.43
7177,4010,14,1,448443.2,0.0702,301262.47
7178,4011,36,2,105836.84,0.0941,98943.27
7179,4012,11,1,666918.55,0.0076,618192.07
7180,4012,2,1,435269.1,0.0834,295142.83
7181,4012,46,2,126384.28,0.0491,93104.0
7182,4013,36,1,110367.21,0.1509,111429.94
7183,4014,45,2,134340.44,0.0412,105960.22
7184,4014,34,2,32148.09,0.0755,24674.35
7185,4014,31,2,400540.42,0.0206,283417.08
7186,4014,1,2,329860.7,0.0704,267868.54
7187,4015,28,1,372396.19,0.1335,300647.21
7188,4016,38,1,66947.61,0.1346,50918.86
7189,4017,47,2,96549.25,0.1942,93132.04
7190,4018,32,3,224496.8,0.0528,233894.04
7191,4019,47,1,92171.68,0.0116,83832.88
7192,4019,41,3,147587.31,0.0715,103989.24
7193,4020,34,1,34289.87,0.0902,28719.96
7194,4021,33,1,163691.77,0.0547,132201.07
7195,4021,20,2,684394.09,0.1736,656794.48
7196,4022,36,2,112570.88,0.1019,117634.68
7197,4023,4,1,171388.9,0.1325,135891.53
7198,4024,33,1,161726.15,0.1517,127428.26
7199,4025,13,1,872381.21,0.0176,733114.5
7200,4026,47,1,98271.39,0.0859,97411.47
7201,4027,32,1,224496.8,0.0468,233894.04
7202,4028,30,1,305252.39,0.0139,207060.31
7203,4028,27,3,199220.35,0.1087,183192.02
7204,4029,19,1,1650442.22,0.0281,1784398.23
7205,4029,31,3,443717.29,0.0012,371030.68
7206,4030,46,1,129447.11,0.1643,98459.68
7207,4030,36,1,107950.0,0.0944,104451.71
7208,4031,34,1,34661.36,0.0101,29625.07
7209,4031,46,1,131854.01,0.0272,103324.06
7210,4032,1,2,336335.57,0.0656,277640.2
7211,4033,46,1,132999.03,0.0476,105580.65
7212,4033,7,2,125684.63,0.1435,106741.72
7213,4033,47,1,98271.39,0.0464,97411.47
7214,4034,46,1,124743.77,0.0035,90863.32
7215,4034,1,2,334119.02,0.0451,274181.42
7216,4034,33,1,152976.96,0.0537,110124.98
7217,4035,46,2,134114.1,0.0446,107743.99
7218,4035,34,1,35353.44,0.0806,31274.68
7219,4036,31,1,443717.29,0.0665,371030.68
7220,4036,33,1,167307.5,0.0021,140848.86
7221,4037,7,1,125684.63,0.1304,106741.72
7222,4037,34,1,35014.36,0.0472,30472.05
7223,4037,5,3,233500.42,0.1117,177520.73
7224,4038,36,1,107950.0,0.062,104451.71
7225,4038,30,1,308902.92,0.0492,214634.04
7226,4039,10,1,81088.13,0.0201,55902.81
7227,4039,1,3,336335.57,0.0479,277640.2
7228,4039,46,1,125553.86,0.0028,91952.31
7229,4040,34,4,32354.93,0.045,24963.41
7230,4040,36,1,103023.16,0.0288,93895.84
7231,4040,45,1,135204.79,0.046,107201.54
7232,4041,34,3,33543.84,0.0257,26939.02
7233,4042,28,1,354524.99,0.0181,267334.62
7234,4042,35,1,115875.09,0.0612,89899.27
7235,4043,29,1,120448.39,0.0613,112069.53
7236,4043,36,2,110367.21,0.1342,111429.94
7237,4044,10,1,81088.13,0.0653,55902.81
7238,4044,46,1,125553.86,0.0331,91952.31
7239,4045,34,1,34661.36,0.078,29625.07
7240,4046,28,1,386115.19,0.1233,335611.65
7241,4047,36,1,107950.0,0.0512,104451.71
7242,4047,7,1,120123.26,0.031,91903.93
7243,4047,31,1,423438.2,0.0823,322467.64
7244,4048,46,2,131854.01,0.1852,103324.06
7245,4049,45,1,141205.26,0.1361,117524.66
7246,4049,41,1,153656.7,0.082,114340.34
7247,4050,34,1,34289.87,0.1363,28719.96
7248,4050,4,1,174205.51,0.173,143598.61
7249,4050,41,1,155413.61,0.0598,118252.49
7250,4051,31,1,411161.04,0.0044,297620.19
7251,4052,3,1,148188.23,0.157,160177.67
7252,4052,19,2,1630414.16,0.0593,1719007.34
7253,4053,4,1,176859.36,0.0171,150967.36
7254,4054,10,1,82330.89,0.0958,57832.32
7255,4055,1,2,350726.29,0.1144,312571.03
7256,4055,30,2,308902.92,0.0937,214634.04
7257,4055,32,1,216520.24,0.1245,209526.67
7258,4056,25,1,1415748.01,0.0201,1144363.96
7259,4056,10,1,80553.74,0.0079,55206.38
7260,4056,29,1,112564.16,0.0307,93355.17
7261,4057,46,2,131854.01,0.1756,103324.06
7262,4057,30,1,316701.25,0.0052,231794.93
7263,4057,31,1,434128.01,0.1697,348250.28
7264,4058,35,1,122804.83,0.0455,103427.54
7265,4059,10,1,82330.89,0.0721,57832.32
7266,4060,31,1,439037.58,0.0641,359969.74
7267,4061,33,1,167307.5,0.1492,140848.86
7268,4061,32,1,226889.72,0.0315,241081.0
7269,4062,45,1,137864.22,0.0686,111131.95
7270,4062,46,3,126384.28,0.0729,93104.0
7271,4063,23,1,344113.16,0.0797,269459.57
7272,4064,33,1,161726.15,0.1979,127428.26
7273,4065,47,1,95646.92,0.1274,90841.48
7274,4066,29,1,113303.04,0.0257,94503.44
7275,4067,49,1,126242.17,0.1069,84361.73
7276,4068,46,2,132999.03,0.0375,105580.65
7277,4068,29,2,121810.54,0.0625,115840.94
7278,4069,21,3,1298972.45,0.0205,1037959.01
7279,4069,12,2,1005016.91,0.0384,671874.84
7280,4070,46,1,128294.51,0.1124,96228.16
7281,4070,21,1,1351034.39,0.1028,1136152.63
7282,4071,37,1,143715.39,0.0303,118794.73
7283,4071,34,1,32148.09,0.0008,24674.35
7284,4072,46,1,134114.1,0.134,107743.99
7285,4073,46,2,132999.03,0.139,105580.65
7286,4073,7,1,125684.63,0.0836,106741.72
7287,4074,31,2,439037.58,0.0003,359969.74
7288,4074,34,1,35014.36,0.0018,30472.05
7289,4074,46,1,132999.03,0.0741,105580.65
7290,4075,44,1,95865.33,0.0573,80820.5
7291,4075,34,1,35353.44,0.1291,31274.68
7292,4075,46,1,134114.1,0.0972,107743.99
7293,4076,32,1,216520.24,0.0045,209526.67
7294,4077,2,1,423907.85,0.0179,280708.77
7295,4077,46,1,123153.92,0.05,88771.24
7296,4077,34,2,32148.09,0.0064,24674.35
7297,4078,46,2,128294.51,0.104,96228.16
7298,4079,32,1,224496.8,0.1277,233894.04
7299,4079,36,1,111491.19,0.1003,114615.71
7300,4080,23,1,350833.6,0.0617,283913.6
7301,4080,28,2,367995.32,0.0778,290038.35
7302,4081,23,1,366451.41,0.006,327321.33
7303,4081,46,1,131854.01,0.175,103324.06
7304,4082,29,1,123108.92,0.0233,119400.43
7305,4082,30,1,323696.74,0.0365,246957.53
7306,4082,31,1,443717.29,0.0381,371030.68
7307,4083,33,1,161726.15,0.0162,127428.26
7308,4083,36,1,109184.31,0.1041,108025.52
7309,4084,34,2,32996.58,0.0075,25897.06
7310,4085,41,1,158697.25,0.1596,125466.58
7311,4086,25,1,1425111.81,0.0677,1158697.02
7312,4086,28,1,359148.1,0.0767,273793.14
7313,4087,21,1,1391207.99,0.1589,1250635.94
7314,4088,34,3,32148.09,0.0663,24674.35
7315,4088,46,1,123153.92,0.0192,88771.24
7316,4089,33,1,167307.5,0.0543,140848.86
7317,4090,47,1,98271.39,0.1312,97411.47
7318,4091,7,1,115194.46,0.0006,81633.36
7319,4091,37,1,146521.84,0.0719,123073.56
7320,4091,36,1,104363.5,0.081,96151.43
7321,4092,37,3,144640.05,0.0103,120186.4
7322,4092,36,1,103023.16,0.0795,93895.84
7323,4092,1,1,331983.03,0.0459,271006.6
7324,4093,38,1,62894.86,0.0713,43409.15
7325,4094,29,2,114076.22,0.0587,95776.39
7326,4094,2,1,435269.1,0.069,295142.83
7327,4095,10,3,83313.43,0.1153,59941.17
7328,4095,46,1,128294.51,0.0238,96228.16
7329,4095,21,1,1351034.39,0.0338,1136152.63
7330,4095,27,1,199220.35,0.019,183192.02
7331,4096,16,1,965367.54,0.0953,755294.89
7332,4097,37,2,158044.64,0.0526,150572.05
7333,4098,45,2,146296.17,0.0136,128606.71
7334,4098,46,4,134114.1,0.1019,107743.99
7335,4099,31,1,414287.52,0.09,302673.76
7336,4100,22,1,1029541.03,0.0752,612349.46
7337,4100,2,2,426635.29,0.0588,283997.25
7338,4101,10,2,81658.51,0.025,56708.64
7339,4101,33,1,155031.88,0.0734,112981.13
7340,4101,47,1,93383.83,0.0142,85900.19
7341,4102,7,1,127310.24,0.0163,111114.39
7342,4103,23,2,346884.65,0.0154,274580.63
7343,4103,34,2,33238.58,0.0637,26305.33
7344,4103,31,1,414287.52,0.0231,302673.76
7345,4104,41,1,157097.37,0.0593,121979.21
7346,4105,30,1,305252.39,0.1326,207060.31
7347,4106,20,1,655225.86,0.1377,569693.67
7348,4106,30,1,305252.39,0.0985,207060.31
7349,4107,22,1,1050292.39,0.0737,636155.42
7350,4108,44,1,95068.27,0.0138,79197.74
7351,4108,23,1,371282.71,0.1292,341098.25
7352,4109,29,2,114943.66,0.0904,97402.66
7353,4110,47,3,93383.83,0.0045,85900.19
7354,4111,34,2,35014.36,0.0756,30472.05
7355,4111,29,1,121810.54,0.1572,115840.94
7356,4112,46,1,126384.28,0.0325,93104.0
7357,4113,14,1,453794.94,0.0781,312247.98
7358,4114,39,2,146911.8,0.0019,133606.29
7359,4115,19,1,1586426.82,0.1084,1574993.12
7360,4116,46,1,124743.77,0.0413,90863.32
7361,4117,28,1,381797.43,0.1778,324685.21
7362,4118,24,2,1227684.34,0.0252,844714.72
7363,4119,47,1,98271.39,0.1087,97411.47
7364,4119,36,2,111491.19,0.0397,114615.71
7365,4120,29,1,120448.39,0.1348,112069.53
7366,4121,1,1,350726.29,0.0649,312571.03
7367,4121,28,1,372396.19,0.0138,300647.21
7368,4122,35,1,124135.3,0.0963,106687.05
7369,4123,28,1,361598.94,0.0472,277481.11
7370,4123,46,3,126384.28,0.0024,93104.0
7371,4124,44,2,88597.34,0.074,67368.82
7372,4124,46,2,123946.3,0.05,89811.19
7373,4125,33,1,159661.09,0.1084,122413.6
7374,4125,32,1,216520.24,0.0798,209526.67
7375,4126,31,1,414287.52,0.0284,302673.76
7376,4127,32,2,219320.72,0.0462,218109.91
7377,4127,27,1,204210.37,0.2,197671.65
7378,4128,46,3,127265.69,0.0146,94420.95
7379,4128,34,2,33238.58,0.0826,26305.33
7380,4129,29,1,117482.51,0.0538,103772.48
7381,4130,27,4,197246.11,0.0369,178236.61
7382,4131,28,2,386115.19,0.0656,335611.65
7383,4131,35,1,125399.49,0.0183,109737.22
7384,4132,21,4,1325154.46,0.0147,1078311.15
7385,4133,46,2,123153.92,0.0532,88771.24
7386,4134,34,3,32148.09,0.0023,24674.35
7387,4134,28,2,352258.55,0.0706,264239.08
7388,4135,46,1,132999.03,0.0593,105580.65
7389,4136,46,1,124743.77,0.0515,90863.32
7390,4137,46,1,134114.1,0.1354,107743.99
7391,4137,34,1,35353.44,0.0333,31274.68
7392,4137,31,3,443717.29,0.1402,371030.68
7393,4138,34,2,32996.58,0.0316,25897.06
7394,4139,46,2,131854.01,0.1365,103324.06
7395,4140,49,1,125106.95,0.0579,82417.11
7396,4141,33,1,167307.5,0.1502,140848.86
7397,4141,41,2,160234.08,0.0334,128771.36
7398,4142,29,1,123108.92,0.0401,119400.43
7399,4142,7,1,127310.24,0.1536,111114.39
7400,4143,18,2,1120846.87,0.0697,912007.07
7401,4144,1,2,334119.02,0.0679,274181.42
7402,4145,31,1,400540.42,0.0406,283417.08
7403,4146,32,1,219320.72,0.0229,218109.91
7404,4147,35,1,120133.04,0.0422,97013.95
7405,4147,34,1,33543.84,0.0267,26939.02
7406,4148,23,1,375843.56,0.0594,354073.6
7407,4149,36,1,106808.85,0.0212,101326.8
7408,4149,10,1,83313.43,0.1104,59941.17
7409,4150,1,2,334119.02,0.0159,274181.42
7410,4151,47,1,96549.25,0.0778,93132.04
7411,4152,5,1,226835.9,0.0162,161512.74
7412,4152,32,1,219320.72,0.0939,218109.91
7413,4153,41,2,155413.61,0.0309,118252.49
7414,4154,21,1,1307330.08,0.0369,1050118.61
7415,4154,23,3,339484.56,0.0609,262414.53
7416,4154,36,1,103686.01,0.0463,94995.82
7417,4155,35,1,115875.09,0.0594,89899.27
7418,4156,29,1,114076.22,0.0462,95776.39
7419,4156,46,1,126384.28,0.0304,93104.0
7420,4157,7,1,127310.24,0.08,111114.39
7421,4158,33,2,159661.09,0.1184,122413.6
7422,4159,10,4,81088.13,0.0727,55902.81
7423,4160,1,2,334119.02,0.0448,274181.42
7424,4161,49,1,117912.37,0.0451,72479.68
7425,4162,45,2,145079.82,0.0166,126024.48
7426,4163,10,2,81658.51,0.0644,56708.64
7427,4163,23,1,344113.16,0.0623,269459.57
7428,4163,35,1,118173.09,0.0553,93261.6
7429,4164,21,2,1315976.8,0.0033,1063271.26
7430,4165,46,2,127265.69,0.0657,94420.95
7431,4165,10,1,82330.89,0.029,57832.32
7432,4166,21,1,1335827.3,0.0005,1098804.36
7433,4166,46,1,127265.69,0.078,94420.95
7434,4167,46,3,132999.03,0.0753,105580.65
7435,4168,21,1,1351034.39,0.1353,1136152.63
7436,4168,30,1,305252.39,0.0062,207060.31
7437,4169,46,1,129447.11,0.0886,98459.68
7438,4170,35,1,120133.04,0.1089,97013.95
7439,4170,34,2,33543.84,0.1326,26939.02
7440,4171,34,1,32996.58,0.0106,25897.06
7441,4172,47,1,97425.34,0.0857,95329.48
7442,4173,34,1,35353.44,0.0534,31274.68
7443,4174,27,1,204210.37,0.1184,197671.65
7444,4175,33,1,159661.09,0.1645,122413.6
7445,4176,44,1,92529.34,0.0429,73856.19
7446,4176,33,2,159661.09,0.1438,122413.6
7447,4177,30,1,323696.74,0.0422,246957.53
7448,4177,40,2,144338.7,0.0226,132663.16
7449,4178,27,1,195757.56,0.0488,175260.7
7450,4179,47,1,97425.34,0.1027,95329.48
7451,4180,23,1,339484.56,0.0531,262414.53
7452,4181,40,1,132946.5,0.052,107132.07
7453,4181,34,1,32563.1,0.0047,25255.85
7454,4181,2,1,429380.27,0.0008,287324.26
7455,4182,34,1,34289.87,0.0254,28719.96
7456,4183,1,3,329860.7,0.0272,267868.54
7457,4183,46,4,123153.92,0.0768,88771.24
7458,4184,37,2,145570.67,0.0328,121594.37
7459,4184,2,1,429380.27,0.0764,287324.26
7460,4184,29,1,112564.16,0.0077,93355.17
7461,4185,47,1,96549.25,0.0766,93132.04
7462,4186,30,2,316701.25,0.0907,231794.93
7463,4187,46,1,128294.51,0.0281,96228.16
7464,4188,21,1,1391207.99,0.1551,1250635.94
7465,4189,3,1,146151.75,0.158,153211.91
7466,4189,35,1,124135.3,0.0212,106687.05
7467,4190,25,1,1483682.77,0.1289,1295246.01
7468,4190,46,1,129447.11,0.017,98459.68
7469,4191,41,1,160234.08,0.0045,128771.36
7470,4192,36,1,106808.85,0.1171,101326.8
7471,4193,36,2,103686.01,0.0234,94995.82
7472,4193,42,1,57891.92,0.0562,37353.39
7473,4193,35,1,116620.63,0.0266,90952.43
7474,4194,46,1,123946.3,0.05,89811.19
7475,4194,34,1,32354.93,0.0622,24963.41
7476,4194,25,1,1406697.27,0.0689,1131113.06
7477,4195,32,2,216520.24,0.0662,209526.67
7478,4196,33,2,163691.77,0.0019,132201.07
7479,4197,31,2,439037.58,0.066,359969.74
7480,4198,33,1,165542.97,0.1153,136649.96
7481,4198,32,1,224496.8,0.1219,233894.04
7482,4199,5,1,209891.5,0.0133,130985.11
7483,4200,45,1,137864.22,0.0334,111131.95
7484,4200,38,2,63732.12,0.0156,44511.25
7485,4201,30,2,323696.74,0.0913,246957.53
7486,4201,47,1,99095.3,0.1086,99407.42
7487,4202,47,2,96549.25,0.0608,93132.04
7488,4203,46,1,125553.86,0.0794,91952.31
7489,4204,5,1,230291.53,0.1788,169800.76
7490,4204,32,1,221986.35,0.1361,226279.2
7491,4205,34,2,34661.36,0.0708,29625.07
7492,4206,44,1,92529.34,0.0725,73856.19
7493,4207,36,1,107950.0,0.1167,104451.71
7494,4208,35,1,120133.04,0.0468,97013.95
7495,4209,46,1,130668.32,0.1638,100942.33
7496,4209,47,1,96549.25,0.1516,93132.04
7497,4210,34,1,33902.23,0.1386,27769.82
7498,4211,46,3,130668.32,0.175,100942.33
7499,4212,46,1,132999.03,0.0896,105580.65
7500,4213,25,2,1463076.75,0.0108,1238119.29
7501,4213,46,2,128294.51,0.0937,96228.16
7502,4214,7,1,118355.73,0.0746,87530.48
7503,4215,23,1,361265.79,0.0029,312521.88
7504,4216,49,1,118671.03,0.0293,73328.78
7505,4216,29,1,111844.55,0.0593,92274.19
7506,4216,46,2,123946.3,0.0645,89811.19
7507,4217,21,1,1335827.3,0.0414,1098804.36
7508,4217,10,2,82330.89,0.0117,57832.32
7509,4218,4,1,166875.54,0.0876,124871.41
7510,4218,29,1,114943.66,0.0539,97402.66
7511,4219,8,2,238431.94,0.0417,219924.31
7512,4219,2,1,435269.1,0.0251,295142.83
7513,4220,46,1,123946.3,0.0,89811.19
7514,4221,29,1,117482.51,0.0398,103772.48
7515,4221,34,1,33902.23,0.0896,27769.82
7516,4222,6,2,484684.73,0.0332,291159.6
7517,4223,30,1,305252.39,0.0534,207060.31
7518,4223,34,3,33543.84,0.0017,26939.02
7519,4223,29,1,116094.14,0.0379,100110.69
7520,4224,32,1,219320.72,0.174,218109.91
7521,4225,28,2,372396.19,0.0725,300647.21
7522,4225,7,4,120123.26,0.1338,91903.93
7523,4225,34,1,33902.23,0.0171,27769.82
7524,4226,7,2,114435.29,0.0098,80616.4
7525,4226,10,1,80553.74,0.079,55206.38
7526,4227,26,1,149130.81,0.1807,110029.97
7527,4228,46,2,130668.32,0.1559,100942.33
7528,4229,34,1,34289.87,0.0038,28719.96
7529,4230,35,1,124135.3,0.0905,106687.05
7530,4231,31,2,408374.28,0.0472,293664.55
7531,4231,23,4,341729.92,0.06,265701.25
7532,4232,18,1,1107628.4,0.0725,879920.83
7533,4232,23,1,346884.65,0.0939,274580.63
7534,4232,30,1,302227.39,0.0284,201459.25
7535,4233,32,1,219320.72,0.044,218109.91
7536,4234,10,2,84557.63,0.0349,62936.13
7537,4235,46,2,130668.32,0.0679,100942.33
7538,4236,46,1,131854.01,0.0821,103324.06
7539,4236,7,1,123957.4,0.1841,102099.76
7540,4236,27,2,206692.35,0.1517,205075.42
7541,4237,7,3,125684.63,0.158,106741.72
7542,4238,19,1,1562314.02,0.1806,1496835.95
7543,4239,47,1,99095.3,0.1371,99407.42
7544,4240,28,3,377212.77,0.1102,312963.2
7545,4241,46,1,130668.32,0.1436,100942.33
7546,4242,41,1,157097.37,0.0289,121979.21
7547,4243,34,3,35353.44,0.0987,31274.68
7548,4243,32,1,226889.72,0.0627,241081.0
7549,4244,5,1,212601.09,0.0608,134072.05
7550,4244,40,3,132946.5,0.053,107132.07
7551,4245,28,2,367995.32,0.0182,290038.35
7552,4245,32,1,213961.47,0.1319,202133.16
7553,4245,2,3,444090.41,0.0555,311966.68
7554,4245,44,2,91705.46,0.0599,72182.29
7555,4246,44,2,94249.8,0.173,77505.04
7556,4247,34,1,33902.23,0.1485,27769.82
7557,4248,32,1,216520.24,0.0345,209526.67
7558,4249,21,2,1315976.8,0.0247,1063271.26
7559,4250,25,3,1406697.27,0.0765,1131113.06
7560,4251,4,1,168867.04,0.0864,129424.83
7561,4252,36,1,106808.85,0.0491,101326.8
7562,4253,2,4,429380.27,0.0673,287324.26
7563,4253,1,2,334119.02,0.0577,274181.42
7564,4253,10,1,80553.74,0.0424,55206.38
7565,4253,34,2,32563.1,0.0585,25255.85
7566,4254,40,1,138413.8,0.1753,117796.0
7567,4255,25,1,1415748.01,0.0338,1144363.96
7568,4256,33,1,163691.77,0.0386,132201.07
7569,4257,33,1,153981.1,0.0534,111479.51
7570,4257,46,1,125553.86,0.0035,91952.31
7571,4258,46,2,134114.1,0.1052,107743.99
7572,4258,45,1,146296.17,0.0378,128606.71
7573,4258,33,2,167307.5,0.0229,140848.86
7574,4259,34,1,33543.84,0.1081,26939.02
7575,4259,38,1,64789.15,0.0609,46302.15
7576,4260,21,1,1370062.4,0.1469,1188574.62
7577,4261,21,1,1325154.46,0.0306,1078311.15
7578,4262,46,1,131854.01,0.1732,103324.06
7579,4263,29,3,114943.66,0.083,97402.66
7580,4263,2,1,438853.12,0.0134,300991.06
7581,4264,25,1,1425111.81,0.0016,1158697.02
7582,4264,7,3,115194.46,0.039,81633.36
7583,4264,21,1,1315976.8,0.0426,1063271.26
7584,4265,34,1,32563.1,0.0287,25255.85
7585,4265,33,1,152976.96,0.0672,110124.98
7586,4265,1,2,334119.02,0.032,274181.42
7587,4266,28,1,352258.55,0.0457,264239.08
7588,4266,1,4,329860.7,0.0428,267868.54
7589,4267,30,1,308902.92,0.022,214634.04
7590,4267,36,2,107950.0,0.0294,104451.71
7591,4267,8,1,246897.0,0.1116,244075.39
7592,4267,46,2,129447.11,0.0383,98459.68
7593,4268,34,3,33543.84,0.0131,26939.02
7594,4268,10,2,83313.43,0.0378,59941.17
7595,4268,28,1,367995.32,0.14,290038.35
7596,4269,6,1,497985.89,0.0807,312192.67
7597,4270,4,1,181643.11,0.0073,164296.61
7598,4271,46,3,134114.1,0.1507,107743.99
7599,4272,35,1,120133.04,0.0616,97013.95
7600,4273,46,1,132999.03,0.0217,105580.65
7601,4273,37,2,156528.81,0.0706,146707.78
7602,4274,46,1,125553.86,0.0727,91952.31
7603,4275,46,1,125553.86,0.0737,91952.31
7604,4275,2,2,432228.79,0.0019,290948.83
7605,4276,14,1,433171.34,0.0427,280961.89
7606,4276,27,1,190700.98,0.0253,166896.86
7607,4277,32,1,219320.72,0.079,218109.91
7608,4278,34,4,32354.93,0.014,24963.41
7609,4279,29,1,123108.92,0.1088,119400.43
7610,4279,46,1,134114.1,0.0363,107743.99
7611,4280,1,1,350726.29,0.097,312571.03
7612,4281,46,1,132999.03,0.1247,105580.65
7613,4282,29,1,117482.51,0.0391,103772.48
7614,4283,3,1,143958.67,0.0563,145733.6
7615,4284,46,2,128294.51,0.0096,96228.16
7616,4285,32,2,216520.24,0.0183,209526.67
7617,4285,44,1,92529.34,0.0091,73856.19
7618,4286,46,1,134114.1,0.0981,107743.99
7619,4287,1,1,331983.03,0.0673,271006.6
7620,4287,21,1,1298972.45,0.0789,1037959.01
7621,4288,9,1,227081.43,0.1413,193375.14
7622,4289,7,2,118355.73,0.0596,87530.48
7623,4290,47,2,95646.92,0.0795,90841.48
7624,4290,46,1,129447.11,0.1179,98459.68
7625,4291,32,1,221986.35,0.1771,226279.2
7626,4291,44,1,94249.8,0.1698,77505.04
7627,4291,47,1,97425.34,0.0666,95329.48
7628,4292,10,2,81658.51,0.0256,56708.64
7629,4292,1,3,338701.37,0.0788,281642.36
7630,4293,46,1,134114.1,0.0124,107743.99
7631,4293,45,1,146296.17,0.1209,128606.71
7632,4294,8,1,243264.08,0.0771,232460.52
7633,4295,34,1,34289.87,0.1387,28719.96
7634,4295,21,1,1391207.99,0.0429,1250635.94
7635,4296,34,1,32563.1,0.0788,25255.85
7636,4296,13,1,843484.28,0.0397,675205.38
7637,4296,44,1,89167.38,0.0797,68158.04
7638,4297,34,1,34661.36,0.0496,29625.07
7639,4297,45,1,143830.78,0.1651,123330.94
7640,4297,41,1,157097.37,0.1605,121979.21
7641,4297,29,1,120448.39,0.1189,112069.53
7642,4298,19,1,1562314.02,0.1416,1496835.95
7643,4298,44,3,92529.34,0.1634,73856.19
7644,4299,34,1,32775.87,0.0412,25563.08
7645,4300,12,3,1033798.24,0.0164,712078.45
7646,4301,47,1,90996.96,0.0459,81902.67
7647,4301,46,1,123153.92,0.0164,88771.24
7648,4301,6,1,475353.95,0.0542,280912.13
7649,4302,7,1,116004.74,0.0133,82810.1
7650,4302,30,2,299946.59,0.0709,198095.61
7651,4302,6,1,488094.02,0.02,295356.64
7652,4303,47,1,98271.39,0.0014,97411.47
7653,4304,35,3,116620.63,0.012,90952.43
7654,4304,2,2,429380.27,0.0459,287324.26
7655,4305,33,2,167307.5,0.1347,140848.86
7656,4305,28,1,390230.8,0.1282,345924.13
7657,4305,34,1,35353.44,0.033,31274.68
7658,4306,10,2,80553.74,0.0073,55206.38
7659,4306,46,3,124743.77,0.0279,90863.32
7660,4306,36,1,103686.01,0.0499,94995.82
7661,4307,46,1,132999.03,0.0433,105580.65
7662,4308,10,3,81088.13,0.0003,55902.81
7663,4308,23,1,341729.92,0.0038,265701.25
7664,4308,44,2,89746.43,0.073,68974.9
7665,4308,25,1,1425111.81,0.0692,1158697.02
7666,4309,49,1,126242.17,0.0675,84361.73
7667,4309,46,1,131854.01,0.0482,103324.06
7668,4310,46,1,134114.1,0.0276,107743.99
7669,4311,33,1,161726.15,0.1989,127428.26
7670,4312,33,2,156210.74,0.0798,114899.54
7671,4312,27,1,197246.11,0.0303,178236.61
7672,4312,7,1,116959.93,0.0083,84450.98
7673,4313,46,1,131854.01,0.1416,103324.06
7674,4314,28,1,354524.99,0.0766,267334.62
7675,4315,36,1,110367.21,0.0116,111429.94
7676,4316,46,1,134114.1,0.0997,107743.99
7677,4317,46,2,131854.01,0.1303,103324.06
7678,4318,27,1,211257.89,0.1192,218490.2
7679,4319,35,1,115134.31,0.0279,88858.3
7680,4319,29,1,111129.54,0.0235,91205.72
7681,4320,21,4,1290668.25,0.06,1025940.21
7682,4321,2,1,435269.1,0.0,295142.83
7683,4321,34,1,32996.58,0.0482,25897.06
7684,4321,41,1,149552.0,0.0168,106629.4
7685,4322,47,2,96549.25,0.12,93132.04
7686,4323,31,1,428914.96,0.1512,335677.51
7687,4324,28,1,356806.01,0.0651,270466.42
7688,4325,27,2,206692.35,0.0081,205075.42
7689,4326,49,1,121849.14,0.0683,77092.54
7690,4326,46,4,127265.69,0.0419,94420.95
7691,4327,47,1,99095.3,0.1409,99407.42
7692,4328,29,1,114943.66,0.0969,97402.66
7693,4328,10,1,82330.89,0.0171,57832.32
7694,4329,34,1,33902.23,0.1492,27769.82
7695,4330,23,3,341729.92,0.0669,265701.25
7696,4331,31,1,443717.29,0.1533,371030.68
7697,4331,7,1,127310.24,0.1434,111114.39
7698,4332,7,3,123957.4,0.1515,102099.76
7699,4333,26,1,140161.21,0.0345,93988.11
7700,4333,46,1,123946.3,0.011,89811.19
7701,4333,41,1,146643.8,0.0761,102785.12
7702,4333,45,2,135204.79,0.0252,107201.54
7703,4334,10,2,81658.51,0.0791,56708.64
7704,4334,36,3,105066.29,0.0655,97407.65
7705,4334,25,1,1435050.58,0.0869,1175086.69
7706,4334,2,1,435269.1,0.0586,295142.83
7707,4335,32,1,224496.8,0.1035,233894.04
7708,4335,19,1,1630414.16,0.0415,1719007.34
7709,4336,46,2,131854.01,0.0252,103324.06
7710,4337,46,2,124743.77,0.0497,90863.32
7711,4337,21,2,1307330.08,0.0408,1050118.61
7712,4337,34,1,32563.1,0.0111,25255.85
7713,4338,27,1,191927.96,0.0235,168852.04
7714,4338,11,2,653689.83,0.0351,594847.07
7715,4339,40,1,141513.15,0.1733,125665.73
7716,4339,46,1,131854.01,0.1647,103324.06
7717,4340,46,1,131854.01,0.0681,103324.06
7718,4341,7,3,116959.93,0.0227,84450.98
7719,4342,34,2,34289.87,0.1154,28719.96
7720,4343,5,1,233500.42,0.0892,177520.73
7721,4344,7,2,123957.4,0.0732,102099.76
7722,4345,9,2,217783.31,0.1688,169013.84
7723,4346,7,1,123957.4,0.1104,102099.76
7724,4347,30,2,323696.74,0.0923,246957.53
7725,4347,31,4,443717.29,0.0694,371030.68
7726,4347,43,2,155103.63,0.1293,119611.23
7727,4348,21,4,1335827.3,0.0504,1098804.36
7728,4348,7,1,116959.93,0.0468,84450.98
7729,4348,46,2,127265.69,0.0849,94420.95
7730,4349,46,1,132999.03,0.0867,105580.65
7731,4350,12,1,1125283.7,0.1256,936900.47
7732,4351,32,1,224496.8,0.0173,233894.04
7733,4352,20,1,664454.08,0.0707,595979.28
7734,4352,47,1,95646.92,0.0341,90841.48
7735,4353,25,2,1463076.75,0.1152,1238119.29
7736,4353,6,1,497985.89,0.0026,312192.67
7737,4353,40,1,136950.62,0.021,114271.87
7738,4353,38,2,64789.15,0.0607,46302.15
7739,4354,28,1,377212.77,0.1992,312963.2
7740,4355,30,1,320282.83,0.0566,239595.39
7741,4355,33,1,165542.97,0.0505,136649.96
7742,4355,29,3,121810.54,0.1226,115840.94
7743,4356,30,2,316701.25,0.14,231794.93
7744,4356,46,1,131854.01,0.1608,103324.06
7745,4356,36,1,110367.21,0.035,111429.94
7746,4357,40,1,131252.11,0.0786,104665.41
7747,4357,34,1,32148.09,0.0031,24674.35
7748,4358,32,2,224496.8,0.1636,233894.04
7749,4359,41,1,147587.31,0.0019,103989.24
7750,4359,6,1,481490.51,0.08,287532.4
7751,4360,9,3,202811.68,0.0499,138674.17
7752,4360,6,3,478412.39,0.0256,284202.99
7753,4360,42,1,57521.82,0.0735,36920.87
7754,4361,36,1,110367.21,0.1223,111429.94
7755,4362,33,1,165542.97,0.0559,136649.96
7756,4363,30,1,305252.39,0.0594,207060.31
7757,4363,46,1,128294.51,0.025,96228.16
7758,4364,14,1,481895.11,0.0487,380780.37
7759,4365,32,3,224496.8,0.0008,233894.04
7760,4365,46,2,132999.03,0.0736,105580.65
7761,4366,40,2,144338.7,0.0906,132663.16
7762,4366,33,1,167307.5,0.0222,140848.86
7763,4367,10,1,82330.89,0.0578,57832.32
7764,4367,46,1,127265.69,0.0308,94420.95
7765,4367,25,2,1446608.52,0.0743,1197419.12
7766,4368,46,1,124743.77,0.0181,90863.32
7767,4368,44,1,89167.38,0.0654,68158.04
7768,4369,46,3,134114.1,0.0024,107743.99
7769,4370,4,1,176859.36,0.1545,150967.36
7770,4370,34,1,34661.36,0.0943,29625.07
7771,4370,29,2,120448.39,0.1412,112069.53
7772,4370,28,1,381797.43,0.0602,324685.21
7773,4371,33,2,163691.77,0.0814,132201.07
7774,4372,32,2,221986.35,0.1268,226279.2
7775,4373,38,1,67629.41,0.1227,52374.62
7776,4374,21,1,1351034.39,0.0894,1136152.63
7777,4375,29,1,123108.92,0.0757,119400.43
7778,4376,31,1,443717.29,0.0128,371030.68
7779,4376,41,1,160234.08,0.0087,128771.36
7780,4377,3,3,150104.9,0.1041,166739.34
7781,4377,45,1,146296.17,0.0287,128606.71
7782,4378,31,1,439037.58,0.0534,359969.74
7783,4379,36,2,110367.21,0.1643,111429.94
7784,4380,46,1,134114.1,0.127,107743.99
7785,4380,34,1,35353.44,0.0168,31274.68
7786,4381,34,1,32563.1,0.0283,25255.85
7787,4382,46,1,134114.1,0.1358,107743.99
7788,4383,5,1,230291.53,0.0904,169800.76
7789,4384,25,2,1406697.27,0.0199,1131113.06
7790,4385,47,1,99095.3,0.1279,99407.42
7791,4386,46,1,127265.69,0.0977,94420.95
7792,4387,34,4,33238.58,0.0942,26305.33
7793,4387,10,1,82330.89,0.0268,57832.32
7794,4388,23,1,350833.6,0.086,283913.6
7795,4388,46,1,128294.51,0.0896,96228.16
7796,4389,40,1,131252.11,0.0036,104665.41
7797,4389,21,3,1290668.25,0.0692,1025940.21
7798,4390,7,1,115194.46,0.0023,81633.36
7799,4390,41,1,148551.65,0.006,105254.26
7800,4391,36,1,110367.21,0.0492,111429.94
7801,4392,47,4,92171.68,0.0165,83832.88
7802,4392,28,1,356806.01,0.0793,270466.42
7803,4393,31,1,443717.29,0.0505,371030.68
7804,4393,29,1,123108.92,0.0246,119400.43
7805,4393,34,1,35353.44,0.0539,31274.68
7806,4394,30,1,323696.74,0.1163,246957.53
7807,4394,7,1,127310.24,0.0937,111114.39
7808,4395,30,1,312898.27,0.0351,223426.51
7809,4396,10,1,83313.43,0.0841,59941.17
7810,4397,46,1,131854.01,0.0162,103324.06
7811,4398,29,1,120448.39,0.0766,112069.53
7812,4399,34,1,35014.36,0.1258,30472.05
7813,4400,44,1,94249.8,0.1188,77505.04
7814,4401,10,1,84557.63,0.1191,62936.13
7815,4401,33,2,159661.09,0.0841,122413.6
7816,4401,46,1,129447.11,0.1214,98459.68
7817,4402,33,1,152976.96,0.0206,110124.98
7818,4403,34,1,34289.87,0.1474,28719.96
7819,4404,46,1,134114.1,0.0078,107743.99
7820,4404,47,1,99095.3,0.085,99407.42
7821,4404,30,1,323696.74,0.1024,246957.53
7822,4405,38,1,66230.07,0.0338,49363.18
7823,4405,35,1,122804.83,0.0983,103427.54
7824,4406,21,3,1351034.39,0.1273,1136152.63
7825,4406,29,1,116094.14,0.1065,100110.69
7826,4406,46,1,128294.51,0.136,96228.16
7827,4407,30,1,312898.27,0.1685,223426.51
7828,4408,46,2,134114.1,0.025,107743.99
7829,4408,49,2,128406.07,0.1071,87970.5
7830,4409,30,1,312898.27,0.153,223426.51
7831,4410,7,1,120123.26,0.0981,91903.93
7832,4411,47,1,91582.44,0.0179,82862.15
7833,4411,13,2,838091.97,0.0216,667387.0
7834,4412,41,3,150648.82,0.0163,108310.4
7835,4413,5,1,236520.52,0.0752,184792.85
7836,4414,29,2,120448.39,0.1222,112069.53
7837,4415,11,1,662260.19,0.0414,609407.51
7838,4416,30,2,316701.25,0.0414,231794.93
7839,4417,47,1,96549.25,0.1655,93132.04
7840,4418,23,1,375843.56,0.0132,354073.6
7841,4419,7,1,116004.74,0.0138,82810.1
7842,4419,35,2,118173.09,0.0289,93261.6
7843,4419,47,1,93383.83,0.0402,85900.19
7844,4420,29,3,117482.51,0.0658,103772.48
7845,4421,46,3,132999.03,0.0669,105580.65
7846,4422,5,1,236520.52,0.1483,184792.85
7847,4423,46,1,134114.1,0.0526,107743.99
7848,4423,45,2,146296.17,0.0849,128606.71
7849,4424,46,1,129447.11,0.1387,98459.68
7850,4425,34,2,32775.87,0.077,25563.08
7851,4425,46,2,125553.86,0.0038,91952.31
7852,4425,23,1,341729.92,0.0729,265701.25
7853,4425,36,1,104363.5,0.0654,96151.43
7854,4426,41,1,145706.32,0.0284,101594.95
7855,4426,21,1,1290668.25,0.0039,1025940.21
7856,4426,46,2,123153.92,0.0059,88771.24
7857,4427,46,1,130668.32,0.1588,100942.33
7858,4427,32,1,219320.72,0.1073,218109.91
7859,4427,44,1,93402.27,0.006,75718.47
7860,4428,30,3,323696.74,0.0017,246957.53
7861,4428,47,1,99095.3,0.1112,99407.42
7862,4429,1,1,338701.37,0.0062,281642.36
7863,4429,33,1,155031.88,0.0188,112981.13
7864,4429,6,1,488094.02,0.0313,295356.64
7865,4430,44,1,92529.34,0.0259,73856.19
7866,4431,32,1,219320.72,0.0479,218109.91
7867,4432,46,1,134114.1,0.1286,107743.99
7868,4433,46,2,132999.03,0.0806,105580.65
7869,4434,25,2,1397704.4,0.0035,1118015.6
7870,4434,46,1,123153.92,0.0261,88771.24
7871,4435,41,1,160234.08,0.1069,128771.36
7872,4436,29,3,116094.14,0.0255,100110.69
7873,4437,21,3,1325154.46,0.0005,1078311.15
7874,4438,10,1,81088.13,0.0099,55902.81
7875,4438,2,1,432228.79,0.0362,290948.83
7876,4438,29,1,113303.04,0.0086,94503.44
7877,4438,28,1,359148.1,0.0026,273793.14
7878,4439,47,2,96549.25,0.078,93132.04
7879,4440,1,1,336335.57,0.0053,277640.2
7880,4440,46,1,125553.86,0.0677,91952.31
7881,4440,44,3,89746.43,0.045,68974.9
7882,4441,45,1,134340.44,0.0534,105960.22
7883,4442,32,2,213961.47,0.0883,202133.16
7884,4443,10,1,80553.74,0.0617,55206.38
7885,4443,46,1,124743.77,0.0402,90863.32
7886,4443,40,1,132946.5,0.0486,107132.07
7887,4444,46,2,132999.03,0.1239,105580.65
7888,4445,28,1,386115.19,0.1535,335611.65
7889,4446,30,2,299946.59,0.0418,198095.61
7890,4447,25,1,1446608.52,0.0657,1197419.12
7891,4447,34,1,33238.58,0.0756,26305.33
7892,4447,40,1,135704.3,0.0731,111583.82
7893,4448,23,1,375843.56,0.0464,354073.6
7894,4449,7,2,115194.46,0.067,81633.36
7895,4450,1,3,329860.7,0.0125,267868.54
7896,4450,11,1,649510.86,0.0235,587959.18
7897,4451,10,1,82330.89,0.0708,57832.32
7898,4452,4,1,166875.54,0.058,124871.41
7899,4453,32,1,224496.8,0.0098,233894.04
7900,4454,41,1,158697.25,0.1445,125466.58
7901,4454,46,1,132999.03,0.0388,105580.65
7902,4454,31,1,439037.58,0.1181,359969.74
7903,4455,5,1,217291.42,0.0117,140449.29
7904,4455,40,1,135704.3,0.04,111583.82
7905,4455,23,2,346884.65,0.0476,274580.63
7906,4455,10,1,82330.89,0.0935,57832.32
7907,4456,30,1,305252.39,0.0975,207060.31
7908,4457,47,1,98271.39,0.015,97411.47
7909,4458,29,2,117482.51,0.024,103772.48
7910,4458,47,1,95646.92,0.1114,90841.48
7911,4458,21,1,1370062.4,0.0781,1188574.62
7912,4459,6,1,492113.0,0.0865,301209.11
7913,4459,7,2,116959.93,0.0007,84450.98
7914,4460,46,1,132999.03,0.1509,105580.65
7915,4460,34,1,35014.36,0.1188,30472.05
7916,4461,34,1,32354.93,0.0285,24963.41
7917,4461,47,1,91582.44,0.0466,82862.15
7918,4461,33,1,151998.99,0.0794,108849.81
7919,4462,7,1,118355.73,0.0935,87530.48
7920,4462,37,1,149955.01,0.1256,129698.02
7921,4463,28,1,381797.43,0.0086,324685.21
7922,4464,36,1,109184.31,0.0441,108025.52
7923,4464,46,1,130668.32,0.0583,100942.33
7924,4464,34,1,34289.87,0.1233,28719.96
7925,4464,31,1,428914.96,0.1018,335677.51
7926,4465,34,1,32148.09,0.0256,24674.35
7927,4466,6,1,478412.39,0.0301,284202.99
7928,4466,23,1,337314.27,0.035,259375.96
7929,4467,29,1,114943.66,0.0639,97402.66
7930,4468,10,1,82330.89,0.0591,57832.32
7931,4469,1,1,329860.7,0.0055,267868.54
7932,4469,34,1,32148.09,0.033,24674.35
7933,4469,27,1,190700.98,0.0668,166896.86
7934,4469,49,1,117912.37,0.0197,72479.68
7935,4470,7,1,127310.24,0.0194,111114.39
7936,4470,20,1,701935.12,0.0121,710474.9
7937,4470,46,2,134114.1,0.0494,107743.99
7938,4471,8,1,246897.0,0.0432,244075.39
7939,4471,46,1,129447.11,0.0946,98459.68
7940,4472,36,1,103686.01,0.0253,94995.82
7941,4472,33,3,152976.96,0.0189,110124.98
7942,4472,23,1,339484.56,0.0461,262414.53
7943,4473,32,1,224496.8,0.1394,233894.04
7944,4474,45,1,137864.22,0.0243,111131.95
7945,4474,2,2,435269.1,0.0645,295142.83
7946,4475,46,1,132999.03,0.1341,105580.65
7947,4476,46,1,129447.11,0.0663,98459.68
7948,4477,41,1,153656.7,0.1461,114340.34
7949,4478,6,1,513728.96,0.0313,346382.01
7950,4479,36,1,104363.5,0.0011,96151.43
7951,4480,45,1,146296.17,0.0435,128606.71
7952,4481,4,1,176859.36,0.1464,150967.36
7953,4481,46,1,131854.01,0.0459,103324.06
7954,4481,22,1,1118472.57,0.0007,772758.72
7955,4481,47,1,97425.34,0.0264,95329.48
7956,4482,6,1,505422.83,0.1249,327791.35
7957,4483,29,1,120448.39,0.1527,112069.53
7958,4484,41,1,160234.08,0.1472,128771.36
7959,4485,21,1,1391207.99,0.196,1250635.94
7960,4486,8,1,240395.2,0.0492,224282.09
7961,4487,1,4,338701.37,0.0037,281642.36
7962,4488,45,1,137864.22,0.0407,111131.95
7963,4489,1,4,334119.02,0.0702,274181.42
7964,4489,34,1,32563.1,0.0441,25255.85
7965,4490,36,1,111491.19,0.0279,114615.71
7966,4491,29,1,112564.16,0.0599,93355.17
7967,4491,23,1,339484.56,0.0741,262414.53
7968,4492,30,2,320282.83,0.1068,239595.39
7969,4493,47,2,94035.09,0.0739,87115.24
7970,4493,42,1,59092.81,0.0513,38905.57
7971,4493,46,1,127265.69,0.002,94420.95
7972,4493,37,2,148590.35,0.024,126647.1
7973,4494,45,1,137864.22,0.0174,111131.95
7974,4495,47,1,97425.34,0.0152,95329.48
7975,4496,33,1,167307.5,0.1485,140848.86
7976,4497,46,1,129447.11,0.0474,98459.68
7977,4497,2,1,450722.47,0.1647,327554.07
7978,4497,7,1,120123.26,0.111,91903.93
7979,4498,33,2,159661.09,0.1508,122413.6
7980,4498,32,2,216520.24,0.1597,209526.67
7981,4498,34,2,33902.23,0.0671,27769.82
7982,4499,33,1,157774.26,0.0541,118094.02
7983,4499,46,1,128294.51,0.1003,96228.16
7984,4499,23,1,350833.6,0.1207,283913.6
7985,4499,21,1,1351034.39,0.1325,1136152.63
7986,4500,44,1,94249.8,0.1592,77505.04
7987,4501,41,2,155413.61,0.0593,118252.49
7988,4502,46,1,132999.03,0.0118,105580.65
7989,4502,30,3,320282.83,0.0282,239595.39
7990,4502,3,3,148188.23,0.1401,160177.67
7991,4503,47,1,99095.3,0.0116,99407.42
7992,4504,2,1,438853.12,0.0609,300991.06
7993,4505,34,1,32996.58,0.0287,25897.06
7994,4505,19,1,1511104.45,0.0149,1357975.23
7995,4505,25,2,1435050.58,0.0352,1175086.69
7996,4505,46,3,126384.28,0.0549,93104.0
7997,4506,29,2,116094.14,0.1225,100110.69
7998,4507,23,1,366451.41,0.0774,327321.33
7999,4507,46,1,131854.01,0.0721,103324.06
8000,4508,5,1,226835.9,0.0024,161512.74
8001,4509,12,1,1018193.43,0.0106,688320.74
8002,4510,34,2,32148.09,0.0776,24674.35
8003,4511,25,1,1435050.58,0.0723,1175086.69
8004,4511,33,1,155031.88,0.0081,112981.13
8005,4512,22,1,1050292.39,0.0696,636155.42
8006,4513,33,1,163691.77,0.092,132201.07
8007,4513,32,1,221986.35,0.0837,226279.2
8008,4513,46,2,131854.01,0.0729,103324.06
8009,4514,4,1,179323.73,0.0875,157831.08
8010,4515,47,1,95646.92,0.1381,90841.48
8011,4516,32,1,224496.8,0.1467,233894.04
8012,4517,25,1,1463076.75,0.091,1238119.29
8013,4517,38,2,64789.15,0.0213,46302.15
8014,4517,28,2,367995.32,0.0263,290038.35
8015,4518,37,1,154950.79,0.1377,142630.0
8016,4518,46,1,131854.01,0.0703,103324.06
8017,4519,46,1,134114.1,0.1556,107743.99
8018,4520,34,1,33902.23,0.1232,27769.82
8019,4521,41,1,145706.32,0.0115,101594.95
8020,4522,23,3,346884.65,0.0839,274580.63
8021,4522,41,4,150648.82,0.0587,108310.4
8022,4523,10,1,83313.43,0.0615,59941.17
8023,4523,2,1,444090.41,0.0069,311966.68
8024,4523,32,2,213961.47,0.0036,202133.16
8025,4523,41,2,152032.38,0.0594,110919.59
8026,4524,5,1,211241.95,0.0277,132519.59
8027,4525,3,1,148188.23,0.0924,160177.67
8028,4525,41,1,158697.25,0.0665,125466.58
8029,4525,34,1,35014.36,0.1295,30472.05
8030,4526,47,1,98271.39,0.1189,97411.47
8031,4527,11,2,662260.19,0.063,609407.51
8032,4528,7,1,115194.46,0.0605,81633.36
8033,4529,1,1,350726.29,0.0521,312571.03
8034,4530,26,1,141063.02,0.0086,95089.17
8035,4530,6,1,481490.51,0.0144,287532.4
8036,4530,41,1,147587.31,0.0396,103989.24
8037,4530,2,1,429380.27,0.0673,287324.26
8038,4531,46,1,124743.77,0.0711,90863.32
8039,4531,33,1,152976.96,0.0514,110124.98
8040,4531,36,1,103686.01,0.0042,94995.82
8041,4532,6,1,478412.39,0.0601,284202.99
8042,4533,7,1,127310.24,0.1466,111114.39
8043,4534,32,1,224496.8,0.0161,233894.04
8044,4534,34,2,35014.36,0.0184,30472.05
8045,4535,35,1,125399.49,0.068,109737.22
8046,4536,21,1,1307330.08,0.0654,1050118.61
8047,4536,12,1,1011483.22,0.0489,679745.8
8048,4536,47,4,92171.68,0.0466,83832.88
8049,4537,11,1,672409.98,0.0822,630441.49
8050,4537,7,2,116959.93,0.0984,84450.98
8051,4537,21,3,1335827.3,0.0217,1098804.36
8052,4538,30,2,323696.74,0.1012,246957.53
8053,4539,33,1,163691.77,0.0653,132201.07
8054,4540,34,2,32563.1,0.0358,25255.85
8055,4540,38,1,62894.86,0.0507,43409.15
8056,4541,21,1,1411177.43,0.1723,1309859.7
8057,4541,6,1,521555.13,0.1645,364156.58
8058,4541,46,2,131854.01,0.1785,103324.06
8059,4542,10,1,81658.51,0.0785,56708.64
8060,4542,19,2,1511104.45,0.0141,1357975.23
8061,4542,27,1,195757.56,0.0319,175260.7
8062,4543,41,1,153656.7,0.0959,114340.34
8063,4543,10,1,84557.63,0.0793,62936.13
8064,4544,46,1,132999.03,0.1686,105580.65
8065,4545,31,1,434128.01,0.1102,348250.28
8066,4545,49,1,126242.17,0.0241,84361.73
8067,4546,29,1,123108.92,0.0799,119400.43
8068,4546,45,1,146296.17,0.0303,128606.71
8069,4546,32,1,226889.72,0.0304,241081.0
8070,4546,46,1,134114.1,0.0315,107743.99
8071,4547,34,1,34289.87,0.1796,28719.96
8072,4547,46,2,130668.32,0.1406,100942.33
8073,4547,33,1,161726.15,0.1231,127428.26
8074,4548,29,1,121810.54,0.1075,115840.94
8075,4549,29,1,119002.03,0.0705,108023.51
8076,4550,49,1,123937.72,0.1797,80390.08
8077,4551,46,2,123946.3,0.0381,89811.19
8078,4551,9,1,202811.68,0.0581,138674.17
8079,4552,28,1,381797.43,0.1305,324685.21
8080,4553,7,1,127310.24,0.1519,111114.39
8081,4553,27,1,211257.89,0.0194,218490.2
8082,4553,29,1,123108.92,0.136,119400.43
8083,4554,46,1,132999.03,0.0932,105580.65
8084,4555,5,1,217291.42,0.0204,140449.29
8085,4555,46,1,127265.69,0.0448,94420.95
8086,4556,47,2,98271.39,0.0278,97411.47
8087,4556,29,1,121810.54,0.0707,115840.94
8088,4557,34,1,34661.36,0.0519,29625.07
8089,4558,32,3,213961.47,0.0154,202133.16
8090,4558,10,1,83313.43,0.0049,59941.17
8091,4558,39,1,148261.05,0.1398,136824.85
8092,4559,34,1,32354.93,0.0536,24963.41
8093,4559,6,2,478412.39,0.0697,284202.99
8094,4560,46,2,131854.01,0.1584,103324.06
8095,4561,23,1,335157.85,0.0089,256372.58
8096,4561,11,1,649510.86,0.0392,587959.18
8097,4562,49,2,122834.17,0.0724,78568.09
8098,4562,7,2,118355.73,0.1118,87530.48
8099,4562,4,1,168867.04,0.0322,129424.83
8100,4563,29,1,120448.39,0.0013,112069.53
8101,4564,23,2,335157.85,0.0027,256372.58
8102,4565,33,4,163691.77,0.1476,132201.07
8103,4566,41,1,160234.08,0.1014,128771.36
8104,4566,32,1,226889.72,0.0986,241081.0
8105,4567,36,1,110367.21,0.1834,111429.94
8106,4568,3,1,148188.23,0.0762,160177.67
8107,4569,32,1,224496.8,0.137,233894.04
8108,4570,47,1,97425.34,0.1223,95329.48
8109,4571,45,4,141205.26,0.0316,117524.66
8110,4571,44,1,92529.34,0.0306,73856.19
8111,4572,30,1,316701.25,0.1582,231794.93
8112,4572,34,4,34661.36,0.1021,29625.07
8113,4573,46,1,134114.1,0.0057,107743.99
8114,4574,46,1,127265.69,0.0602,94420.95
8115,4574,36,1,105836.84,0.0008,98943.27
8116,4574,28,1,364348.55,0.0561,282192.71
8117,4575,7,1,122097.37,0.1344,97116.25
8118,4576,7,2,120123.26,0.1032,91903.93
8119,4576,1,2,350726.29,0.0662,312571.03
8120,4576,29,1,117482.51,0.0734,103772.48
8121,4577,1,2,334119.02,0.0237,274181.42
8122,4578,33,1,167307.5,0.1375,140848.86
8123,4579,36,1,111491.19,0.1509,114615.71
8124,4580,34,3,32354.93,0.0719,24963.41
8125,4581,30,2,299946.59,0.0864,198095.61
8126,4582,10,1,81658.51,0.0744,56708.64
8127,4582,29,1,114076.22,0.0224,95776.39
8128,4583,49,1,125106.95,0.149,82417.11
8129,4583,34,1,34289.87,0.1519,28719.96
8130,4584,46,1,129447.11,0.0579,98459.68
8131,4585,30,1,308902.92,0.0588,214634.04
8132,4586,34,1,33238.58,0.0469,26305.33
8133,4586,28,1,364348.55,0.1012,282192.71
8134,4586,35,2,119039.77,0.0715,94731.86
8135,4586,46,1,127265.69,0.0479,94420.95
8136,4587,29,1,116094.14,0.0503,100110.69
8137,4588,46,1,131854.01,0.0749,103324.06
8138,4588,40,1,141513.15,0.0309,125665.73
8139,4589,1,1,341490.25,0.0554,287223.08
8140,4590,1,1,350726.29,0.0911,312571.03
8141,4591,46,1,132999.03,0.0154,105580.65
8142,4592,45,1,143830.78,0.0991,123330.94
8143,4593,47,1,92770.25,0.0183,84837.61
8144,4593,18,1,1090909.15,0.003,850563.25
8145,4593,42,1,58270.19,0.0357,37807.79
8146,4594,44,2,89746.43,0.0318,68974.9
8147,4595,46,1,131854.01,0.1122,103324.06
8148,4596,45,1,142537.4,0.0136,120488.04
8149,4596,21,1,1391207.99,0.0707,1250635.94
8150,4597,44,1,93402.27,0.0367,75718.47
8151,4597,38,1,66230.07,0.0559,49363.18
8152,4597,32,1,219320.72,0.1842,218109.91
8153,4597,28,1,377212.77,0.1063,312963.2
8154,4598,46,1,127265.69,0.0252,94420.95
8155,4599,20,1,693417.16,0.1679,684438.9
8156,4600,33,2,163691.77,0.0121,132201.07
8157,4601,37,1,156528.81,0.1231,146707.78
8158,4602,47,1,94035.09,0.0391,87115.24
8159,4603,38,1,65481.36,0.0392,47730.1
8160,4604,30,1,312898.27,0.0,223426.51
8161,4605,7,2,127310.24,0.0082,111114.39
8162,4605,30,1,323696.74,0.0645,246957.53
8163,4606,30,1,316701.25,0.1136,231794.93
8164,4607,46,2,130668.32,0.0574,100942.33
8165,4608,32,1,219320.72,0.0338,218109.91
8166,4609,7,1,125684.63,0.1213,106741.72
8167,4609,46,2,132999.03,0.0857,105580.65
8168,4609,4,1,179323.73,0.0469,157831.08
8169,4610,3,1,150104.9,0.0413,166739.34
8170,4611,32,1,216520.24,0.0002,209526.67
8171,4612,7,1,127310.24,0.1222,111114.39
8172,4613,10,1,83313.43,0.1439,59941.17
8173,4614,49,2,126242.17,0.0945,84361.73
8174,4615,46,1,132999.03,0.1643,105580.65
8175,4616,46,1,132999.03,0.0871,105580.65
8176,4616,41,1,158697.25,0.0607,125466.58
8177,4616,6,1,528822.49,0.1568,380712.93
8178,4617,46,1,124743.77,0.0346,90863.32
8179,4618,34,1,35014.36,0.0461,30472.05
8180,4619,7,2,118355.73,0.0831,87530.48
8181,4620,30,1,320282.83,0.1132,239595.39
8182,4621,34,1,35353.44,0.1269,31274.68
8183,4622,4,1,179323.73,0.0446,157831.08
8184,4623,29,1,119002.03,0.189,108023.51
8185,4623,32,1,219320.72,0.0104,218109.91
8186,4624,34,1,34661.36,0.0601,29625.07
8187,4624,3,1,146151.75,0.0573,153211.91
8188,4625,35,1,126613.87,0.0172,112627.69
8189,4625,27,1,211257.89,0.1001,218490.2
8190,4626,37,2,153290.04,0.0126,138272.36
8191,4626,29,2,119002.03,0.0102,108023.51
8192,4627,28,1,354524.99,0.0145,267334.62
8193,4628,36,1,112570.88,0.1085,117634.68
8194,4628,40,3,144338.7,0.0619,132663.16
8195,4629,6,1,513728.96,0.1736,346382.01
8196,4630,33,1,152976.96,0.0658,110124.98
8197,4630,46,2,124743.77,0.0116,90863.32
8198,4630,11,2,657895.69,0.0139,601815.65
8199,4630,25,1,1415748.01,0.0703,1144363.96
8200,4631,46,1,129447.11,0.1472,98459.68
8201,4631,32,1,216520.24,0.0355,209526.67
8202,4632,47,2,94795.27,0.1301,88782.62
8203,4633,41,3,155413.61,0.1456,118252.49
8204,4634,35,1,122804.83,0.1699,103427.54
8205,4635,13,1,855052.43,0.0232,693578.85
8206,4636,36,3,110367.21,0.0661,111429.94
8207,4636,21,2,1411177.43,0.1015,1309859.7
8208,4637,27,2,193162.83,0.0437,170830.13
8209,4637,21,1,1307330.08,0.0013,1050118.61
8210,4638,43,1,152067.35,0.0136,113302.23
8211,4639,40,2,134716.29,0.0399,109852.02
8212,4639,46,2,126384.28,0.0866,93104.0
8213,4640,21,1,1370062.4,0.1534,1188574.62
8214,4641,46,1,128294.51,0.0761,96228.16
8215,4642,46,1,129447.11,0.0742,98459.68
8216,4643,46,1,129447.11,0.1275,98459.68
8217,4644,46,1,130668.32,0.0851,100942.33
8218,4644,29,1,119002.03,0.1111,108023.51
8219,4645,46,1,134114.1,0.0907,107743.99
8220,4645,36,1,112570.88,0.1321,117634.68
8221,4645,45,1,146296.17,0.1136,128606.71
8222,4646,10,1,82330.89,0.0407,57832.32
8223,4647,20,1,701935.12,0.0508,710474.9
8224,4648,30,1,316701.25,0.1352,231794.93
8225,4649,34,1,35014.36,0.0842,30472.05
8226,4649,33,1,165542.97,0.0604,136649.96
8227,4650,46,1,125553.86,0.0719,91952.31
8228,4651,4,1,181643.11,0.1139,164296.61
8229,4651,7,1,127310.24,0.0135,111114.39
8230,4652,30,1,323696.74,0.1117,246957.53
8231,4652,23,1,375843.56,0.1091,354073.6
8232,4653,28,1,367995.32,0.0048,290038.35
8233,4654,45,2,145079.82,0.1274,126024.48
8234,4655,49,1,122834.17,0.0671,78568.09
8235,4655,10,1,83313.43,0.0356,59941.17
8236,4656,29,2,121810.54,0.1542,115840.94
8237,4656,46,1,132999.03,0.0705,105580.65
8238,4657,21,2,1298972.45,0.0694,1037959.01
8239,4657,40,2,132096.59,0.0707,105891.55
8240,4657,34,1,32354.93,0.0544,24963.41
8241,4658,46,2,128294.51,0.0918,96228.16
8242,4659,1,1,338701.37,0.0128,281642.36
8243,4660,48,1,231296.61,0.0387,169252.02
8244,4661,47,1,94795.27,0.0374,88782.62
8245,4662,1,1,338701.37,0.0539,281642.36
8246,4663,29,4,112564.16,0.0096,93355.17
8247,4663,25,3,1415748.01,0.0313,1144363.96
8248,4664,19,1,1540615.94,0.0182,1430818.12
8249,4665,49,2,126242.17,0.1625,84361.73
8250,4666,26,2,152650.38,0.1059,117992.59
8251,4666,29,1,121810.54,0.1487,115840.94
8252,4666,3,1,148188.23,0.0274,160177.67
8253,4667,34,1,32563.1,0.0477,25255.85
8254,4667,46,3,124743.77,0.0522,90863.32
8255,4668,40,2,139996.43,0.0258,121826.39
8256,4668,41,1,155413.61,0.0769,118252.49
8257,4668,7,2,122097.37,0.046,97116.25
8258,4669,45,1,143830.78,0.1385,123330.94
8259,4669,33,1,163691.77,0.0444,132201.07
8260,4670,30,1,305252.39,0.0423,207060.31
8261,4671,34,1,32354.93,0.0529,24963.41
8262,4671,47,3,91582.44,0.0486,82862.15
8263,4671,43,1,141948.49,0.0664,95473.52
8264,4672,42,1,62249.86,0.0659,45068.15
8265,4673,30,1,308902.92,0.1016,214634.04
8266,4674,6,1,513728.96,0.0868,346382.01
8267,4675,34,1,33902.23,0.0639,27769.82
8268,4676,34,2,32563.1,0.0238,25255.85
8269,4676,36,3,103686.01,0.021,94995.82
8270,4677,37,1,154950.79,0.1234,142630.0
8271,4677,30,1,316701.25,0.1056,231794.93
8272,4678,10,1,83313.43,0.1119,59941.17
8273,4679,2,1,423907.85,0.0282,280708.77
8274,4679,40,1,131252.11,0.0072,104665.41
8275,4679,47,1,90996.96,0.0235,81902.67
8276,4680,29,1,114076.22,0.0691,95776.39
8277,4680,34,2,32996.58,0.0512,25897.06
8278,4681,44,3,95068.27,0.0968,79197.74
8279,4682,23,2,361265.79,0.0143,312521.88
8280,4683,18,1,1076791.61,0.0656,830240.93
8281,4683,19,2,1481248.49,0.0403,1307157.62
8282,4684,47,2,95646.92,0.088,90841.48
8283,4685,4,1,181643.11,0.1409,164296.61
8284,4685,34,1,35353.44,0.0673,31274.68
8285,4685,32,1,226889.72,0.0467,241081.0
8286,4686,41,1,155413.61,0.0843,118252.49
8287,4686,28,1,377212.77,0.0573,312963.2
8288,4687,47,1,97425.34,0.1688,95329.48
8289,4688,31,2,428914.96,0.1374,335677.51
8290,4689,47,2,97425.34,0.0162,95329.48
8291,4690,36,1,109184.31,0.1075,108025.52
8292,4691,30,1,308902.92,0.1705,214634.04
8293,4692,45,1,145079.82,0.102,126024.48
8294,4692,35,2,125399.49,0.0459,109737.22
8295,4693,20,1,693417.16,0.0841,684438.9
8296,4694,36,1,106808.85,0.0663,101326.8
8297,4694,33,2,157774.26,0.0926,118094.02
8298,4695,35,1,125399.49,0.0531,109737.22
8299,4696,45,2,146296.17,0.1225,128606.71
8300,4697,40,1,142954.33,0.1305,129258.51
8301,4698,32,1,226889.72,0.0185,241081.0
8302,4699,20,1,638223.6,0.028,533149.23
8303,4700,29,3,119002.03,0.0414,108023.51
8304,4701,36,1,109184.31,0.0932,108025.52
8305,4702,23,1,335157.85,0.0083,256372.58
8306,4702,6,2,475353.95,0.0636,280912.13
8307,4703,46,1,132999.03,0.0897,105580.65
8308,4704,9,1,206915.98,0.0678,144116.49
8309,4705,26,2,149130.81,0.1348,110029.97
8310,4706,46,1,132999.03,0.1044,105580.65
8311,4707,45,1,142537.4,0.1062,120488.04
8312,4708,40,1,134716.29,0.0061,109852.02
8313,4708,21,3,1325154.46,0.0606,1078311.15
8314,4709,34,1,33902.23,0.0725,27769.82
8315,4710,46,1,128294.51,0.1079,96228.16
8316,4710,21,1,1351034.39,0.1286,1136152.63
8317,4710,5,2,219884.58,0.0821,145570.77
8318,4710,10,3,83313.43,0.1332,59941.17
8319,4711,46,1,125553.86,0.0557,91952.31
8320,4712,30,1,316701.25,0.0071,231794.93
8321,4712,34,1,34661.36,0.0361,29625.07
8322,4712,35,1,124135.3,0.0714,106687.05
8323,4713,47,3,94795.27,0.0709,88782.62
8324,4714,19,1,1490778.89,0.0261,1322470.86
8325,4715,34,1,35353.44,0.1171,31274.68
8326,4715,47,2,99095.3,0.0572,99407.42
8327,4716,27,1,211257.89,0.1017,218490.2
8328,4716,36,1,112570.88,0.0337,117634.68
8329,4716,7,1,127310.24,0.0073,111114.39
8330,4716,29,1,123108.92,0.046,119400.43
8331,4717,7,1,123957.4,0.0895,102099.76
8332,4718,30,1,323696.74,0.0107,246957.53
8333,4718,27,1,211257.89,0.0957,218490.2
8334,4719,46,1,131854.01,0.0386,103324.06
8335,4720,34,1,35014.36,0.0668,30472.05
8336,4720,32,1,224496.8,0.1393,233894.04
8337,4721,36,3,106808.85,0.1376,101326.8
8338,4722,47,1,97425.34,0.1126,95329.48
8339,4722,30,1,316701.25,0.0989,231794.93
8340,4722,7,1,123957.4,0.0089,102099.76
8341,4722,14,1,475272.65,0.1793,364221.09
8342,4723,46,1,131854.01,0.1741,103324.06
8343,4724,46,2,129447.11,0.1557,98459.68
8344,4725,32,1,216520.24,0.1275,209526.67
8345,4726,23,1,366451.41,0.1286,327321.33
8346,4727,34,1,33902.23,0.101,27769.82
8347,4728,34,2,32563.1,0.0324,25255.85
8348,4729,32,1,221986.35,0.0745,226279.2
8349,4730,7,1,127310.24,0.0398,111114.39
8350,4731,20,1,634030.11,0.0418,526554.19
8351,4732,34,1,32996.58,0.0758,25897.06
8352,4732,47,1,93383.83,0.0535,85900.19
8353,4733,8,1,240395.2,0.0504,224282.09
8354,4733,46,1,127265.69,0.0194,94420.95
8355,4733,28,1,364348.55,0.0798,282192.71
8356,4734,36,1,103686.01,0.0612,94995.82
8357,4734,46,2,124743.77,0.0276,90863.32
8358,4735,36,1,109184.31,0.0686,108025.52
8359,4736,2,1,423907.85,0.0234,280708.77
8360,4736,21,1,1290668.25,0.0749,1025940.21
8361,4737,45,1,136074.7,0.0451,108457.4
8362,4737,33,1,152976.96,0.052,110124.98
8363,4737,21,1,1307330.08,0.049,1050118.61
8364,4738,34,1,32563.1,0.0486,25255.85
8365,4738,21,1,1307330.08,0.0165,1050118.61
8366,4738,46,2,124743.77,0.0444,90863.32
8367,4739,33,1,163691.77,0.0823,132201.07
8368,4739,30,4,316701.25,0.1279,231794.93
8369,4740,33,1,163691.77,0.0174,132201.07
8370,4740,47,3,97425.34,0.0196,95329.48
8371,4741,21,1,1370062.4,0.0311,1188574.62
8372,4741,29,1,117482.51,0.0933,103772.48
8373,4741,5,2,223168.35,0.1767,152844.2
8374,4741,6,1,505422.83,0.0037,327791.35
8375,4742,1,2,338701.37,0.0347,281642.36
8376,4742,7,1,116004.74,0.0267,82810.1
8377,4743,36,1,102364.54,0.0595,92808.59
8378,4743,18,1,1069907.79,0.0674,820627.35
8379,4744,25,1,1463076.75,0.0863,1238119.29
8380,4745,36,1,104363.5,0.0781,96151.43
8381,4745,1,2,336335.57,0.0179,277640.2
8382,4746,28,1,386115.19,0.128,335611.65
8383,4746,49,2,127338.46,0.121,86204.18
8384,4747,33,2,153981.1,0.0573,111479.51
8385,4748,37,1,151557.13,0.1676,133697.89
8386,4749,29,2,112564.16,0.0332,93355.17
8387,4749,47,2,92171.68,0.0273,83832.88
8388,4750,14,1,460571.92,0.129,327849.42
8389,4750,5,1,223168.35,0.1272,152844.2
8390,4751,46,1,132999.03,0.0811,105580.65
8391,4752,1,1,356490.13,0.06,330298.47
8392,4752,35,2,122804.83,0.1558,103427.54
8393,4752,31,1,428914.96,0.1207,335677.51
8394,4753,41,1,155413.61,0.1612,118252.49
8395,4754,30,1,299946.59,0.0613,198095.61
8396,4755,33,1,157774.26,0.0574,118094.02
8397,4755,8,1,243264.08,0.1138,232460.52
8398,4755,21,3,1351034.39,0.0001,1136152.63
8399,4756,45,1,143830.78,0.1461,123330.94
8400,4757,1,3,334119.02,0.0124,274181.42
8401,4758,34,1,32148.09,0.0446,24674.35
8402,4758,31,2,400540.42,0.0165,283417.08
8403,4758,25,1,1397704.4,0.0086,1118015.6
8404,4759,29,1,117482.51,0.0939,103772.48
8405,4760,46,2,134114.1,0.011,107743.99
8406,4760,32,1,226889.72,0.1217,241081.0
8407,4761,4,1,165512.7,0.0342,122445.16
8408,4761,47,1,93383.83,0.0044,85900.19
8409,4762,7,1,120123.26,0.172,91903.93
8410,4762,46,2,129447.11,0.1304,98459.68
8411,4763,1,1,329860.7,0.038,267868.54
8412,4764,32,2,221986.35,0.0229,226279.2
8413,4765,34,1,35353.44,0.1274,31274.68
8414,4765,5,1,236520.52,0.0995,184792.85
8415,4766,45,1,141205.26,0.0191,117524.66
8416,4766,27,1,201602.83,0.086,189892.71
8417,4766,34,1,33902.23,0.015,27769.82
8418,4767,46,1,129447.11,0.0883,98459.68
8419,4768,36,1,111491.19,0.1196,114615.71
8420,4768,33,1,165542.97,0.1041,136649.96
8421,4769,32,1,219320.72,0.1895,218109.91
8422,4770,2,1,432228.79,0.079,290948.83
8423,4770,46,1,125553.86,0.0365,91952.31
8424,4770,33,2,153981.1,0.0255,111479.51
8425,4771,34,1,33543.84,0.0684,26939.02
8426,4772,33,1,165542.97,0.1563,136649.96
8427,4773,32,1,224496.8,0.1291,233894.04
8428,4774,2,1,435269.1,0.0839,295142.83
8429,4775,27,1,206692.35,0.1669,205075.42
8430,4775,33,2,163691.77,0.1177,132201.07
8431,4775,29,1,120448.39,0.0404,112069.53
8432,4776,6,1,535662.3,0.1299,396308.8
8433,4777,30,1,299946.59,0.0253,198095.61
8434,4777,27,1,195757.56,0.0545,175260.7
8435,4778,33,1,165542.97,0.1252,136649.96
8436,4779,42,1,59092.81,0.0263,38905.57
8437,4780,35,1,121416.54,0.0966,100005.85
8438,4780,1,1,350726.29,0.0676,312571.03
8439,4780,45,1,141205.26,0.1191,117524.66
8440,4781,34,1,35014.36,0.006,30472.05
8441,4781,46,1,132999.03,0.1196,105580.65
8442,4782,5,2,209891.5,0.0751,130985.11
8443,4783,36,1,112570.88,0.1101,117634.68
8444,4784,29,2,121810.54,0.1476,115840.94
8445,4785,1,1,334119.02,0.0643,274181.42
8446,4785,29,1,112564.16,0.0213,93355.17
8447,4785,23,1,339484.56,0.0727,262414.53
8448,4786,3,2,146151.75,0.0296,153211.91
8449,4787,33,1,159661.09,0.0032,122413.6
8450,4787,28,4,372396.19,0.0134,300647.21
8451,4788,33,2,167307.5,0.1295,140848.86
8452,4789,1,1,341490.25,0.064,287223.08
8453,4790,25,1,1425111.81,0.0248,1158697.02
8454,4791,34,1,34661.36,0.0467,29625.07
8455,4792,28,1,356806.01,0.039,270466.42
8456,4793,44,2,95865.33,0.136,80820.5
8457,4794,49,1,125106.95,0.1445,82417.11
8458,4795,5,1,226835.9,0.0029,161512.74
8459,4795,33,1,161726.15,0.137,127428.26
8460,4795,46,3,130668.32,0.1501,100942.33
8461,4796,33,2,155031.88,0.0201,112981.13
8462,4796,48,2,235846.14,0.028,175457.43
8463,4797,35,1,118173.09,0.0582,93261.6
8464,4798,36,1,105066.29,0.0056,97407.65
8465,4798,4,1,165512.7,0.0189,122445.16
8466,4798,11,1,666918.55,0.0353,618192.07
8467,4799,33,2,153981.1,0.0586,111479.51
8468,4800,29,1,112564.16,0.0081,93355.17
8469,4801,46,2,132999.03,0.1123,105580.65
8470,4802,49,2,122834.17,0.0994,78568.09
8471,4803,28,1,381797.43,0.0321,324685.21
8472,4804,30,1,308902.92,0.1688,214634.04
8473,4805,46,1,132999.03,0.1593,105580.65
8474,4806,46,2,131854.01,0.0003,103324.06
8475,4807,46,1,134114.1,0.1214,107743.99
8476,4808,35,1,115134.31,0.0105,88858.3
8477,4809,49,1,123937.72,0.0581,80390.08
8478,4810,32,1,224496.8,0.1192,233894.04
8479,4811,6,1,488094.02,0.024,295356.64
8480,4812,19,2,1630414.16,0.1581,1719007.34
8481,4813,25,2,1425111.81,0.0558,1158697.02
8482,4814,46,2,132999.03,0.0796,105580.65
8483,4814,33,4,165542.97,0.165,136649.96
8484,4815,36,1,111491.19,0.1135,114615.71
8485,4816,32,1,219320.72,0.1029,218109.91
8486,4817,36,3,104363.5,0.0775,96151.43
8487,4818,11,2,649510.86,0.0309,587959.18
8488,4819,34,1,34289.87,0.1103,28719.96
8489,4820,24,2,1330174.89,0.108,1089265.42
8490,4821,32,1,216520.24,0.1756,209526.67
8491,4822,25,1,1435050.58,0.0759,1175086.69
8492,4823,33,3,153981.1,0.0033,111479.51
8493,4823,29,3,113303.04,0.0652,94503.44
8494,4824,49,1,125106.95,0.0104,82417.11
8495,4824,46,1,130668.32,0.0816,100942.33
8496,4825,30,1,316701.25,0.1106,231794.93
8497,4826,7,1,118355.73,0.0121,87530.48
8498,4827,7,1,127310.24,0.1196,111114.39
8499,4828,8,1,240395.2,0.0882,224282.09
8500,4828,10,1,82330.89,0.098,57832.32
8501,4828,46,3,127265.69,0.0609,94420.95
8502,4829,46,1,123153.92,0.0143,88771.24
8503,4830,28,1,377212.77,0.0964,312963.2
8504,4831,46,1,134114.1,0.0392,107743.99
8505,4832,46,1,131854.01,0.0569,103324.06
8506,4833,21,2,1325154.46,0.0058,1078311.15
8507,4833,46,1,126384.28,0.0494,93104.0
8508,4834,49,1,123937.72,0.0919,80390.08
8509,4834,47,1,95646.92,0.1462,90841.48
8510,4834,44,2,92529.34,0.0905,73856.19
8511,4835,32,2,224496.8,0.0213,233894.04
8512,4836,11,1,680434.54,0.101,653430.49
8513,4837,49,1,121849.14,0.0997,77092.54
8514,4837,11,1,672409.98,0.0098,630441.49
8515,4838,29,3,116094.14,0.0817,100110.69
8516,4838,20,1,655225.86,0.0786,569693.67
8517,4839,31,1,418434.13,0.0523,311088.82
8518,4840,9,1,224181.85,0.0514,185765.28
8519,4840,46,1,132999.03,0.0812,105580.65
8520,4840,34,1,35014.36,0.0534,30472.05
8521,4841,32,2,226889.72,0.0709,241081.0
8522,4842,25,1,1415748.01,0.046,1144363.96
8523,4842,34,2,32563.1,0.0504,25255.85
8524,4843,41,1,149552.0,0.0213,106629.4
8525,4844,46,1,128294.51,0.0058,96228.16
8526,4844,28,2,367995.32,0.0401,290038.35
8527,4845,46,1,123946.3,0.0797,89811.19
8528,4845,34,1,32354.93,0.0021,24963.41
8529,4845,36,1,103023.16,0.0066,93895.84
8530,4846,37,1,151557.13,0.0591,133697.89
8531,4847,28,1,356806.01,0.0292,270466.42
8532,4848,34,1,34661.36,0.1696,29625.07
8533,4849,44,1,95068.27,0.0067,79197.74
8534,4850,21,1,1351034.39,0.1349,1136152.63
8535,4851,44,2,88030.95,0.0614,66588.73
8536,4851,25,2,1397704.4,0.0014,1118015.6
8537,4851,34,2,32148.09,0.0142,24674.35
8538,4852,46,1,130668.32,0.0622,100942.33
8539,4853,1,1,350726.29,0.1263,312571.03
8540,4854,10,4,80553.74,0.0286,55206.38
8541,4854,33,2,152976.96,0.0669,110124.98
8542,4855,7,2,127310.24,0.0621,111114.39
8543,4856,28,1,381797.43,0.138,324685.21
8544,4857,44,1,92529.34,0.0905,73856.19
8545,4858,5,1,236520.52,0.017,184792.85
8546,4859,36,1,112570.88,0.0822,117634.68
8547,4860,5,1,230291.53,0.1675,169800.76
8548,4860,19,1,1609198.44,0.1107,1649576.79
8549,4861,33,1,163691.77,0.1835,132201.07
8550,4862,47,1,93383.83,0.0743,85900.19
8551,4862,30,1,299946.59,0.0032,198095.61
8552,4863,31,1,434128.01,0.0736,348250.28
8553,4864,33,1,165542.97,0.1204,136649.96
8554,4864,35,1,125399.49,0.0516,109737.22
8555,4864,37,1,156528.81,0.0973,146707.78
8556,4864,29,1,121810.54,0.1221,115840.94
8557,4865,28,1,377212.77,0.0051,312963.2
8558,4866,34,1,35353.44,0.1326,31274.68
8559,4867,41,1,157097.37,0.1637,121979.21
8560,4868,46,1,128294.51,0.0825,96228.16
8561,4869,36,4,110367.21,0.084,111429.94
8562,4870,45,1,142537.4,0.1065,120488.04
8563,4871,29,4,112564.16,0.048,93355.17
8564,4871,33,2,152976.96,0.0171,110124.98
8565,4872,34,1,32775.87,0.0713,25563.08
8566,4873,10,1,82330.89,0.0587,57832.32
8567,4873,46,1,127265.69,0.0144,94420.95
8568,4874,31,1,434128.01,0.0741,348250.28
8569,4874,36,1,110367.21,0.0448,111429.94
8570,4875,34,1,33902.23,0.0412,27769.82
8571,4876,46,1,123153.92,0.0689,88771.24
8572,4876,5,2,209891.5,0.0396,130985.11
8573,4877,46,2,123946.3,0.0335,89811.19
8574,4878,6,1,475353.95,0.0505,280912.13
8575,4878,9,1,201515.12,0.0267,137068.42
8576,4879,46,1,131854.01,0.1258,103324.06
8577,4879,29,1,120448.39,0.0194,112069.53
8578,4879,38,1,66947.61,0.06,50918.86
8579,4879,34,2,34661.36,0.1128,29625.07
8580,4880,46,1,124743.77,0.0585,90863.32
8581,4881,41,2,150648.82,0.0161,108310.4
8582,4881,21,2,1335827.3,0.0326,1098804.36
8583,4882,46,1,132999.03,0.0546,105580.65
8584,4883,20,1,625949.44,0.0704,514430.56
8585,4883,35,2,115134.31,0.0696,88858.3
8586,4884,46,1,132999.03,0.0979,105580.65
8587,4885,44,1,95068.27,0.1158,79197.74
8588,4886,34,1,32563.1,0.0615,25255.85
8589,4886,46,1,124743.77,0.0445,90863.32
8590,4887,30,1,299946.59,0.0619,198095.61
8591,4888,46,1,128294.51,0.1009,96228.16
8592,4888,7,1,118355.73,0.1215,87530.48
8593,4889,29,2,117482.51,0.0868,103772.48
8594,4890,42,1,59092.81,0.0388,38905.57
8595,4891,29,1,119002.03,0.1518,108023.51
8596,4892,33,2,161726.15,0.035,127428.26
8597,4893,41,4,150648.82,0.0405,108310.4
8598,4893,30,4,302227.39,0.0883,201459.25
8599,4893,8,1,240395.2,0.0962,224282.09
8600,4893,18,1,1107628.4,0.0185,879920.83
8601,4894,14,1,444780.86,0.0141,295408.96
8602,4894,7,4,116004.74,0.0867,82810.1
8603,4895,46,1,123153.92,0.072,88771.24
8604,4895,21,1,1290668.25,0.0754,1025940.21
8605,4895,49,1,117912.37,0.0689,72479.68
8606,4896,31,3,428914.96,0.1729,335677.51
8607,4897,47,1,96549.25,0.1666,93132.04
8608,4897,27,1,204210.37,0.0323,197671.65
8609,4898,34,1,32563.1,0.0696,25255.85
8610,4898,49,1,119434.56,0.079,74187.82
8611,4899,45,1,139947.96,0.1366,114861.05
8612,4900,11,1,680434.54,0.1125,653430.49
8613,4901,29,1,120448.39,0.13,112069.53
8614,4902,29,1,123108.92,0.0248,119400.43
8615,4902,47,1,99095.3,0.0661,99407.42
8616,4902,28,1,390230.8,0.0469,345924.13
8617,4903,33,2,159661.09,0.0293,122413.6
8618,4904,32,1,221986.35,0.0104,226279.2
8619,4905,32,1,221986.35,0.0664,226279.2
8620,4905,33,1,163691.77,0.0649,132201.07
8621,4906,29,3,117482.51,0.0997,103772.48
8622,4906,35,1,121416.54,0.0128,100005.85
8623,4907,28,1,352258.55,0.004,264239.08
8624,4907,34,1,32148.09,0.0162,24674.35
8625,4908,31,1,443717.29,0.1467,371030.68
8626,4909,46,1,134114.1,0.0638,107743.99
8627,4909,34,1,35353.44,0.095,31274.68
8628,4910,29,1,114076.22,0.0526,95776.39
8629,4911,9,1,206915.98,0.0019,144116.49
8630,4912,5,1,236520.52,0.056,184792.85
8631,4913,45,1,139947.96,0.0141,114861.05
8632,4914,46,1,123946.3,0.0012,89811.19
8633,4914,21,2,1298972.45,0.0186,1037959.01
8634,4914,25,1,1406697.27,0.0121,1131113.06
8635,4914,35,4,115875.09,0.0776,89899.27
8636,4915,27,1,209029.84,0.0724,211976.7
8637,4915,49,3,127338.46,0.072,86204.18
8638,4916,7,1,127310.24,0.0329,111114.39
8639,4917,49,1,125106.95,0.1308,82417.11
8640,4918,5,2,219884.58,0.0815,145570.77
8641,4919,28,1,372396.19,0.1612,300647.21
8642,4920,21,1,1298972.45,0.0561,1037959.01
8643,4921,11,1,662260.19,0.029,609407.51
8644,4921,49,1,120210.17,0.0193,75076.95
8645,4921,28,3,359148.1,0.0243,273793.14
8646,4922,19,2,1609198.44,0.0041,1649576.79
8647,4923,49,1,126242.17,0.1292,84361.73
8648,4924,10,1,81658.51,0.0251,56708.64
8649,4925,4,1,166875.54,0.0339,124871.41
8650,4926,4,1,181643.11,0.0404,164296.61
8651,4927,34,1,34289.87,0.1796,28719.96
8652,4928,47,1,96549.25,0.173,93132.04
8653,4929,4,1,176859.36,0.02,150967.36
8654,4929,45,2,143830.78,0.0331,123330.94
8655,4930,21,4,1307330.08,0.0177,1050118.61
8656,4930,39,2,143926.24,0.0339,128275.92
8657,4930,44,2,89167.38,0.0326,68158.04
8658,4931,33,2,157774.26,0.022,118094.02
8659,4932,10,1,80553.74,0.0066,55206.38
8660,4932,1,1,334119.02,0.069,274181.42
8661,4932,38,1,62894.86,0.0685,43409.15
8662,4933,34,1,32354.93,0.0703,24963.41
8663,4934,32,1,226889.72,0.1438,241081.0
8664,4935,10,2,82330.89,0.0856,57832.32
8665,4935,40,1,135704.3,0.0859,111583.82
8666,4936,7,1,127310.24,0.0242,111114.39
8667,4936,38,3,68284.33,0.1258,53754.17
8668,4937,35,1,117382.63,0.031,92058.86
8669,4938,28,4,377212.77,0.0091,312963.2
8670,4939,31,1,403117.51,0.0369,286737.29
8671,4939,33,1,151998.99,0.0215,108849.81
8672,4939,34,1,32354.93,0.0667,24963.41
8673,4939,46,1,123946.3,0.0056,89811.19
8674,4940,35,1,122804.83,0.1909,103427.54
8675,4941,7,2,127310.24,0.0762,111114.39
8676,4942,29,3,117482.51,0.0434,103772.48
8677,4943,36,2,107950.0,0.0784,104451.71
8678,4943,29,1,117482.51,0.1042,103772.48
8679,4944,46,2,132999.03,0.1578,105580.65
8680,4945,26,4,154277.48,0.0676,121618.2
8681,4946,10,1,84557.63,0.0338,62936.13
8682,4947,21,2,1298972.45,0.0698,1037959.01
8683,4947,46,2,123946.3,0.0707,89811.19
8684,4947,36,2,103023.16,0.0409,93895.84
8685,4948,33,1,159661.09,0.0911,122413.6
8686,4948,25,1,1483682.77,0.1725,1295246.01
8687,4948,46,1,129447.11,0.0367,98459.68
8688,4949,46,1,124743.77,0.0219,90863.32
8689,4950,27,1,190700.98,0.0577,166896.86
8690,4950,44,1,88030.95,0.0184,66588.73
8691,4951,46,1,134114.1,0.0177,107743.99
8692,4951,30,3,323696.74,0.028,246957.53
8693,4952,29,1,117482.51,0.0174,103772.48
8694,4953,30,2,302227.39,0.0174,201459.25
8695,4954,28,2,367995.32,0.0648,290038.35
8696,4955,45,1,141205.26,0.0076,117524.66
8697,4956,34,1,32354.93,0.0766,24963.41
8698,4957,28,1,377212.77,0.0265,312963.2
8699,4958,25,1,1463076.75,0.0719,1238119.29
8700,4959,41,4,160234.08,0.145,128771.36
8701,4960,7,1,123957.4,0.1034,102099.76
8702,4961,30,1,323696.74,0.0686,246957.53
8703,4961,4,1,181643.11,0.0385,164296.61
8704,4962,46,3,134114.1,0.0267,107743.99
8705,4963,6,4,488094.02,0.045,295356.64
8706,4964,5,1,214011.49,0.0439,135763.36
8707,4964,44,1,89746.43,0.0337,68974.9
8708,4964,35,1,117382.63,0.0424,92058.86
8709,4965,32,2,221986.35,0.0931,226279.2
8710,4966,46,1,134114.1,0.1361,107743.99
8711,4966,23,1,375843.56,0.0762,354073.6
8712,4967,7,2,122097.37,0.1801,97116.25
8713,4968,29,1,120448.39,0.0191,112069.53
8714,4969,46,2,123946.3,0.0105,89811.19
8715,4970,46,1,129447.11,0.1487,98459.68
8716,4971,21,1,1307330.08,0.0062,1050118.61
8717,4972,10,1,80553.74,0.0754,55206.38
8718,4973,18,1,1137585.63,0.1676,957575.43
8719,4974,10,1,83313.43,0.0871,59941.17
8720,4974,46,2,128294.51,0.0471,96228.16
8721,4975,5,1,230291.53,0.0938,169800.76
8722,4976,46,2,123946.3,0.0516,89811.19
8723,4977,1,2,334119.02,0.0079,274181.42
8724,4978,46,1,130668.32,0.126,100942.33
8725,4978,33,1,161726.15,0.1236,127428.26
8726,4979,7,1,127310.24,0.0509,111114.39
8727,4980,46,1,132999.03,0.0682,105580.65
8728,4981,29,1,121810.54,0.051,115840.94
8729,4982,46,1,129447.11,0.1078,98459.68
8730,4983,46,2,132999.03,0.1308,105580.65
8731,4984,49,1,126242.17,0.0775,84361.73
8732,4985,46,3,130668.32,0.0914,100942.33
8733,4986,21,3,1370062.4,0.0275,1188574.62
8734,4986,30,1,308902.92,0.0571,214634.04
8735,4987,40,1,131252.11,0.0793,104665.41
8736,4988,31,1,434128.01,0.1398,348250.28
8737,4988,35,1,124135.3,0.1105,106687.05
8738,4988,29,1,120448.39,0.0702,112069.53
8739,4989,41,1,158697.25,0.0135,125466.58
8740,4990,25,2,1406697.27,0.0509,1131113.06
8741,4991,2,1,432228.79,0.073,290948.83
8742,4992,47,2,91582.44,0.0112,82862.15
8743,4993,46,1,129447.11,0.1464,98459.68
8744,4994,30,1,320282.83,0.1379,239595.39
8745,4995,19,2,1630414.16,0.1319,1719007.34
8746,4996,46,4,131854.01,0.0858,103324.06
8747,4997,10,2,81658.51,0.0452,56708.64
8748,4997,33,1,155031.88,0.0696,112981.13
8749,4998,46,1,129447.11,0.1205,98459.68
8750,4999,29,1,119002.03,0.0251,108023.51
8751,5000,30,2,312898.27,0.1287,223426.51
