payment_id,order_id,payment_date,payment_method,amount,status
1,1,2024-10-21,digital_wallet,379906.88,approved
2,2,2024-11-27,credit_card,444049.48,approved
3,3,2024-09-15,transfer,1480278.32,approved
4,4,2024-12-11,credit_card,654349.19,approved
5,5,2024-12-29,credit_card,104377.82,approved
6,6,2024-08-07,digital_wallet,2922011.9,approved
7,7,2024-12-28,credit_card,855409.03,approved
8,8,2024-10-21,credit_card,1054659.23,approved
9,9,2024-11-19,credit_card,85180.18,approved
10,10,2024-09-22,digital_wallet,601079.08,approved
11,11,2024-12-03,transfer,428631.36,approved
12,12,2024-11-04,credit_card,152589.55,approved
13,13,2024-11-09,credit_card,367230.89,approved
14,14,2024-09-19,credit_card,2372388.86,approved
15,15,2024-11-20,credit_card,658046.51,approved
16,16,2024-11-10,digital_wallet,1176617.73,approved
17,17,2024-12-13,digital_wallet,1383446.12,approved
18,18,2024-10-19,digital_wallet,1062736.89,approved
19,19,2024-10-28,digital_wallet,4705995.94,approved
20,20,2024-10-13,digital_wallet,246052.53,approved
21,21,2024-06-17,digital_wallet,879831.85,approved
22,22,2024-10-26,digital_wallet,1007352.28,approved
23,23,2024-06-22,digital_wallet,80098.17,approved
24,24,2024-08-22,debit_card,1169730.67,approved
25,25,2024-10-13,credit_card,1169018.22,approved
26,26,2024-07-17,transfer,996510.74,approved
27,27,2024-10-05,transfer,376777.08,approved
28,28,2024-11-10,transfer,0.0,failed
29,29,2024-06-08,transfer,471915.17,approved
30,30,2024-12-06,credit_card,472831.92,approved
31,31,2024-10-21,credit_card,2556253.44,approved
32,32,2024-10-24,digital_wallet,395838.55,approved
33,33,2024-07-02,transfer,103329.17,approved
34,34,2024-09-30,credit_card,175095.27,approved
35,35,2024-09-27,digital_wallet,100491.61,approved
36,36,2024-12-29,credit_card,203416.52,approved
37,37,2024-12-03,debit_card,3962023.48,approved
38,38,2024-07-10,credit_card,1280404.89,approved
39,39,2024-09-11,digital_wallet,79369.27,approved
40,40,2024-11-05,transfer,3032390.57,approved
41,41,2024-08-07,debit_card,1797767.88,approved
42,42,2024-12-18,digital_wallet,724848.06,approved
43,43,2024-05-19,digital_wallet,306301.36,approved
44,44,2024-11-28,transfer,182373.3,approved
45,45,2024-12-12,digital_wallet,1380354.51,approved
46,46,2024-07-15,transfer,569082.24,approved
47,47,2024-11-20,transfer,1180635.36,approved
48,48,2024-11-14,debit_card,955688.31,approved
49,49,2024-12-26,credit_card,29393.08,approved
50,50,2024-08-19,credit_card,1573573.48,approved
51,51,2024-09-14,digital_wallet,380677.06,approved
52,52,2024-07-24,credit_card,29218.57,approved
53,53,2024-08-30,debit_card,2319037.67,approved
54,54,2024-10-08,credit_card,1191014.22,approved
55,55,2024-03-28,debit_card,394236.82,approved
56,56,2024-09-12,credit_card,185583.32,approved
57,57,2024-09-29,digital_wallet,1089820.31,approved
58,58,2024-10-20,digital_wallet,716900.56,approved
59,59,2024-09-16,digital_wallet,205167.59,approved
60,60,2024-06-28,transfer,122766.01,approved
61,61,2024-12-29,digital_wallet,169200.28,approved
62,62,2024-10-31,debit_card,598450.75,approved
63,63,2024-11-15,debit_card,458074.93,approved
64,64,2024-12-25,credit_card,383190.74,approved
65,65,2024-12-09,digital_wallet,869176.42,approved
66,66,2024-12-08,credit_card,1898239.13,approved
67,67,2024-05-22,transfer,398081.31,approved
68,68,2024-11-25,digital_wallet,209115.79,approved
69,69,2024-10-26,transfer,672150.54,approved
70,70,2024-12-05,credit_card,384031.04,approved
71,71,2024-11-03,transfer,99438.54,approved
72,72,2024-12-27,digital_wallet,2706216.97,approved
73,73,2024-11-22,transfer,0.0,failed
74,74,2024-08-08,digital_wallet,58141.39,approved
75,75,2024-10-13,digital_wallet,212079.36,approved
76,76,2024-12-28,debit_card,2576549.88,approved
77,77,2024-09-15,credit_card,2164290.2,approved
78,78,2024-07-12,debit_card,1197160.55,approved
79,79,2024-10-26,transfer,887024.18,approved
80,80,2024-07-09,digital_wallet,169095.01,approved
81,81,2024-11-27,digital_wallet,185821.63,approved
82,82,2024-07-29,digital_wallet,2384709.7,approved
83,83,2024-09-21,transfer,101595.8,approved
84,84,2024-05-07,transfer,3237178.97,approved
85,85,2024-10-20,credit_card,29236.32,approved
86,86,2024-10-11,debit_card,132267.89,approved
87,87,2024-10-19,digital_wallet,882697.67,approved
88,88,2024-12-23,transfer,1478316.86,approved
89,89,2024-05-28,debit_card,130136.05,approved
90,90,2024-12-27,credit_card,4014205.9,approved
91,91,2024-11-09,credit_card,28919.85,approved
92,92,2024-10-27,transfer,656606.8,approved
93,93,2024-10-21,digital_wallet,1605732.02,approved
94,94,2024-10-17,credit_card,488037.17,approved
95,95,2024-11-27,credit_card,102428.82,approved
96,96,2024-11-25,transfer,382705.05,approved
97,97,2024-08-23,credit_card,774117.1,approved
98,98,2024-09-17,credit_card,678651.37,approved
99,99,2024-10-06,credit_card,307678.2,approved
100,100,2024-12-11,debit_card,2687001.08,approved
101,101,2024-09-06,transfer,1959887.78,approved
102,102,2024-11-10,digital_wallet,292882.77,approved
103,103,2024-09-23,debit_card,1158568.89,approved
104,104,2024-11-05,transfer,383680.04,approved
105,105,2024-11-02,credit_card,292579.29,approved
106,106,2024-12-11,transfer,374827.09,approved
107,107,2024-10-11,transfer,1365966.22,approved
108,108,2024-10-01,credit_card,28810.42,approved
109,109,2024-06-14,transfer,476380.39,approved
110,110,2024-11-22,credit_card,379869.39,approved
111,111,2024-10-11,transfer,103509.25,approved
112,112,2024-11-25,transfer,525383.16,approved
113,113,2024-10-17,transfer,186656.93,approved
114,114,2024-09-23,digital_wallet,467201.36,approved
115,115,2024-10-04,digital_wallet,279985.4,approved
116,116,2024-08-04,digital_wallet,191788.47,approved
117,117,2024-12-12,digital_wallet,378556.3,approved
118,118,2024-12-28,credit_card,319161.65,approved
119,119,2024-10-07,debit_card,386254.03,approved
120,120,2024-08-26,credit_card,2329956.01,approved
121,121,2024-11-07,credit_card,330486.62,approved
122,122,2024-11-06,debit_card,29189.0,approved
123,123,2024-10-28,digital_wallet,554484.01,approved
124,124,2024-08-26,debit_card,573467.8,approved
125,125,2024-09-28,transfer,1173397.25,approved
126,126,2024-05-06,debit_card,618172.16,approved
127,127,2024-08-06,transfer,210465.22,approved
128,128,2024-06-06,digital_wallet,1258193.03,approved
129,129,2024-11-29,credit_card,1623330.38,approved
130,130,2024-03-16,digital_wallet,585998.27,approved
131,131,2024-12-20,credit_card,1284123.57,approved
132,132,2024-08-29,digital_wallet,2970318.1,approved
133,133,2024-12-10,credit_card,1195056.96,approved
134,134,2024-12-09,debit_card,2275318.68,approved
135,135,2024-10-14,digital_wallet,78219.22,approved
136,136,2024-12-20,transfer,1432325.31,approved
137,137,2024-11-27,transfer,395969.95,approved
138,138,2024-10-11,transfer,716871.01,approved
139,139,2024-09-15,credit_card,1547847.34,approved
140,140,2024-08-07,credit_card,101800.28,approved
141,141,2024-12-03,credit_card,359666.77,approved
142,142,2024-09-10,credit_card,187749.37,approved
143,143,2024-11-15,digital_wallet,476284.41,approved
144,144,2024-11-04,digital_wallet,241947.79,approved
145,145,2024-11-16,credit_card,526333.3,approved
146,146,2024-09-06,digital_wallet,2896227.52,approved
147,147,2024-11-26,credit_card,449576.0,approved
148,148,2024-02-20,credit_card,2646944.7,approved
149,149,2024-07-13,digital_wallet,2020224.1,approved
150,150,2024-11-08,credit_card,357086.38,approved
151,151,2024-12-21,credit_card,29206.74,approved
152,152,2024-10-26,transfer,132026.6,approved
153,153,2024-11-14,digital_wallet,544366.34,approved
154,154,2024-11-29,transfer,1622649.42,approved
155,155,2024-12-09,credit_card,2623871.08,approved
156,156,2024-07-06,debit_card,946208.37,approved
157,157,2024-03-30,transfer,5436409.53,approved
158,158,2024-11-18,transfer,557276.75,approved
159,159,2024-10-23,digital_wallet,419241.97,approved
160,160,2024-07-26,digital_wallet,2152401.93,approved
161,161,2024-11-16,digital_wallet,922983.97,approved
162,162,2024-10-29,transfer,570260.95,approved
163,163,2024-11-13,debit_card,685744.4,approved
164,164,2024-12-06,transfer,2351495.52,approved
165,165,2024-04-07,transfer,202475.92,approved
166,166,2024-12-12,credit_card,730778.6,approved
167,167,2024-04-24,debit_card,1455485.25,approved
168,168,2024-06-28,credit_card,577045.39,approved
169,169,2024-05-12,digital_wallet,80154.86,approved
170,170,2024-09-29,credit_card,1582750.07,approved
171,171,2024-05-03,digital_wallet,978224.42,approved
172,172,2024-10-08,debit_card,1389027.04,approved
173,173,2024-10-02,digital_wallet,636895.06,approved
174,174,2024-10-08,credit_card,963643.75,approved
175,175,2024-12-22,digital_wallet,2598674.44,approved
176,176,2024-11-11,credit_card,28600.43,approved
177,177,2024-10-08,debit_card,856295.19,approved
178,178,2024-09-18,credit_card,1638950.74,approved
179,179,2024-12-13,debit_card,558198.16,approved
180,180,2024-10-24,digital_wallet,297374.18,approved
181,181,2024-12-02,digital_wallet,407400.5,approved
182,182,2024-08-18,credit_card,99622.57,approved
183,183,2024-09-12,debit_card,590499.73,approved
184,184,2024-07-30,digital_wallet,1674031.53,approved
185,185,2024-12-07,transfer,161447.64,approved
186,186,2024-08-29,credit_card,700643.56,approved
187,187,2024-12-19,credit_card,104790.93,approved
188,188,2024-10-08,transfer,28659.58,approved
189,189,2024-12-25,credit_card,234924.94,approved
190,190,2024-12-19,transfer,3321629.05,approved
191,191,2024-05-25,transfer,121628.94,approved
192,192,2024-10-20,credit_card,2792215.95,approved
193,193,2024-11-02,transfer,883806.55,approved
194,194,2024-12-01,digital_wallet,262203.31,approved
195,195,2024-11-09,debit_card,2355372.82,approved
196,196,2024-12-18,credit_card,273313.89,approved
197,197,2024-10-23,transfer,929891.63,approved
198,198,2024-03-29,credit_card,1451060.1,approved
199,199,2024-09-21,digital_wallet,93149.53,approved
200,200,2024-09-27,digital_wallet,380404.06,approved
201,201,2024-11-11,digital_wallet,362670.17,approved
202,202,2024-10-22,debit_card,3815826.02,approved
203,203,2024-11-30,transfer,1158212.67,approved
204,204,2024-11-30,digital_wallet,343067.42,approved
205,205,2024-12-25,credit_card,130761.54,approved
206,206,2024-07-30,credit_card,57762.81,approved
207,207,2024-07-22,debit_card,402187.41,approved
208,208,2024-10-14,digital_wallet,617672.85,approved
209,209,2024-11-30,debit_card,3080735.06,approved
210,210,2024-06-06,debit_card,308206.76,approved
211,211,2024-08-09,transfer,199306.48,approved
212,212,2024-11-02,transfer,1429266.46,approved
213,213,2024-12-27,credit_card,1720541.46,approved
214,214,2024-10-15,transfer,1205606.82,approved
215,215,2024-11-17,transfer,379039.07,approved
216,216,2024-07-25,transfer,478049.86,approved
217,217,2024-11-14,transfer,29174.21,approved
218,218,2024-05-31,debit_card,1316810.1,approved
219,219,2024-12-21,digital_wallet,292610.23,approved
220,220,2024-08-17,debit_card,1647063.27,approved
221,221,2024-11-10,debit_card,1312883.37,approved
222,222,2024-11-18,digital_wallet,28703.94,approved
223,223,2024-10-20,digital_wallet,2699265.31,approved
224,224,2024-11-23,transfer,2354660.36,approved
225,225,2024-11-02,credit_card,963170.27,approved
226,226,2024-07-20,credit_card,120961.54,approved
227,227,2024-11-15,credit_card,3016943.29,approved
228,228,2024-10-01,credit_card,211509.68,approved
229,229,2024-11-18,transfer,78778.05,approved
230,230,2024-08-15,digital_wallet,1758697.18,approved
231,231,2024-11-07,transfer,327275.31,approved
232,232,2024-11-27,credit_card,1266366.43,approved
233,233,2024-11-05,credit_card,869033.79,approved
234,234,2024-10-06,transfer,196607.35,approved
235,235,2024-09-12,transfer,179091.8,approved
236,236,2024-05-14,digital_wallet,29242.24,approved
237,237,2024-12-01,digital_wallet,3829753.21,approved
238,238,2024-10-19,digital_wallet,1820846.47,approved
239,239,2024-09-25,debit_card,730514.6,approved
240,240,2024-11-07,transfer,78964.32,approved
241,241,2024-12-18,credit_card,385435.03,approved
242,242,2024-11-25,credit_card,160309.73,approved
243,243,2024-08-11,credit_card,57159.45,approved
244,244,2024-10-16,credit_card,375256.09,approved
245,245,2024-07-26,credit_card,520548.76,approved
246,246,2024-10-23,digital_wallet,302442.2,approved
247,247,2024-08-10,debit_card,2924544.57,approved
248,248,2024-12-07,digital_wallet,99622.57,approved
249,249,2024-10-04,digital_wallet,1675371.22,approved
250,250,2024-11-05,digital_wallet,1644688.76,approved
251,251,2024-12-05,digital_wallet,29233.36,approved
252,252,2024-11-30,transfer,3662714.47,approved
253,253,2024-11-16,debit_card,29469.97,approved
254,254,2024-08-09,transfer,220278.01,approved
255,255,2024-12-13,digital_wallet,913933.85,approved
256,256,2024-12-20,digital_wallet,602335.22,approved
257,257,2024-11-17,digital_wallet,362847.53,approved
258,258,2024-07-05,transfer,302017.33,approved
259,259,2024-07-24,debit_card,283164.69,approved
260,260,2024-12-19,digital_wallet,78389.3,approved
261,261,2024-12-08,digital_wallet,98671.74,approved
262,262,2024-11-19,debit_card,91510.87,approved
263,263,2024-09-01,transfer,160443.88,approved
264,264,2024-11-27,digital_wallet,1457396.07,approved
265,265,2024-12-15,debit_card,3544020.13,approved
266,266,2024-12-08,digital_wallet,640638.57,approved
267,267,2024-10-29,credit_card,1331840.02,approved
268,268,2024-07-08,debit_card,119886.27,approved
269,269,2024-12-12,debit_card,606280.38,approved
270,270,2024-07-10,transfer,98324.12,approved
271,271,2024-11-08,credit_card,423120.0,approved
272,272,2024-09-23,credit_card,184282.87,approved
273,273,2024-11-05,digital_wallet,1170579.94,approved
274,274,2024-12-25,credit_card,103244.43,approved
275,275,2024-03-06,credit_card,306290.32,approved
276,276,2024-09-13,digital_wallet,1124832.26,approved
277,277,2024-07-12,debit_card,789947.3,approved
278,278,2024-12-29,digital_wallet,1271132.45,approved
279,279,2024-05-11,debit_card,169831.88,approved
280,280,2024-12-19,digital_wallet,293914.58,approved
281,281,2024-10-26,debit_card,276757.72,approved
282,282,2024-12-20,digital_wallet,1795452.14,approved
283,283,2024-11-05,credit_card,988399.87,approved
284,284,2024-04-09,debit_card,611692.18,approved
285,285,2024-09-13,digital_wallet,201085.45,approved
286,286,2024-11-25,transfer,2363209.81,approved
287,287,2024-06-25,digital_wallet,588949.48,approved
288,288,2024-07-17,credit_card,352255.0,approved
289,289,2024-11-21,debit_card,2019439.05,approved
290,290,2024-11-23,credit_card,100062.2,approved
291,291,2024-12-02,credit_card,295522.99,approved
292,292,2024-05-28,debit_card,277250.18,approved
293,293,2024-07-05,digital_wallet,1612563.32,approved
294,294,2024-10-21,credit_card,1169849.42,approved
295,295,2024-08-26,credit_card,3062193.77,approved
296,296,2024-12-11,credit_card,99530.55,approved
297,297,2024-08-12,digital_wallet,2368200.21,approved
298,298,2024-11-14,debit_card,603014.5,approved
299,299,2024-10-06,debit_card,160479.01,approved
300,300,2024-06-19,digital_wallet,750646.02,approved
301,301,2024-11-18,credit_card,621234.53,approved
302,302,2024-12-18,debit_card,1736286.62,approved
303,303,2024-09-14,credit_card,4925447.29,approved
304,304,2024-10-25,credit_card,377440.07,approved
305,305,2024-08-21,credit_card,172446.03,approved
306,306,2024-09-28,credit_card,103752.87,approved
307,307,2024-11-10,debit_card,28440.71,approved
308,308,2024-07-29,credit_card,409182.91,approved
309,309,2024-08-11,credit_card,2647431.48,approved
310,310,2024-11-27,credit_card,322763.84,approved
311,311,2024-10-24,credit_card,1879458.7,approved
312,312,2024-09-29,credit_card,253664.2,approved
313,313,2024-10-24,credit_card,304204.63,approved
314,314,2024-10-15,digital_wallet,588905.62,approved
315,315,2024-04-01,transfer,986066.98,approved
316,316,2024-09-27,digital_wallet,753701.29,approved
317,317,2024-07-18,digital_wallet,885658.55,approved
318,318,2024-12-01,transfer,58886.71,approved
319,319,2024-12-20,transfer,294009.05,approved
320,320,2024-06-18,transfer,877960.56,approved
321,321,2024-07-16,transfer,297465.22,approved
322,322,2024-11-27,digital_wallet,1511527.09,approved
323,323,2024-11-16,credit_card,589155.83,approved
324,324,2024-12-09,credit_card,3408667.47,approved
325,325,2024-11-12,credit_card,122172.76,approved
326,326,2024-11-24,digital_wallet,301410.39,approved
327,327,2024-11-13,debit_card,2815196.34,approved
328,328,2024-04-30,digital_wallet,828755.9,approved
329,329,2024-09-12,debit_card,693259.11,approved
330,330,2024-07-24,debit_card,757572.29,approved
331,331,2024-11-10,debit_card,77814.28,approved
332,332,2024-11-28,transfer,4115834.79,approved
333,333,2024-12-26,digital_wallet,58129.55,approved
334,334,2024-05-13,debit_card,921347.08,approved
335,335,2024-10-21,transfer,1762203.87,approved
336,336,2024-08-21,credit_card,1286340.09,approved
337,337,2024-12-28,transfer,3089102.88,approved
338,338,2024-11-17,debit_card,938296.81,approved
339,339,2024-12-08,digital_wallet,241698.42,approved
340,340,2024-08-28,digital_wallet,2432562.24,approved
341,341,2024-10-21,debit_card,660317.28,approved
342,342,2024-11-15,credit_card,77854.77,approved
343,343,2024-07-06,digital_wallet,243801.7,approved
344,344,2024-12-11,credit_card,5169282.45,approved
345,345,2024-12-16,debit_card,29156.46,approved
346,346,2024-11-04,credit_card,272809.18,approved
347,347,2024-11-16,debit_card,206404.13,approved
348,348,2024-09-06,transfer,804371.89,approved
349,349,2024-11-09,debit_card,385786.03,approved
350,350,2024-06-23,digital_wallet,270471.4,approved
351,351,2024-12-13,transfer,99888.39,approved
352,352,2024-11-10,transfer,102534.74,approved
353,353,2024-06-23,debit_card,295708.49,approved
354,354,2024-10-27,credit_card,777706.32,approved
355,355,2024-11-12,transfer,101064.15,approved
356,356,2024-04-25,transfer,197980.86,approved
357,357,2024-10-04,debit_card,1184573.46,approved
358,358,2024-08-02,debit_card,292002.69,approved
359,359,2024-12-06,debit_card,208226.03,approved
360,360,2024-08-14,transfer,174990.0,approved
361,361,2024-10-01,transfer,1321523.79,approved
362,362,2024-09-30,transfer,773517.23,approved
363,363,2024-07-20,digital_wallet,2928375.4,approved
364,364,2024-12-01,transfer,2425944.58,approved
365,365,2024-12-09,credit_card,2473283.39,approved
366,366,2024-04-17,transfer,2910553.65,approved
367,367,2024-07-16,transfer,28579.72,approved
368,368,2024-11-29,credit_card,361586.87,approved
369,369,2024-09-09,debit_card,597176.16,approved
370,370,2024-12-09,transfer,1105857.87,approved
371,371,2024-08-17,transfer,383105.47,approved
372,372,2024-11-21,digital_wallet,1504410.09,approved
373,373,2024-07-25,digital_wallet,490941.92,approved
374,374,2024-04-23,credit_card,1161299.97,approved
375,375,2024-12-25,transfer,1413541.1,approved
376,376,2024-08-23,credit_card,0.0,failed
377,377,2024-09-03,credit_card,432097.7,approved
378,378,2024-12-18,credit_card,237233.13,approved
379,379,2024-09-20,digital_wallet,0.0,failed
380,380,2024-10-07,credit_card,676626.1,approved
381,381,2024-08-04,credit_card,669372.28,approved
382,382,2024-04-20,credit_card,28987.88,approved
383,383,2024-12-29,transfer,2727823.7,approved
384,384,2024-12-04,credit_card,237622.0,approved
385,385,2024-10-13,credit_card,29514.34,approved
386,386,2024-12-16,debit_card,204730.53,approved
387,387,2024-07-09,credit_card,396377.77,approved
388,388,2024-05-31,debit_card,1455702.23,approved
389,389,2024-07-03,digital_wallet,975647.85,approved
390,390,2024-12-07,credit_card,119379.53,approved
391,391,2024-12-05,credit_card,648754.87,approved
392,392,2024-09-26,credit_card,1453837.48,approved
393,393,2024-08-07,digital_wallet,28538.32,approved
394,394,2024-06-08,credit_card,1364514.69,approved
395,395,2024-12-04,digital_wallet,463197.06,approved
396,396,2024-02-29,digital_wallet,2149052.34,approved
397,397,2024-11-04,debit_card,417804.06,approved
398,398,2024-06-28,transfer,105680.69,approved
399,399,2024-11-17,debit_card,567412.2,approved
400,400,2024-12-22,transfer,80260.15,approved
401,401,2024-10-24,transfer,29191.96,approved
402,402,2024-08-09,transfer,597601.02,approved
403,403,2024-12-02,credit_card,29307.3,approved
404,404,2024-10-07,transfer,1507888.31,approved
405,405,2024-07-04,transfer,186430.91,approved
406,406,2024-06-29,credit_card,245878.08,approved
407,407,2024-10-14,digital_wallet,57839.71,approved
408,408,2024-10-25,credit_card,2799078.35,approved
409,409,2024-10-19,digital_wallet,80438.32,approved
410,410,2024-10-25,transfer,5109675.84,approved
411,411,2024-12-22,transfer,629410.14,approved
412,412,2024-12-19,digital_wallet,78065.35,approved
413,413,2024-08-21,digital_wallet,1693710.83,approved
414,414,2024-11-10,credit_card,92857.59,approved
415,415,2024-12-15,transfer,1174005.4,approved
416,416,2024-11-23,credit_card,241453.41,approved
417,417,2024-10-03,debit_card,233431.25,approved
418,418,2024-09-24,digital_wallet,299559.2,approved
419,419,2024-12-18,credit_card,3708258.76,approved
420,420,2024-10-20,credit_card,3804374.27,approved
421,421,2024-09-18,transfer,293337.98,approved
422,422,2024-07-01,debit_card,1153910.94,approved
423,423,2024-10-21,debit_card,1143013.65,approved
424,424,2024-08-28,transfer,658137.79,approved
425,425,2024-07-10,transfer,1406897.79,approved
426,426,2024-12-23,debit_card,150279.71,approved
427,427,2024-12-16,debit_card,429736.85,approved
428,428,2024-11-02,digital_wallet,119428.97,approved
429,429,2024-12-20,digital_wallet,116625.86,approved
430,430,2024-09-11,transfer,103043.18,approved
431,431,2024-07-24,credit_card,601546.18,approved
432,432,2024-09-29,debit_card,3456826.65,approved
433,433,2024-09-13,digital_wallet,777035.23,approved
434,434,2024-09-10,debit_card,104822.71,approved
435,435,2024-11-03,digital_wallet,138894.6,approved
436,436,2024-11-30,debit_card,6202323.45,approved
437,437,2024-05-17,digital_wallet,1514542.09,approved
438,438,2024-10-31,credit_card,28517.61,approved
439,439,2024-06-18,debit_card,749798.42,approved
440,440,2024-12-21,transfer,99469.21,approved
441,441,2024-11-04,digital_wallet,1615450.16,approved
442,442,2024-05-10,transfer,481868.64,approved
443,443,2024-11-19,credit_card,682991.7,approved
444,444,2024-07-25,digital_wallet,1157262.73,approved
445,445,2024-12-04,transfer,2319512.64,approved
446,446,2024-11-09,credit_card,493155.64,approved
447,447,2024-12-18,debit_card,565609.22,approved
448,448,2024-10-29,transfer,188031.9,approved
449,449,2024-11-16,debit_card,180704.74,approved
450,450,2024-10-05,digital_wallet,846176.55,approved
451,451,2024-12-13,debit_card,293702.15,approved
452,452,2024-11-06,transfer,358602.44,approved
453,453,2024-05-10,credit_card,3129486.68,approved
454,454,2024-12-19,debit_card,658891.47,approved
455,455,2024-10-05,credit_card,119861.55,approved
456,456,2024-11-21,credit_card,1332517.04,approved
457,457,2024-08-25,credit_card,394542.22,approved
458,458,2024-04-10,credit_card,101636.69,approved
459,459,2024-09-15,credit_card,29458.14,approved
460,460,2024-11-05,debit_card,384850.04,approved
461,461,2024-07-21,credit_card,1203918.74,approved
462,462,2024-09-26,credit_card,1186384.23,approved
463,463,2024-06-25,digital_wallet,28464.38,approved
464,464,2024-11-14,debit_card,1773122.76,approved
465,465,2024-09-22,debit_card,2424261.0,approved
466,466,2024-12-27,credit_card,1180767.22,approved
467,467,2024-08-26,debit_card,316615.35,approved
468,468,2024-08-22,transfer,197977.36,approved
469,469,2024-12-04,debit_card,1779064.83,approved
470,470,2024-12-02,debit_card,561316.38,approved
471,471,2024-10-19,digital_wallet,0.0,failed
472,472,2024-11-14,digital_wallet,104504.93,approved
473,473,2024-05-10,transfer,0.0,failed
474,474,2024-11-09,credit_card,151658.52,approved
475,475,2024-06-11,transfer,677146.75,approved
476,476,2024-12-21,debit_card,1254134.83,approved
477,477,2024-07-19,debit_card,791422.25,approved
478,478,2024-11-02,transfer,0.0,failed
479,479,2024-11-03,transfer,260249.32,approved
480,480,2024-12-27,credit_card,171445.99,approved
481,481,2024-09-09,transfer,394096.3,approved
482,482,2024-04-14,digital_wallet,241527.57,approved
483,483,2024-11-08,credit_card,541217.1,approved
484,484,2024-09-06,credit_card,593837.94,approved
485,485,2024-05-20,digital_wallet,993784.94,approved
486,486,2024-12-21,debit_card,1453658.09,approved
487,487,2024-08-22,transfer,4794796.38,approved
488,488,2024-07-15,debit_card,885558.18,approved
489,489,2024-12-18,digital_wallet,1383906.34,approved
490,490,2024-12-04,digital_wallet,2333761.71,approved
491,491,2024-04-20,credit_card,29301.39,approved
492,492,2024-10-23,debit_card,3490311.99,approved
493,493,2024-04-23,debit_card,101810.5,approved
494,494,2024-06-27,credit_card,1622624.37,approved
495,495,2024-09-03,debit_card,770246.07,approved
496,496,2024-12-25,digital_wallet,244741.02,approved
497,497,2024-08-20,digital_wallet,207675.22,approved
498,498,2024-12-12,digital_wallet,771774.27,approved
499,499,2024-04-03,digital_wallet,0.0,failed
500,500,2024-07-14,debit_card,2387188.94,approved
501,501,2024-12-29,credit_card,1172449.79,approved
502,502,2024-05-24,debit_card,446974.12,approved
503,503,2024-10-26,digital_wallet,649239.32,approved
504,504,2024-10-14,debit_card,78057.25,approved
505,505,2024-05-07,digital_wallet,528226.07,approved
506,506,2024-11-03,transfer,121406.47,approved
507,507,2024-04-30,debit_card,272121.72,approved
508,508,2024-11-30,credit_card,126990.79,approved
509,509,2024-06-14,credit_card,183517.73,approved
510,510,2024-07-25,transfer,3014405.51,approved
511,511,2024-01-29,transfer,2453934.93,approved
512,512,2024-08-19,debit_card,1186503.74,approved
513,513,2024-10-18,debit_card,1333600.28,approved
514,514,2024-10-24,digital_wallet,99111.37,approved
515,515,2024-07-22,credit_card,878007.71,approved
516,516,2024-04-01,transfer,781506.28,approved
517,517,2024-11-03,transfer,102153.41,approved
518,518,2024-11-08,credit_card,1011933.67,approved
519,519,2024-04-22,digital_wallet,1170972.48,approved
520,520,2024-07-26,transfer,324436.09,approved
521,521,2024-10-30,credit_card,1146694.66,approved
522,522,2024-12-25,digital_wallet,122457.02,approved
523,523,2024-09-27,digital_wallet,161167.19,approved
524,524,2024-11-23,digital_wallet,3176594.95,approved
525,525,2024-10-20,debit_card,197752.43,approved
526,526,2024-12-06,digital_wallet,4845247.81,approved
527,527,2024-07-23,credit_card,773834.05,approved
528,528,2024-11-14,debit_card,272470.15,approved
529,529,2024-12-20,credit_card,2702947.38,approved
530,530,2024-07-01,debit_card,588436.11,approved
531,531,2024-09-20,digital_wallet,300864.13,approved
532,532,2024-12-11,digital_wallet,3650133.94,approved
533,533,2024-11-04,digital_wallet,173007.46,approved
534,534,2024-10-02,debit_card,2063360.65,approved
535,535,2024-12-15,digital_wallet,378649.07,approved
536,536,2024-11-20,debit_card,517472.72,approved
537,537,2024-09-19,transfer,0.0,failed
538,538,2024-12-03,debit_card,601788.29,approved
539,539,2024-09-30,credit_card,3010846.3,approved
540,540,2024-10-05,digital_wallet,1313154.18,approved
541,541,2024-12-07,transfer,890322.98,approved
542,542,2024-11-21,digital_wallet,242812.95,approved
543,543,2024-09-22,transfer,185647.84,approved
544,544,2024-09-25,credit_card,1790248.8,approved
545,545,2024-09-30,credit_card,2649617.73,approved
546,546,2024-11-12,digital_wallet,1170918.1,approved
547,547,2024-09-17,credit_card,398153.57,approved
548,548,2024-07-02,transfer,3466771.84,approved
549,549,2024-04-19,credit_card,561768.6,approved
550,550,2024-09-02,transfer,199776.78,approved
551,551,2024-09-23,credit_card,574548.42,approved
552,552,2024-05-25,credit_card,383017.05,approved
553,553,2024-02-25,transfer,232886.0,approved
554,554,2024-07-23,credit_card,185507.98,approved
555,555,2024-11-17,transfer,281482.8,approved
556,556,2024-12-25,digital_wallet,868223.71,approved
557,557,2024-10-27,transfer,1167474.57,approved
558,558,2024-11-17,credit_card,186864.38,approved
559,559,2024-11-07,transfer,118848.08,approved
560,560,2024-10-29,digital_wallet,78583.68,approved
561,561,2024-12-19,transfer,1777002.5,approved
562,562,2024-12-04,transfer,589650.0,approved
563,563,2024-11-01,digital_wallet,561520.03,approved
564,564,2024-11-27,digital_wallet,1894298.06,approved
565,565,2024-10-08,debit_card,2297901.53,approved
566,566,2024-11-27,digital_wallet,1358039.7,approved
567,567,2024-05-03,credit_card,1658257.19,approved
568,568,2024-09-27,digital_wallet,1557535.02,approved
569,569,2024-12-16,credit_card,1375509.77,approved
570,570,2024-12-21,debit_card,191614.68,approved
571,571,2024-11-05,digital_wallet,178225.13,approved
572,572,2024-11-07,credit_card,0.0,failed
573,573,2024-10-09,transfer,303877.93,approved
574,574,2024-09-27,transfer,1624452.7,approved
575,575,2024-10-19,credit_card,1550604.24,approved
576,576,2024-09-20,debit_card,184839.05,approved
577,577,2024-11-30,debit_card,383797.04,approved
578,578,2024-11-27,debit_card,0.0,failed
579,579,2024-08-20,credit_card,170551.21,approved
580,580,2024-09-20,credit_card,3549445.67,approved
581,581,2024-11-09,transfer,2220611.17,approved
582,582,2024-07-20,digital_wallet,773180.8,approved
583,583,2024-10-03,transfer,799608.24,approved
584,584,2024-12-09,credit_card,1073076.04,approved
585,585,2024-10-15,transfer,1445549.54,approved
586,586,2024-10-22,digital_wallet,214486.41,approved
587,587,2024-08-29,debit_card,647436.25,approved
588,588,2024-05-27,debit_card,28653.66,approved
589,589,2024-12-10,digital_wallet,168779.21,approved
590,590,2024-10-26,transfer,737254.36,approved
591,591,2024-04-21,digital_wallet,152031.57,approved
592,592,2024-10-11,transfer,378517.68,approved
593,593,2024-05-01,credit_card,1705709.56,approved
594,594,2024-09-23,credit_card,544379.05,approved
595,595,2024-11-27,transfer,877637.92,approved
596,596,2024-09-21,debit_card,1770037.97,approved
597,597,2024-11-16,debit_card,1501538.07,approved
598,598,2024-10-26,credit_card,221489.38,approved
599,599,2024-11-08,digital_wallet,629659.9,approved
600,600,2024-10-27,debit_card,0.0,cancelled
601,601,2024-11-13,transfer,28842.95,approved
602,602,2024-11-02,credit_card,98221.88,approved
603,603,2024-10-19,debit_card,575191.62,approved
604,604,2024-08-31,debit_card,458849.33,approved
605,605,2024-12-18,transfer,2120166.94,approved
606,606,2024-10-25,debit_card,29020.41,approved
607,607,2024-11-30,debit_card,4404464.86,approved
608,608,2024-08-15,credit_card,4719770.05,approved
609,609,2024-12-13,credit_card,373337.88,approved
610,610,2024-10-08,digital_wallet,709466.48,approved
611,611,2024-11-26,credit_card,1146243.15,approved
612,612,2024-09-14,credit_card,1044210.81,approved
613,613,2024-05-14,debit_card,1810364.77,approved
614,614,2024-12-04,credit_card,187523.35,approved
615,615,2024-11-13,transfer,678380.94,approved
616,616,2024-09-08,debit_card,306627.71,approved
617,617,2024-07-22,credit_card,1733407.62,approved
618,618,2024-12-09,credit_card,1184217.24,approved
619,619,2024-12-17,credit_card,99458.98,approved
620,620,2024-04-22,debit_card,301865.6,approved
621,621,2024-10-05,digital_wallet,1339188.77,approved
622,622,2024-10-29,credit_card,191151.23,approved
623,623,2024-04-27,transfer,5005983.24,approved
624,624,2024-05-14,digital_wallet,1330664.72,approved
625,625,2024-09-07,credit_card,699976.56,approved
626,626,2024-12-22,transfer,768702.68,approved
627,627,2024-09-14,transfer,959098.37,approved
628,628,2024-11-30,transfer,1396253.79,approved
629,629,2024-11-27,digital_wallet,245501.72,approved
630,630,2024-05-18,debit_card,28402.26,approved
631,631,2024-12-23,debit_card,0.0,failed
632,632,2024-11-08,credit_card,1072866.21,approved
633,633,2024-12-16,credit_card,28428.88,approved
634,634,2024-11-05,digital_wallet,390789.18,approved
635,635,2024-12-19,debit_card,1156656.1,approved
636,636,2024-12-17,debit_card,771338.06,approved
637,637,2024-11-19,credit_card,215789.26,approved
638,638,2024-06-26,credit_card,303049.15,approved
639,639,2024-11-14,credit_card,213186.98,approved
640,640,2024-05-31,digital_wallet,388158.95,approved
641,641,2024-10-10,digital_wallet,396137.28,approved
642,642,2024-07-03,debit_card,28615.22,approved
643,643,2024-09-16,credit_card,1180536.22,approved
644,644,2024-11-28,digital_wallet,202332.78,approved
645,645,2024-11-17,digital_wallet,295249.86,approved
646,646,2024-07-03,digital_wallet,729862.94,approved
647,647,2024-10-29,transfer,1608522.86,approved
648,648,2024-11-04,debit_card,1171511.81,approved
649,649,2024-12-07,transfer,3534484.14,approved
650,650,2024-11-06,credit_card,3429410.4,approved
651,651,2024-08-28,transfer,187211.96,approved
652,652,2024-04-22,transfer,2410311.02,approved
653,653,2024-07-29,transfer,1270672.07,approved
654,654,2024-11-22,transfer,269896.61,approved
655,655,2024-11-26,transfer,120467.16,approved
656,656,2024-06-15,transfer,567643.54,approved
657,657,2024-08-09,credit_card,364812.68,approved
658,658,2024-11-23,digital_wallet,420123.66,approved
659,659,2024-11-04,transfer,2511878.55,approved
660,660,2024-10-13,transfer,695698.0,approved
661,661,2024-10-12,credit_card,1254247.43,approved
662,662,2024-10-19,digital_wallet,1145367.71,approved
663,663,2024-07-29,debit_card,101585.57,approved
664,664,2024-11-02,transfer,182177.4,approved
665,665,2024-11-18,digital_wallet,601261.81,approved
666,666,2024-08-31,digital_wallet,749304.73,approved
667,667,2024-11-19,transfer,173446.07,approved
668,668,2024-07-22,credit_card,1097433.63,approved
669,669,2024-12-28,digital_wallet,1163285.8,approved
670,670,2024-11-01,digital_wallet,2368045.64,approved
671,671,2024-11-15,credit_card,275832.23,approved
672,672,2024-09-21,debit_card,1269000.36,approved
673,673,2024-07-06,debit_card,628978.81,approved
674,674,2024-10-24,credit_card,777513.46,approved
675,675,2024-11-06,credit_card,219703.33,approved
676,676,2024-11-25,debit_card,1999737.47,approved
677,677,2024-10-03,digital_wallet,156276.47,approved
678,678,2024-12-15,credit_card,385816.92,approved
679,679,2024-11-05,digital_wallet,5595452.99,approved
680,680,2024-11-02,digital_wallet,575474.49,approved
681,681,2024-12-19,digital_wallet,295947.85,approved
682,682,2024-12-09,debit_card,1459984.16,approved
683,683,2024-10-04,debit_card,2820424.93,approved
684,684,2024-11-22,debit_card,1143154.87,approved
685,685,2024-09-02,digital_wallet,1352963.14,approved
686,686,2024-11-16,debit_card,597236.85,approved
687,687,2024-11-04,credit_card,5317989.99,approved
688,688,2024-12-26,credit_card,938072.72,approved
689,689,2024-12-02,debit_card,1865044.66,approved
690,690,2024-11-02,digital_wallet,1370628.18,approved
691,691,2024-11-09,transfer,225792.95,approved
692,692,2024-09-23,transfer,173060.09,approved
693,693,2024-03-14,credit_card,119119.98,approved
694,694,2024-11-10,digital_wallet,603488.42,approved
695,695,2024-12-01,debit_card,383575.96,approved
696,696,2024-11-10,digital_wallet,2317612.76,approved
697,697,2024-09-17,debit_card,302487.0,approved
698,698,2024-09-30,transfer,100869.9,approved
699,699,2024-10-16,debit_card,201637.55,approved
700,700,2024-09-16,credit_card,478474.47,approved
701,701,2024-06-21,credit_card,206675.4,approved
702,702,2024-04-25,credit_card,2334949.14,approved
703,703,2024-11-20,debit_card,2477791.57,approved
704,704,2024-06-25,credit_card,0.0,failed
705,705,2024-07-03,debit_card,1778910.84,approved
706,706,2024-06-20,debit_card,29458.14,approved
707,707,2024-08-24,debit_card,148409.03,approved
708,708,2024-11-03,credit_card,1674335.25,approved
709,709,2024-11-24,debit_card,1016557.47,approved
710,710,2024-03-24,debit_card,28556.06,approved
711,711,2024-06-26,credit_card,749533.57,approved
712,712,2024-08-27,transfer,3303469.86,approved
713,713,2024-09-03,credit_card,574315.07,approved
714,714,2024-08-01,digital_wallet,308430.43,approved
715,715,2024-06-19,digital_wallet,379710.68,approved
716,716,2024-10-06,transfer,29390.12,approved
717,717,2024-11-27,credit_card,375554.56,approved
718,718,2024-10-31,transfer,3986612.57,approved
719,719,2024-05-18,transfer,563815.67,approved
720,720,2024-11-23,debit_card,928612.24,approved
721,721,2024-12-04,credit_card,758078.13,approved
722,722,2024-11-15,credit_card,1690485.38,approved
723,723,2024-11-20,credit_card,2035974.86,approved
724,724,2024-11-24,transfer,131578.2,approved
725,725,2024-12-07,digital_wallet,133648.62,approved
726,726,2024-12-19,debit_card,1556000.31,approved
727,727,2024-12-17,credit_card,3409862.96,approved
728,728,2024-12-05,credit_card,1156533.57,approved
729,729,2024-11-10,debit_card,470029.34,approved
730,730,2024-08-05,credit_card,0.0,failed
731,731,2024-08-30,credit_card,2029998.04,approved
732,732,2024-09-11,transfer,1581316.77,approved
733,733,2024-12-17,transfer,766596.16,approved
734,734,2024-07-26,digital_wallet,258696.3,approved
735,735,2024-09-13,transfer,1251151.0,approved
736,736,2024-04-25,credit_card,28993.79,approved
737,737,2024-12-16,digital_wallet,100215.56,approved
738,738,2024-11-13,credit_card,183207.58,approved
739,739,2024-10-21,transfer,201615.64,approved
740,740,2024-11-24,credit_card,148607.92,approved
741,741,2024-09-09,credit_card,3631267.43,approved
742,742,2024-09-18,debit_card,1144913.53,approved
743,743,2024-12-26,credit_card,294825.0,approved
744,744,2024-12-14,credit_card,101309.53,approved
745,745,2024-09-24,credit_card,2161971.73,approved
746,746,2024-03-15,digital_wallet,57555.77,approved
747,747,2024-11-30,credit_card,330497.4,approved
748,748,2024-07-06,debit_card,574548.42,approved
749,749,2024-09-03,digital_wallet,651413.19,approved
750,750,2024-10-06,credit_card,386059.03,approved
751,751,2024-10-26,digital_wallet,3242735.62,approved
752,752,2024-07-27,digital_wallet,191151.23,approved
753,753,2024-12-19,digital_wallet,403029.73,approved
754,754,2024-12-19,debit_card,1510384.29,approved
755,755,2024-12-27,debit_card,1307331.78,approved
756,756,2024-09-10,transfer,381652.05,approved
757,757,2024-04-22,credit_card,2656909.81,approved
758,758,2024-11-05,credit_card,210895.32,approved
759,759,2024-12-07,credit_card,407706.97,approved
760,760,2024-04-10,transfer,197711.54,approved
761,761,2024-10-05,credit_card,303329.71,approved
762,762,2024-11-20,transfer,867693.68,approved
763,763,2024-12-10,credit_card,593560.76,approved
764,764,2024-11-21,transfer,1574013.19,approved
765,765,2024-10-11,debit_card,91718.06,approved
766,766,2024-07-04,credit_card,92443.21,approved
767,767,2024-09-16,credit_card,397125.66,approved
768,768,2024-11-13,credit_card,2261971.1,approved
769,769,2024-12-29,credit_card,1635657.21,approved
770,770,2024-08-04,debit_card,1292988.46,approved
771,771,2024-04-26,digital_wallet,203819.58,approved
772,772,2024-11-08,transfer,78186.83,approved
773,773,2024-12-28,digital_wallet,1315859.27,approved
774,774,2024-08-03,digital_wallet,707332.74,approved
775,775,2024-04-27,debit_card,204412.75,approved
776,776,2024-12-17,credit_card,683122.32,approved
777,777,2024-07-18,digital_wallet,592176.27,approved
778,778,2024-10-31,transfer,300985.52,approved
779,779,2024-12-26,digital_wallet,4674538.5,approved
780,780,2024-08-08,transfer,1070229.32,approved
781,781,2024-06-08,digital_wallet,247138.74,approved
782,782,2024-09-30,digital_wallet,1355488.25,approved
783,783,2024-09-06,digital_wallet,390293.63,approved
784,784,2024-07-13,transfer,566060.91,approved
785,785,2024-10-28,debit_card,1257541.64,approved
786,786,2024-08-20,digital_wallet,299316.42,approved
787,787,2024-10-11,digital_wallet,105172.26,approved
788,788,2024-10-08,debit_card,688707.41,approved
789,789,2024-12-28,debit_card,892304.63,approved
790,790,2024-05-17,transfer,113739.2,approved
791,791,2024-11-05,credit_card,491607.85,approved
792,792,2024-08-26,credit_card,450469.52,approved
793,793,2024-11-17,credit_card,132830.91,approved
794,794,2024-10-03,digital_wallet,1361367.58,approved
795,795,2024-09-30,credit_card,1190328.09,approved
796,796,2024-11-25,debit_card,1246621.44,approved
797,797,2024-12-22,digital_wallet,571212.99,approved
798,798,2024-12-23,credit_card,185474.05,approved
799,799,2024-09-29,credit_card,92725.74,approved
800,800,2024-10-03,digital_wallet,28517.61,approved
801,801,2024-11-06,transfer,1140122.47,approved
802,802,2024-10-04,credit_card,590264.1,approved
803,803,2024-10-28,digital_wallet,385357.03,approved
804,804,2024-11-25,digital_wallet,529688.76,approved
805,805,2024-11-04,digital_wallet,3334625.45,approved
806,806,2024-12-24,credit_card,1538122.15,approved
807,807,2024-09-25,debit_card,2423303.74,approved
808,808,2024-11-29,transfer,181044.04,approved
809,809,2024-09-19,debit_card,29115.06,approved
810,810,2024-09-18,credit_card,323039.94,approved
811,811,2024-11-17,credit_card,560543.04,approved
812,812,2024-05-16,transfer,589164.44,approved
813,813,2024-10-18,credit_card,0.0,failed
814,814,2024-10-08,digital_wallet,765098.1,approved
815,815,2024-09-17,debit_card,880079.98,approved
816,816,2024-07-24,credit_card,3535015.19,approved
817,817,2024-09-28,transfer,357841.97,approved
818,818,2024-09-27,debit_card,473976.26,approved
819,819,2024-09-12,transfer,1162487.39,approved
820,820,2024-06-26,credit_card,1244672.95,approved
821,821,2024-09-11,credit_card,58910.37,approved
822,822,2024-09-16,transfer,58721.08,approved
823,823,2024-02-22,digital_wallet,2284564.9,approved
824,824,2024-11-05,credit_card,1743548.39,approved
825,825,2024-05-07,transfer,820505.29,approved
826,826,2024-11-22,credit_card,260434.16,approved
827,827,2024-10-25,credit_card,502943.58,approved
828,828,2024-12-10,credit_card,1181723.65,approved
829,829,2024-10-05,digital_wallet,385005.89,approved
830,830,2024-12-22,credit_card,998182.03,approved
831,831,2024-12-13,credit_card,2421052.87,approved
832,832,2024-12-14,transfer,100900.57,approved
833,833,2024-12-29,credit_card,29005.62,approved
834,834,2024-12-02,credit_card,406085.42,approved
835,835,2024-10-01,credit_card,639275.29,approved
836,836,2024-09-23,digital_wallet,120998.61,approved
837,837,2024-12-23,credit_card,517007.01,approved
838,838,2024-10-30,credit_card,0.0,cancelled
839,839,2024-10-06,credit_card,100460.94,approved
840,840,2024-12-11,digital_wallet,1835532.27,approved
841,841,2024-11-29,transfer,3896606.77,approved
842,842,2024-10-13,debit_card,3471125.1,approved
843,843,2024-05-30,debit_card,100409.82,approved
844,844,2024-04-26,credit_card,1168780.73,approved
845,845,2024-12-01,transfer,422892.26,approved
846,846,2024-05-08,transfer,120182.89,approved
847,847,2024-08-06,credit_card,890322.98,approved
848,848,2024-12-21,digital_wallet,831816.81,approved
849,849,2024-07-18,debit_card,1440362.27,approved
850,850,2024-08-13,credit_card,1372458.7,approved
851,851,2024-12-08,digital_wallet,0.0,failed
852,852,2024-10-30,transfer,0.0,failed
853,853,2024-02-15,digital_wallet,1246710.14,approved
854,854,2024-11-07,transfer,5389589.92,approved
855,855,2024-10-31,transfer,128793.38,approved
856,856,2024-09-19,credit_card,3762606.1,approved
857,857,2024-09-25,transfer,1928572.81,approved
858,858,2024-10-15,debit_card,2485992.11,approved
859,859,2024-11-28,digital_wallet,29310.26,approved
860,860,2024-12-20,credit_card,4102230.63,approved
861,861,2024-08-01,credit_card,1185048.43,approved
862,862,2024-12-03,credit_card,825144.54,approved
863,863,2024-06-23,debit_card,1181988.51,approved
864,864,2024-11-25,credit_card,56905.09,approved
865,865,2024-08-26,digital_wallet,684169.85,approved
866,866,2024-09-19,digital_wallet,2346823.37,approved
867,867,2024-11-28,transfer,159451.24,approved
868,868,2024-12-26,credit_card,28644.79,approved
869,869,2024-12-30,credit_card,210670.87,approved
870,870,2024-10-04,digital_wallet,499530.91,approved
871,871,2024-12-02,credit_card,29532.09,approved
872,872,2024-12-29,transfer,1271231.03,approved
873,873,2024-10-11,debit_card,467441.72,approved
874,874,2024-07-14,digital_wallet,28792.67,approved
875,875,2024-09-04,credit_card,100051.98,approved
876,876,2024-05-04,credit_card,1738745.01,approved
877,877,2024-12-05,transfer,462195.5,approved
878,878,2024-11-05,credit_card,1372146.07,approved
879,879,2024-12-05,transfer,566883.32,approved
880,880,2024-07-17,credit_card,28813.38,approved
881,881,2024-05-07,debit_card,1652554.89,approved
882,882,2024-11-19,debit_card,1060922.34,approved
883,883,2024-12-14,debit_card,1165693.43,approved
884,884,2024-11-06,digital_wallet,776564.04,approved
885,885,2024-08-13,digital_wallet,121282.88,approved
886,886,2024-09-25,digital_wallet,709443.9,approved
887,887,2024-04-19,digital_wallet,1175074.08,approved
888,888,2024-10-31,debit_card,133903.31,approved
889,889,2024-07-28,credit_card,3007636.2,approved
890,890,2024-10-17,transfer,28653.66,approved
891,891,2024-05-30,credit_card,204603.42,approved
892,892,2024-12-12,credit_card,1743171.24,approved
893,893,2024-10-28,transfer,291911.65,approved
894,894,2024-10-14,transfer,606754.27,approved
895,895,2024-11-14,credit_card,29464.06,approved
896,896,2024-10-19,digital_wallet,201330.83,approved
897,897,2024-11-12,digital_wallet,1430412.18,approved
898,898,2024-09-18,debit_card,201269.49,approved
899,899,2024-08-31,transfer,2642714.25,approved
900,900,2024-12-07,credit_card,1159043.86,approved
901,901,2024-11-17,digital_wallet,169691.53,approved
902,902,2024-12-03,credit_card,169744.16,approved
903,903,2024-07-24,digital_wallet,1393551.45,approved
904,904,2024-12-06,digital_wallet,388594.02,approved
905,905,2024-10-26,transfer,262632.27,approved
906,906,2024-12-04,digital_wallet,323560.96,approved
907,907,2024-12-21,debit_card,2481036.41,approved
908,908,2024-10-12,digital_wallet,266572.58,approved
909,909,2024-09-30,transfer,99489.66,approved
910,910,2024-12-11,credit_card,80341.14,approved
911,911,2024-11-24,credit_card,28857.74,approved
912,912,2024-12-18,debit_card,448694.07,approved
913,913,2024-12-03,digital_wallet,258315.83,approved
914,914,2024-07-05,digital_wallet,1350076.03,approved
915,915,2024-11-03,digital_wallet,304497.19,approved
916,916,2024-11-03,credit_card,130632.48,approved
917,917,2024-10-31,debit_card,505623.9,approved
918,918,2024-06-10,transfer,0.0,failed
919,919,2024-06-11,credit_card,353418.49,approved
920,920,2024-11-27,transfer,29508.42,approved
921,921,2024-10-07,transfer,426133.45,approved
922,922,2024-11-01,transfer,1517404.26,approved
923,923,2024-08-14,transfer,105881.95,approved
924,924,2024-05-18,transfer,2427395.77,approved
925,925,2024-08-03,credit_card,2080247.34,approved
926,926,2024-10-25,digital_wallet,133997.15,approved
927,927,2024-08-23,credit_card,3904483.69,approved
928,928,2024-10-31,transfer,649347.01,approved
929,929,2024-10-16,credit_card,594327.47,approved
930,930,2024-11-18,transfer,2735218.25,approved
931,931,2024-08-20,digital_wallet,521859.33,approved
932,932,2024-12-10,credit_card,187719.12,approved
933,933,2024-10-17,digital_wallet,5862912.71,approved
934,934,2024-11-28,credit_card,484101.34,approved
935,935,2024-09-05,credit_card,102767.78,approved
936,936,2024-11-24,digital_wallet,129935.41,approved
937,937,2024-07-24,transfer,773478.36,approved
938,938,2024-10-28,credit_card,1793210.35,approved
939,939,2024-10-04,digital_wallet,388515.85,approved
940,940,2024-06-04,transfer,403533.86,approved
941,941,2024-10-08,credit_card,171884.6,approved
942,942,2024-12-13,digital_wallet,246891.55,approved
943,943,2024-12-16,debit_card,320368.32,approved
944,944,2024-10-04,credit_card,117998.2,approved
945,945,2024-12-17,digital_wallet,1408388.75,approved
946,946,2024-04-14,transfer,202721.29,approved
947,947,2024-10-10,transfer,181835.65,approved
948,948,2024-08-07,digital_wallet,498531.69,approved
949,949,2024-11-05,digital_wallet,975692.35,approved
950,950,2024-11-18,credit_card,1004798.1,approved
951,951,2024-11-06,digital_wallet,557913.97,approved
952,952,2024-09-26,debit_card,0.0,failed
953,953,2024-12-12,digital_wallet,1673649.36,approved
954,954,2024-11-10,digital_wallet,2318800.18,approved
955,955,2024-11-14,credit_card,487118.42,approved
956,956,2024-10-20,transfer,4149974.99,approved
957,957,2024-12-17,debit_card,384538.04,approved
958,958,2024-10-21,credit_card,783215.07,approved
959,959,2024-10-02,digital_wallet,2142219.87,approved
960,960,2024-09-17,digital_wallet,91105.91,approved
961,961,2024-10-12,digital_wallet,962090.62,approved
962,962,2024-08-22,transfer,2351810.55,approved
963,963,2024-12-21,credit_card,1402484.2,approved
964,964,2024-11-25,digital_wallet,1643273.17,approved
965,965,2024-11-27,debit_card,377869.07,approved
966,966,2024-11-28,digital_wallet,0.0,failed
967,967,2024-10-26,digital_wallet,121100.78,approved
968,968,2024-11-01,transfer,87620.23,approved
969,969,2024-12-08,credit_card,57910.69,approved
970,970,2024-12-04,credit_card,123482.86,approved
971,971,2024-12-14,debit_card,896297.49,approved
972,972,2024-08-23,transfer,1449190.89,approved
973,973,2024-12-13,transfer,3478200.27,approved
974,974,2024-08-30,digital_wallet,159615.59,approved
975,975,2024-11-29,transfer,511599.37,approved
976,976,2024-11-17,transfer,362728.47,approved
977,977,2024-07-27,digital_wallet,393172.36,approved
978,978,2024-10-21,transfer,200022.16,approved
979,979,2024-04-15,digital_wallet,383267.98,approved
980,980,2024-11-30,digital_wallet,384884.5,approved
981,981,2024-10-24,credit_card,256584.79,approved
982,982,2024-11-19,digital_wallet,7310217.7,approved
983,983,2024-12-21,credit_card,273854.54,approved
984,984,2024-05-04,digital_wallet,123569.37,approved
985,985,2024-10-17,transfer,92452.63,approved
986,986,2024-09-26,transfer,435777.76,approved
987,987,2024-11-18,credit_card,187192.65,approved
988,988,2024-02-25,credit_card,5196826.32,approved
989,989,2024-12-27,credit_card,1105005.4,approved
990,990,2024-06-03,digital_wallet,1199266.55,approved
991,991,2024-09-17,debit_card,2358460.12,approved
992,992,2024-12-20,transfer,586433.18,approved
993,993,2024-12-24,digital_wallet,415376.98,approved
994,994,2024-10-09,credit_card,1123236.38,approved
995,995,2024-07-30,digital_wallet,120739.07,approved
996,996,2024-09-11,debit_card,387346.02,approved
997,997,2024-04-30,credit_card,297192.1,approved
998,998,2024-06-27,digital_wallet,186749.05,approved
999,999,2024-12-13,credit_card,0.0,failed
1000,1000,2024-10-18,debit_card,382418.33,approved
1001,1001,2024-11-20,digital_wallet,685658.89,approved
1002,1002,2024-10-20,credit_card,1175105.35,approved
1003,1003,2024-09-26,debit_card,3588548.62,approved
1004,1004,2024-10-27,digital_wallet,592587.97,approved
1005,1005,2024-11-20,digital_wallet,58803.9,approved
1006,1006,2024-12-11,digital_wallet,1171411.1,approved
1007,1007,2024-09-17,credit_card,680506.13,approved
1008,1008,2024-09-03,debit_card,314342.54,approved
1009,1009,2024-06-28,transfer,898462.06,approved
1010,1010,2024-10-09,credit_card,390757.77,approved
1011,1011,2024-10-03,transfer,1731497.48,approved
1012,1012,2024-07-14,transfer,295826.46,approved
1013,1013,2024-10-20,digital_wallet,378363.2,approved
1014,1014,2024-11-24,credit_card,149521.48,approved
1015,1015,2024-03-09,credit_card,359708.42,approved
1016,1016,2024-09-27,debit_card,441641.7,approved
1017,1017,2024-05-24,transfer,98845.54,approved
1018,1018,2024-10-31,transfer,1178161.38,approved
1019,1019,2024-04-16,credit_card,1015472.5,approved
1020,1020,2024-10-30,credit_card,1259144.81,approved
1021,1021,2024-12-05,transfer,1625291.48,approved
1022,1022,2024-12-21,digital_wallet,120953.99,approved
1023,1023,2024-12-10,digital_wallet,3714191.06,approved
1024,1024,2024-05-25,transfer,737493.07,approved
1025,1025,2024-12-26,debit_card,0.0,cancelled
1026,1026,2024-11-16,debit_card,1282357.49,approved
1027,1027,2024-12-03,credit_card,388126.02,approved
1028,1028,2024-11-25,digital_wallet,858458.76,approved
1029,1029,2024-10-29,transfer,299862.67,approved
1030,1030,2024-09-06,debit_card,93432.06,approved
1031,1031,2024-04-25,credit_card,2357510.18,approved
1032,1032,2024-10-08,debit_card,296706.54,approved
1033,1033,2024-07-03,credit_card,905403.2,approved
1034,1034,2024-06-24,credit_card,115123.37,approved
1035,1035,2024-05-23,digital_wallet,900888.15,approved
1036,1036,2024-12-06,credit_card,342856.89,approved
1037,1037,2024-11-17,debit_card,282605.12,approved
1038,1038,2024-12-25,credit_card,78267.82,approved
1039,1039,2024-09-06,digital_wallet,1170918.1,approved
1040,1040,2024-10-24,transfer,1278873.08,approved
1041,1041,2024-11-29,credit_card,844251.68,approved
1042,1042,2024-07-18,digital_wallet,195367.93,approved
1043,1043,2024-10-19,digital_wallet,3931338.26,approved
1044,1044,2024-11-02,digital_wallet,6970468.83,approved
1045,1045,2024-09-26,credit_card,121851.41,approved
1046,1046,2024-02-18,debit_card,1759207.46,approved
1047,1047,2024-11-21,digital_wallet,2291014.48,approved
1048,1048,2024-09-05,digital_wallet,100992.58,approved
1049,1049,2024-11-03,digital_wallet,295249.86,approved
1050,1050,2024-12-03,transfer,204539.86,approved
1051,1051,2024-12-13,transfer,274874.74,approved
1052,1052,2024-11-27,digital_wallet,308335.1,approved
1053,1053,2024-10-20,credit_card,1172343.0,approved
1054,1054,2024-11-08,transfer,5102593.49,approved
1055,1055,2024-12-01,digital_wallet,1516441.51,approved
1056,1056,2024-10-25,credit_card,329940.36,approved
1057,1057,2024-11-04,credit_card,159597.02,approved
1058,1058,2024-09-05,credit_card,57538.03,approved
1059,1059,2024-12-06,digital_wallet,478461.24,approved
1060,1060,2024-09-03,digital_wallet,28437.76,approved
1061,1061,2024-10-21,transfer,1514839.35,approved
1062,1062,2024-10-21,digital_wallet,1353131.4,approved
1063,1063,2024-07-20,debit_card,481668.99,approved
1064,1064,2024-09-23,credit_card,0.0,cancelled
1065,1065,2024-10-07,transfer,3267886.59,approved
1066,1066,2024-11-30,credit_card,1120686.93,approved
1067,1067,2024-11-17,credit_card,678800.16,approved
1068,1068,2024-09-17,credit_card,494179.73,approved
1069,1069,2024-10-15,debit_card,276227.77,approved
1070,1070,2024-09-15,digital_wallet,2083551.88,approved
1071,1071,2024-08-07,debit_card,270764.52,approved
1072,1072,2024-10-10,credit_card,1149900.7,approved
1073,1073,2024-12-03,digital_wallet,397125.66,approved
1074,1074,2024-10-13,credit_card,346865.23,approved
1075,1075,2024-12-04,digital_wallet,1383168.88,approved
1076,1076,2024-10-26,digital_wallet,3174280.61,approved
1077,1077,2024-10-09,debit_card,269182.45,approved
1078,1078,2024-12-29,credit_card,239589.91,approved
1079,1079,2024-10-08,transfer,1158790.24,approved
1080,1080,2024-11-26,digital_wallet,106765.7,approved
1081,1081,2024-09-06,debit_card,573764.74,approved
1082,1082,2024-12-08,credit_card,192869.84,approved
1083,1083,2024-12-03,digital_wallet,816066.17,approved
1084,1084,2024-11-02,debit_card,598632.83,approved
1085,1085,2024-11-02,credit_card,294452.12,approved
1086,1086,2024-09-15,digital_wallet,1164387.27,approved
1087,1087,2024-12-05,debit_card,0.0,cancelled
1088,1088,2024-07-05,credit_card,183737.47,approved
1089,1089,2024-06-10,transfer,299043.29,approved
1090,1090,2024-11-21,credit_card,29118.02,approved
1091,1091,2024-06-30,credit_card,1167355.83,approved
1092,1092,2024-08-13,digital_wallet,120393.0,approved
1093,1093,2024-11-10,digital_wallet,386465.18,approved
1094,1094,2024-12-09,debit_card,959940.6,approved
1095,1095,2024-09-23,transfer,3953663.52,approved
1096,1096,2024-11-27,credit_card,29197.87,approved
1097,1097,2024-10-26,debit_card,505119.59,approved
1098,1098,2024-10-18,credit_card,979777.17,approved
1099,1099,2024-09-29,credit_card,29437.44,approved
1100,1100,2024-11-28,transfer,3458068.59,approved
1101,1101,2024-11-30,digital_wallet,396966.25,approved
1102,1102,2024-11-03,debit_card,2409668.5,approved
1103,1103,2024-12-21,credit_card,0.0,failed
1104,1104,2024-10-22,transfer,90644.45,approved
1105,1105,2024-10-15,debit_card,589164.44,approved
1106,1106,2024-11-14,credit_card,2801157.5,approved
1107,1107,2024-10-27,credit_card,899861.13,approved
1108,1108,2024-12-03,credit_card,101677.59,approved
1109,1109,2024-10-10,debit_card,98477.48,approved
1110,1110,2024-12-06,credit_card,562862.77,approved
1111,1111,2024-10-20,digital_wallet,365183.46,approved
1112,1112,2024-07-14,credit_card,0.0,cancelled
1113,1113,2024-12-15,debit_card,296874.03,approved
1114,1114,2024-12-02,debit_card,778230.79,approved
1115,1115,2024-09-12,digital_wallet,1690449.2,approved
1116,1116,2024-07-24,credit_card,188182.58,approved
1117,1117,2024-11-06,transfer,101595.8,approved
1118,1118,2024-09-13,credit_card,1734300.13,approved
1119,1119,2024-12-23,debit_card,133380.52,approved
1120,1120,2024-08-09,credit_card,412371.28,approved
1121,1121,2024-12-16,credit_card,1700978.95,approved
1122,1122,2024-06-20,credit_card,882202.6,approved
1123,1123,2024-11-05,credit_card,28766.06,approved
1124,1124,2024-07-17,credit_card,162726.24,approved
1125,1125,2024-10-15,transfer,202741.74,approved
1126,1126,2024-09-17,transfer,438621.73,approved
1127,1127,2024-12-17,transfer,573804.44,approved
1128,1128,2024-12-02,credit_card,389994.35,approved
1129,1129,2024-05-08,credit_card,1159162.61,approved
1130,1130,2024-10-17,digital_wallet,1558919.45,approved
1131,1131,2024-11-25,credit_card,574488.67,approved
1132,1132,2024-08-03,digital_wallet,1208843.92,approved
1133,1133,2024-10-13,digital_wallet,1335495.94,approved
1134,1134,2024-09-09,credit_card,4961741.08,approved
1135,1135,2024-12-16,digital_wallet,208903.94,approved
1136,1136,2024-11-30,transfer,186420.25,approved
1137,1137,2024-04-13,transfer,104218.94,approved
1138,1138,2024-08-31,debit_card,0.0,cancelled
1139,1139,2024-08-24,transfer,692155.47,approved
1140,1140,2024-09-27,transfer,3145743.98,approved
1141,1141,2024-12-30,digital_wallet,1892609.63,approved
1142,1142,2024-08-26,transfer,116720.5,approved
1143,1143,2024-11-20,credit_card,93102.44,approved
1144,1144,2024-11-25,credit_card,2222922.35,approved
1145,1145,2024-12-03,digital_wallet,1489798.53,approved
1146,1146,2024-12-05,credit_card,681846.37,approved
1147,1147,2024-10-13,debit_card,617382.22,approved
1148,1148,2024-10-09,debit_card,88480.91,approved
1149,1149,2024-12-29,credit_card,2080353.99,approved
1150,1150,2024-12-20,credit_card,390884.43,approved
1151,1151,2024-09-28,credit_card,201146.8,approved
1152,1152,2024-09-11,debit_card,1090878.49,approved
1153,1153,2024-12-05,digital_wallet,674040.0,approved
1154,1154,2024-10-16,debit_card,2957866.96,approved
1155,1155,2024-08-22,transfer,278479.84,approved
1156,1156,2024-09-21,debit_card,5081953.97,approved
1157,1157,2024-10-31,digital_wallet,723924.48,approved
1158,1158,2024-07-04,transfer,566542.17,approved
1159,1159,2024-12-02,credit_card,197138.99,approved
1160,1160,2024-12-11,debit_card,28559.02,approved
1161,1161,2024-06-11,digital_wallet,1170918.1,approved
1162,1162,2024-11-20,transfer,99919.06,approved
1163,1163,2024-11-29,digital_wallet,113869.33,approved
1164,1164,2024-09-24,credit_card,1115615.74,approved
1165,1165,2024-07-05,digital_wallet,1154412.91,approved
1166,1166,2024-09-24,credit_card,3486749.72,approved
1167,1167,2024-12-07,credit_card,1165672.4,approved
1168,1168,2024-11-11,debit_card,1181323.88,approved
1169,1169,2024-07-23,credit_card,2118702.12,approved
1170,1170,2024-11-28,transfer,677228.49,approved
1171,1171,2024-12-11,digital_wallet,91284.85,approved
1172,1172,2024-11-18,digital_wallet,584175.01,approved
1173,1173,2024-12-15,transfer,101237.96,approved
1174,1174,2024-06-09,debit_card,307188.22,approved
1175,1175,2024-11-12,digital_wallet,182354.76,approved
1176,1176,2024-11-30,transfer,1639291.73,approved
1177,1177,2024-08-16,digital_wallet,602335.22,approved
1178,1178,2024-09-26,digital_wallet,28490.99,approved
1179,1179,2024-04-18,credit_card,423139.82,approved
1180,1180,2024-10-18,credit_card,887888.59,approved
1181,1181,2024-11-19,debit_card,374594.66,approved
1182,1182,2024-10-28,digital_wallet,100236.01,approved
1183,1183,2024-12-21,digital_wallet,3539443.04,approved
1184,1184,2024-11-26,transfer,180241.25,approved
1185,1185,2024-07-13,credit_card,391203.92,approved
1186,1186,2024-09-19,credit_card,342942.12,approved
1187,1187,2024-12-26,digital_wallet,86271.55,approved
1188,1188,2024-12-01,debit_card,28777.89,approved
1189,1189,2024-09-18,transfer,964152.59,approved
1190,1190,2024-11-14,digital_wallet,5858994.36,approved
1191,1191,2024-10-09,digital_wallet,306413.01,approved
1192,1192,2024-12-04,transfer,298588.08,approved
1193,1193,2024-12-25,debit_card,426359.97,approved
1194,1194,2024-10-06,transfer,2512854.35,approved
1195,1195,2024-07-08,credit_card,294491.18,approved
1196,1196,2024-10-27,transfer,393299.86,approved
1197,1197,2024-12-14,credit_card,478379.82,approved
1198,1198,2024-11-10,digital_wallet,383021.47,approved
1199,1199,2024-11-29,digital_wallet,257501.05,approved
1200,1200,2024-09-30,digital_wallet,157912.45,approved
1201,1201,2024-07-23,debit_card,0.0,failed
1202,1202,2024-09-18,credit_card,0.0,failed
1203,1203,2024-08-16,debit_card,115845.04,approved
1204,1204,2024-12-04,transfer,296888.62,approved
1205,1205,2024-08-15,credit_card,94063.04,approved
1206,1206,2024-06-19,debit_card,498433.35,approved
1207,1207,2024-09-14,transfer,4848189.83,approved
1208,1208,2024-12-08,credit_card,1377576.55,approved
1209,1209,2024-07-08,credit_card,1400638.02,approved
1210,1210,2024-12-19,debit_card,231304.45,approved
1211,1211,2024-06-16,transfer,952797.84,approved
1212,1212,2024-11-10,transfer,321103.47,approved
1213,1213,2024-09-27,debit_card,29348.71,approved
1214,1214,2024-09-12,credit_card,440861.87,approved
1215,1215,2024-11-19,credit_card,1857616.54,approved
1216,1216,2024-09-07,credit_card,190146.75,approved
1217,1217,2024-09-02,credit_card,588739.58,approved
1218,1218,2024-12-08,digital_wallet,948279.98,approved
1219,1219,2024-07-28,credit_card,90795.13,approved
1220,1220,2024-10-12,credit_card,102259.34,approved
1221,1221,2024-11-26,credit_card,2104704.55,approved
1222,1222,2024-11-05,debit_card,1768577.68,approved
1223,1223,2024-10-04,credit_card,462399.46,approved
1224,1224,2024-11-17,credit_card,604702.31,approved
1225,1225,2024-10-21,credit_card,1853905.5,approved
1226,1226,2024-10-16,digital_wallet,1359024.8,approved
1227,1227,2024-10-16,digital_wallet,128465.41,approved
1228,1228,2024-10-11,digital_wallet,1611030.47,approved
1229,1229,2024-09-28,credit_card,536203.08,approved
1230,1230,2024-12-22,credit_card,161686.54,approved
1231,1231,2024-09-15,transfer,125139.57,approved
1232,1232,2024-12-22,credit_card,1219836.1,approved
1233,1233,2024-09-27,debit_card,767308.36,approved
1234,1234,2024-11-08,transfer,2912503.47,approved
1235,1235,2024-07-05,debit_card,385449.01,approved
1236,1236,2024-11-15,debit_card,90409.01,approved
1237,1237,2024-09-15,credit_card,168498.49,approved
1238,1238,2024-08-11,digital_wallet,1148119.57,approved
1239,1239,2024-10-28,transfer,383407.04,approved
1240,1240,2024-10-04,transfer,432539.97,approved
1241,1241,2024-10-26,debit_card,612352.83,approved
1242,1242,2024-12-09,digital_wallet,29508.42,approved
1243,1243,2024-11-02,digital_wallet,2491965.53,approved
1244,1244,2024-09-28,transfer,1152631.78,approved
1245,1245,2024-05-17,debit_card,765796.95,approved
1246,1246,2024-10-25,digital_wallet,201392.17,approved
1247,1247,2024-09-27,digital_wallet,0.0,failed
1248,1248,2024-09-21,transfer,1612533.72,approved
1249,1249,2024-12-11,transfer,0.0,cancelled
1250,1250,2024-04-29,credit_card,877816.78,approved
1251,1251,2024-12-08,debit_card,107413.83,approved
1252,1252,2024-11-29,credit_card,156544.23,approved
1253,1253,2024-11-08,debit_card,384460.04,approved
1254,1254,2024-09-07,transfer,1368984.51,approved
1255,1255,2024-09-15,debit_card,120479.52,approved
1256,1256,2024-12-06,credit_card,1189132.98,approved
1257,1257,2024-10-22,debit_card,28984.92,approved
1258,1258,2024-09-24,credit_card,102096.77,approved
1259,1259,2024-12-22,digital_wallet,380989.06,approved
1260,1260,2024-11-21,digital_wallet,1572904.46,approved
1261,1261,2024-05-19,digital_wallet,120393.0,approved
1262,1262,2024-12-20,credit_card,3530548.47,approved
1263,1263,2024-06-01,credit_card,58366.17,approved
1264,1264,2024-08-16,digital_wallet,127973.09,approved
1265,1265,2024-10-16,credit_card,2315950.37,approved
1266,1266,2024-06-28,transfer,300287.53,approved
1267,1267,2024-07-21,digital_wallet,582908.37,approved
1268,1268,2024-07-29,debit_card,79069.61,approved
1269,1269,2024-12-23,debit_card,400833.67,approved
1270,1270,2024-10-27,credit_card,688493.23,approved
1271,1271,2024-08-16,digital_wallet,28650.71,approved
1272,1272,2024-10-03,credit_card,869309.06,approved
1273,1273,2024-10-16,credit_card,196750.48,approved
1274,1274,2024-09-05,debit_card,1453978.13,approved
1275,1275,2024-12-21,credit_card,2628700.7,approved
1276,1276,2024-10-16,transfer,777812.03,approved
1277,1277,2024-10-25,debit_card,1309707.0,approved
1278,1278,2024-07-23,credit_card,307262.12,approved
1279,1279,2024-07-24,credit_card,1275504.83,approved
1280,1280,2024-07-07,credit_card,1577235.06,approved
1281,1281,2024-06-29,credit_card,99683.91,approved
1282,1282,2024-11-04,credit_card,582973.57,approved
1283,1283,2024-09-26,digital_wallet,1179586.29,approved
1284,1284,2024-11-13,credit_card,186713.44,approved
1285,1285,2024-10-23,credit_card,123935.2,approved
1286,1286,2024-11-23,credit_card,705906.21,approved
1287,1287,2024-11-22,transfer,1162962.36,approved
1288,1288,2024-07-02,digital_wallet,93997.12,approved
1289,1289,2024-07-26,digital_wallet,3898288.21,approved
1290,1290,2024-10-05,debit_card,1170205.64,approved
1291,1291,2024-09-19,credit_card,2444707.24,approved
1292,1292,2024-11-28,credit_card,1634221.38,approved
1293,1293,2024-09-29,credit_card,614194.66,approved
1294,1294,2024-12-08,digital_wallet,599720.48,approved
1295,1295,2024-12-21,transfer,78049.15,approved
1296,1296,2024-08-13,credit_card,378363.2,approved
1297,1297,2024-07-26,digital_wallet,3755466.18,approved
1298,1298,2024-12-21,digital_wallet,775238.04,approved
1299,1299,2024-12-26,digital_wallet,562968.29,approved
1300,1300,2024-06-11,credit_card,515372.28,approved
1301,1301,2024-05-22,credit_card,1169255.7,approved
1302,1302,2024-09-24,credit_card,757220.14,approved
1303,1303,2024-12-09,debit_card,2589050.82,approved
1304,1304,2024-06-25,debit_card,382070.54,approved
1305,1305,2024-05-24,digital_wallet,756045.56,approved
1306,1306,2024-10-05,credit_card,1473331.07,approved
1307,1307,2024-08-21,transfer,1149813.91,approved
1308,1308,2024-09-30,digital_wallet,1332589.18,approved
1309,1309,2024-05-28,credit_card,28987.88,approved
1310,1310,2024-08-23,credit_card,2963067.65,approved
1311,1311,2024-11-14,transfer,198284.08,approved
1312,1312,2024-12-26,transfer,103795.24,approved
1313,1313,2024-11-19,digital_wallet,98262.78,approved
1314,1314,2024-09-28,digital_wallet,577871.07,approved
1315,1315,2024-10-10,digital_wallet,2693712.98,approved
1316,1316,2024-05-20,transfer,1833722.26,approved
1317,1317,2024-10-21,credit_card,870266.71,approved
1318,1318,2024-08-19,digital_wallet,589236.37,approved
1319,1319,2024-11-02,digital_wallet,889096.27,approved
1320,1320,2024-11-27,debit_card,128629.77,approved
1321,1321,2024-08-31,credit_card,572019.22,approved
1322,1322,2024-06-14,debit_card,295887.16,approved
1323,1323,2024-07-26,digital_wallet,827896.83,approved
1324,1324,2024-11-21,credit_card,348541.34,approved
1325,1325,2024-11-20,transfer,876553.1,approved
1326,1326,2024-11-24,digital_wallet,1129161.24,approved
1327,1327,2024-12-15,digital_wallet,403315.66,approved
1328,1328,2024-07-10,transfer,568020.47,approved
1329,1329,2024-12-01,digital_wallet,58756.58,approved
1330,1330,2024-10-05,credit_card,2649881.3,approved
1331,1331,2024-06-02,credit_card,170165.23,approved
1332,1332,2024-12-10,credit_card,0.0,failed
1333,1333,2024-12-13,debit_card,3777576.15,approved
1334,1334,2024-11-05,credit_card,683016.64,approved
1335,1335,2024-10-08,transfer,80025.28,approved
1336,1336,2024-10-13,debit_card,1281755.49,approved
1337,1337,2024-10-23,transfer,474755.97,approved
1338,1338,2024-07-30,credit_card,85348.76,approved
1339,1339,2024-09-07,credit_card,273442.22,approved
1340,1340,2024-07-05,credit_card,2394381.18,approved
1341,1341,2024-09-10,credit_card,323699.06,approved
1342,1342,2024-10-06,credit_card,283568.57,approved
1343,1343,2024-12-23,credit_card,131972.98,approved
1344,1344,2024-07-06,transfer,150892.94,approved
1345,1345,2024-08-24,credit_card,1116314.18,approved
1346,1346,2024-12-13,credit_card,29171.25,approved
1347,1347,2024-09-27,credit_card,79660.83,approved
1348,1348,2024-11-24,digital_wallet,233819.6,approved
1349,1349,2024-04-09,credit_card,382042.05,approved
1350,1350,2024-08-11,credit_card,575307.48,approved
1351,1351,2024-12-13,debit_card,98211.66,approved
1352,1352,2024-09-24,digital_wallet,1753042.15,approved
1353,1353,2024-12-03,debit_card,399110.62,approved
1354,1354,2024-10-31,debit_card,662633.07,approved
1355,1355,2024-08-05,transfer,182136.48,approved
1356,1356,2024-06-22,transfer,375737.02,approved
1357,1357,2024-12-05,credit_card,86919.27,approved
1358,1358,2024-11-30,credit_card,2708653.34,approved
1359,1359,2024-12-24,digital_wallet,1156107.91,approved
1360,1360,2024-09-18,debit_card,295280.21,approved
1361,1361,2024-05-18,debit_card,573919.62,approved
1362,1362,2024-12-12,credit_card,953021.5,approved
1363,1363,2024-07-16,digital_wallet,29206.74,approved
1364,1364,2024-11-12,credit_card,1531801.33,approved
1365,1365,2024-04-11,credit_card,1308415.02,approved
1366,1366,2024-08-04,debit_card,5232445.32,approved
1367,1367,2024-11-29,debit_card,203089.36,approved
1368,1368,2024-11-24,digital_wallet,1717065.59,approved
1369,1369,2024-12-09,credit_card,1157017.44,approved
1370,1370,2024-09-25,debit_card,92443.21,approved
1371,1371,2024-11-02,credit_card,157227.42,approved
1372,1372,2024-11-20,transfer,1330041.91,approved
1373,1373,2024-12-15,debit_card,2398237.74,approved
1374,1374,2024-07-29,transfer,1760487.23,approved
1375,1375,2024-11-13,credit_card,595044.53,approved
1376,1376,2024-12-29,transfer,210132.67,approved
1377,1377,2024-07-21,debit_card,815774.26,approved
1378,1378,2024-11-21,debit_card,448232.63,approved
1379,1379,2024-12-23,debit_card,2680117.1,approved
1380,1380,2024-09-07,debit_card,28662.54,approved
1381,1381,2024-09-17,digital_wallet,120491.88,approved
1382,1382,2024-05-18,debit_card,485529.74,approved
1383,1383,2024-12-04,digital_wallet,92075.92,approved
1384,1384,2024-08-17,credit_card,1144438.56,approved
1385,1385,2024-12-22,credit_card,201637.55,approved
1386,1386,2024-07-22,debit_card,179814.84,approved
1387,1387,2024-11-03,credit_card,179520.61,approved
1388,1388,2024-11-10,debit_card,290444.3,approved
1389,1389,2024-09-26,credit_card,346851.51,approved
1390,1390,2024-10-25,digital_wallet,1638623.75,approved
1391,1391,2024-07-07,transfer,1424916.07,approved
1392,1392,2024-12-01,debit_card,936061.78,approved
1393,1393,2024-08-19,digital_wallet,3994166.18,approved
1394,1394,2024-10-21,credit_card,692735.53,approved
1395,1395,2024-07-20,debit_card,0.0,cancelled
1396,1396,2024-04-21,credit_card,2062695.85,approved
1397,1397,2024-07-16,digital_wallet,416751.27,approved
1398,1398,2024-08-27,debit_card,202504.79,approved
1399,1399,2024-11-30,transfer,1864240.22,approved
1400,1400,2024-07-11,digital_wallet,646569.24,approved
1401,1401,2025-09-07,digital_wallet,646949.33,approved
1402,1402,2025-12-03,digital_wallet,500951.42,approved
1403,1403,2025-06-15,debit_card,2086408.77,approved
1404,1404,2025-12-30,transfer,87811.26,approved
1405,1405,2025-05-08,credit_card,4360787.61,approved
1406,1406,2025-12-29,digital_wallet,463472.77,approved
1407,1407,2025-11-15,credit_card,4696724.29,approved
1408,1408,2025-03-15,debit_card,4226996.47,approved
1409,1409,2025-10-24,digital_wallet,3929722.41,approved
1410,1410,2025-03-03,digital_wallet,1230094.52,approved
1411,1411,2025-07-13,digital_wallet,2302388.12,approved
1412,1412,2025-11-10,debit_card,338316.37,approved
1413,1413,2025-12-14,credit_card,1453005.34,approved
1414,1414,2025-07-13,digital_wallet,614546.63,approved
1415,1415,2025-12-27,debit_card,61246.68,approved
1416,1416,2025-07-13,digital_wallet,2135781.46,approved
1417,1417,2025-01-10,digital_wallet,0.0,failed
1418,1418,2025-12-25,transfer,1402412.92,approved
1419,1419,2025-09-17,digital_wallet,118695.61,approved
1420,1420,2025-07-16,credit_card,2029378.25,approved
1421,1421,2025-06-27,digital_wallet,523051.38,approved
1422,1422,2025-06-07,credit_card,260919.65,approved
1423,1423,2025-12-27,credit_card,412153.07,approved
1424,1424,2025-08-15,debit_card,647319.88,approved
1425,1425,2025-05-18,transfer,2411970.16,approved
1426,1426,2025-04-26,credit_card,0.0,failed
1427,1427,2025-01-20,digital_wallet,3094177.84,approved
1428,1428,2025-04-20,digital_wallet,105648.99,approved
1429,1429,2025-07-12,transfer,139953.83,approved
1430,1430,2025-08-21,debit_card,1359935.62,approved
1431,1431,2025-11-05,transfer,51301.65,approved
1432,1432,2025-11-27,digital_wallet,791252.71,approved
1433,1433,2025-09-30,digital_wallet,965889.35,approved
1434,1434,2025-12-12,credit_card,237293.33,approved
1435,1435,2025-03-26,credit_card,288714.02,approved
1436,1436,2025-11-26,credit_card,346856.53,approved
1437,1437,2025-02-11,debit_card,522244.14,approved
1438,1438,2025-10-12,debit_card,1220861.12,approved
1439,1439,2025-02-22,transfer,0.0,failed
1440,1440,2025-05-23,debit_card,360129.2,approved
1441,1441,2025-10-11,credit_card,240499.34,approved
1442,1442,2025-05-23,debit_card,109370.12,approved
1443,1443,2025-12-17,credit_card,853824.44,approved
1444,1444,2025-06-06,digital_wallet,335446.32,approved
1445,1445,2025-05-23,debit_card,106940.9,approved
1446,1446,2025-03-13,transfer,2497122.66,approved
1447,1447,2025-06-05,credit_card,368401.04,approved
1448,1448,2025-12-26,transfer,445676.49,approved
1449,1449,2025-11-08,debit_card,232473.0,approved
1450,1450,2025-12-29,credit_card,416458.08,approved
1451,1451,2025-03-17,credit_card,0.0,failed
1452,1452,2025-05-21,debit_card,495433.66,approved
1453,1453,2025-08-03,transfer,517474.66,approved
1454,1454,2025-04-23,debit_card,1397344.66,approved
1455,1455,2025-12-24,transfer,826390.18,approved
1456,1456,2025-05-31,credit_card,523601.74,approved
1457,1457,2025-07-15,credit_card,0.0,failed
1458,1458,2025-11-19,credit_card,1309388.38,approved
1459,1459,2025-10-24,debit_card,1242662.21,approved
1460,1460,2025-08-02,debit_card,2671976.9,approved
1461,1461,2025-04-19,digital_wallet,346871.18,approved
1462,1462,2025-07-28,digital_wallet,30984.29,approved
1463,1463,2025-10-16,transfer,969505.57,approved
1464,1464,2025-02-07,debit_card,2948553.47,approved
1465,1465,2025-10-05,debit_card,0.0,failed
1466,1466,2025-10-20,credit_card,120555.58,approved
1467,1467,2025-10-07,transfer,5376391.76,approved
1468,1468,2025-08-05,digital_wallet,906648.97,approved
1469,1469,2025-05-22,debit_card,997469.26,approved
1470,1470,2025-07-24,credit_card,1265139.24,approved
1471,1471,2025-03-19,digital_wallet,1443030.07,approved
1472,1472,2025-12-26,credit_card,1675437.75,approved
1473,1473,2025-06-06,digital_wallet,0.0,cancelled
1474,1474,2025-07-14,debit_card,1740636.51,approved
1475,1475,2025-09-29,credit_card,331351.24,approved
1476,1476,2025-07-29,digital_wallet,1329385.92,approved
1477,1477,2025-02-25,transfer,1384815.98,approved
1478,1478,2025-02-23,credit_card,1370045.96,approved
1479,1479,2025-09-05,debit_card,1869349.36,approved
1480,1480,2025-09-05,transfer,512462.64,approved
1481,1481,2025-10-26,credit_card,1033393.93,approved
1482,1482,2025-12-28,credit_card,101099.87,approved
1483,1483,2025-02-28,credit_card,199167.04,approved
1484,1484,2025-08-24,credit_card,258126.76,approved
1485,1485,2025-12-13,credit_card,1780994.24,approved
1486,1486,2025-07-20,credit_card,111523.24,approved
1487,1487,2025-04-03,credit_card,336776.34,approved
1488,1488,2025-06-15,credit_card,464994.92,approved
1489,1489,2025-12-27,digital_wallet,272633.26,approved
1490,1490,2025-03-05,transfer,5351796.95,approved
1491,1491,2025-12-28,debit_card,453974.93,approved
1492,1492,2025-11-17,transfer,423278.84,approved
1493,1493,2025-10-15,credit_card,308649.88,approved
1494,1494,2025-06-06,digital_wallet,937267.55,approved
1495,1495,2025-11-30,debit_card,1859534.94,approved
1496,1496,2025-07-14,debit_card,87919.76,approved
1497,1497,2025-07-17,digital_wallet,2357528.11,approved
1498,1498,2025-12-29,transfer,722001.67,approved
1499,1499,2025-12-28,credit_card,31565.65,approved
1500,1500,2025-08-19,digital_wallet,1117469.66,approved
1501,1501,2025-12-05,digital_wallet,1896247.29,approved
1502,1502,2025-10-20,digital_wallet,1759506.55,approved
1503,1503,2025-04-27,credit_card,406961.36,approved
1504,1504,2025-12-13,digital_wallet,450024.17,approved
1505,1505,2025-03-02,debit_card,2573690.1,approved
1506,1506,2025-09-12,transfer,403114.89,approved
1507,1507,2025-05-09,credit_card,215721.23,approved
1508,1508,2025-09-19,credit_card,615804.85,approved
1509,1509,2025-06-10,credit_card,563727.45,approved
1510,1510,2025-06-11,debit_card,132987.74,approved
1511,1511,2025-12-29,credit_card,330196.22,approved
1512,1512,2025-04-30,credit_card,299075.39,approved
1513,1513,2025-06-07,digital_wallet,1884932.22,approved
1514,1514,2025-12-16,transfer,341034.56,approved
1515,1515,2025-07-04,debit_card,727848.9,approved
1516,1516,2025-09-27,transfer,634255.28,approved
1517,1517,2025-09-12,transfer,86879.98,approved
1518,1518,2025-09-08,transfer,0.0,failed
1519,1519,2025-05-03,transfer,793789.47,approved
1520,1520,2025-12-29,credit_card,338681.99,approved
1521,1521,2025-07-06,credit_card,191961.52,approved
1522,1522,2025-03-08,debit_card,1623394.69,approved
1523,1523,2025-09-01,transfer,1215859.69,approved
1524,1524,2025-12-13,credit_card,910874.02,approved
1525,1525,2025-11-15,transfer,318640.43,approved
1526,1526,2025-08-29,credit_card,817709.68,approved
1527,1527,2025-10-28,transfer,939746.89,approved
1528,1528,2025-10-23,digital_wallet,400938.23,approved
1529,1529,2025-02-27,digital_wallet,408261.98,approved
1530,1530,2025-11-16,transfer,3980595.67,approved
1531,1531,2025-12-26,credit_card,244635.33,approved
1532,1532,2025-01-13,transfer,1686481.34,approved
1533,1533,2025-08-12,transfer,127581.73,approved
1534,1534,2025-09-30,digital_wallet,0.0,cancelled
1535,1535,2025-07-10,credit_card,391149.22,approved
1536,1536,2025-06-21,transfer,506658.52,approved
1537,1537,2025-05-06,credit_card,1013764.71,approved
1538,1538,2025-06-21,credit_card,87214.52,approved
1539,1539,2025-07-05,debit_card,2937482.58,approved
1540,1540,2025-12-12,debit_card,1278557.18,approved
1541,1541,2025-02-28,transfer,186618.29,approved
1542,1542,2025-06-10,digital_wallet,61591.66,approved
1543,1543,2025-09-26,transfer,2116673.2,approved
1544,1544,2025-12-26,digital_wallet,2590918.94,approved
1545,1545,2025-07-19,transfer,3420780.19,approved
1546,1546,2025-12-23,digital_wallet,1467674.83,approved
1547,1547,2025-12-09,transfer,115538.55,approved
1548,1548,2025-09-05,debit_card,267525.97,approved
1549,1549,2025-12-06,debit_card,122232.01,approved
1550,1550,2025-10-10,transfer,63252.68,approved
1551,1551,2025-07-06,transfer,1197871.48,approved
1552,1552,2025-10-02,transfer,235066.26,approved
1553,1553,2025-06-11,transfer,417238.59,approved
1554,1554,2025-12-29,digital_wallet,410614.19,approved
1555,1555,2025-03-22,credit_card,673412.68,approved
1556,1556,2025-12-30,transfer,121302.02,approved
1557,1557,2025-05-07,credit_card,0.0,failed
1558,1558,2025-12-17,digital_wallet,831072.25,approved
1559,1559,2025-10-28,digital_wallet,106709.02,approved
1560,1560,2025-10-02,credit_card,1069229.84,approved
1561,1561,2025-05-02,debit_card,590062.64,approved
1562,1562,2025-03-09,transfer,669644.72,approved
1563,1563,2025-06-28,credit_card,3253444.35,approved
1564,1564,2025-12-21,debit_card,1825771.71,approved
1565,1565,2025-07-27,credit_card,1360854.76,approved
1566,1566,2025-05-13,digital_wallet,0.0,cancelled
1567,1567,2025-10-17,credit_card,231218.05,approved
1568,1568,2025-05-18,digital_wallet,207764.58,approved
1569,1569,2025-09-20,digital_wallet,1267412.86,approved
1570,1570,2025-12-30,transfer,374886.67,approved
1571,1571,2025-12-27,credit_card,175224.7,approved
1572,1572,2025-11-29,digital_wallet,222382.55,approved
1573,1573,2025-12-17,credit_card,632774.11,approved
1574,1574,2025-07-12,debit_card,3910878.26,approved
1575,1575,2025-09-15,credit_card,489474.12,approved
1576,1576,2025-06-22,debit_card,1873409.46,approved
1577,1577,2025-09-14,debit_card,1267412.86,approved
1578,1578,2025-04-26,transfer,613509.14,approved
1579,1579,2025-03-29,credit_card,1236035.71,approved
1580,1580,2025-06-19,transfer,6168251.01,approved
1581,1581,2025-10-27,digital_wallet,782269.11,approved
1582,1582,2025-12-27,credit_card,690493.0,approved
1583,1583,2025-10-01,transfer,62288.01,approved
1584,1584,2025-03-22,credit_card,213817.03,approved
1585,1585,2025-09-26,debit_card,0.0,failed
1586,1586,2025-12-04,transfer,599495.49,approved
1587,1587,2025-05-04,credit_card,651636.39,approved
1588,1588,2025-12-01,credit_card,3442803.6,approved
1589,1589,2025-10-11,credit_card,413738.57,approved
1590,1590,2025-08-06,digital_wallet,31626.34,approved
1591,1591,2025-12-30,transfer,6624529.21,approved
1592,1592,2025-12-29,digital_wallet,3941895.54,approved
1593,1593,2025-11-05,digital_wallet,0.0,cancelled
1594,1594,2025-10-22,transfer,3732950.15,approved
1595,1595,2025-09-14,credit_card,88534.58,approved
1596,1596,2025-02-17,digital_wallet,5050173.25,approved
1597,1597,2025-12-02,credit_card,217591.05,approved
1598,1598,2025-09-20,debit_card,1374325.82,approved
1599,1599,2025-07-30,digital_wallet,1129616.32,approved
1600,1600,2025-11-06,debit_card,402159.71,approved
1601,1601,2025-11-12,credit_card,364676.97,approved
1602,1602,2025-10-24,debit_card,1321271.19,approved
1603,1603,2025-10-28,digital_wallet,662916.29,approved
1604,1604,2025-09-27,digital_wallet,620576.83,approved
1605,1605,2025-08-04,transfer,308152.36,approved
1606,1606,2025-04-30,digital_wallet,1228555.62,approved
1607,1607,2025-04-22,credit_card,1029637.9,approved
1608,1608,2025-10-05,credit_card,223099.73,approved
1609,1609,2025-01-31,debit_card,2610827.72,approved
1610,1610,2025-05-15,credit_card,109410.51,approved
1611,1611,2025-12-25,debit_card,1461189.89,approved
1612,1612,2025-06-21,credit_card,320967.47,approved
1613,1613,2025-12-26,debit_card,232720.0,approved
1614,1614,2025-04-10,credit_card,97021.29,approved
1615,1615,2025-12-30,credit_card,115269.35,approved
1616,1616,2025-07-06,digital_wallet,337051.62,approved
1617,1617,2025-03-26,credit_card,30894.85,approved
1618,1618,2025-05-13,credit_card,1368015.63,approved
1619,1619,2025-12-26,credit_card,750746.12,approved
1620,1620,2025-09-25,digital_wallet,1296635.78,approved
1621,1621,2025-11-07,transfer,121412.15,approved
1622,1622,2025-11-05,transfer,1030090.26,approved
1623,1623,2025-06-19,credit_card,1577536.5,approved
1624,1624,2025-12-25,debit_card,712434.9,approved
1625,1625,2025-03-24,credit_card,974546.74,approved
1626,1626,2025-08-28,credit_card,496099.55,approved
1627,1627,2025-12-18,transfer,671802.65,approved
1628,1628,2025-09-23,digital_wallet,1059034.9,approved
1629,1629,2025-09-05,credit_card,115563.03,approved
1630,1630,2025-05-13,digital_wallet,3146355.7,approved
1631,1631,2025-03-15,credit_card,1570442.74,approved
1632,1632,2025-12-28,credit_card,232423.14,approved
1633,1633,2025-03-29,credit_card,1292980.12,approved
1634,1634,2025-09-05,digital_wallet,3181585.48,approved
1635,1635,2025-04-01,credit_card,377377.6,approved
1636,1636,2025-01-21,transfer,233253.28,approved
1637,1637,2025-02-08,credit_card,4383926.26,approved
1638,1638,2025-06-10,debit_card,330376.22,approved
1639,1639,2025-05-10,debit_card,207569.5,approved
1640,1640,2025-11-15,credit_card,331623.1,approved
1641,1641,2025-07-03,digital_wallet,97031.46,approved
1642,1642,2025-09-01,digital_wallet,1694895.55,approved
1643,1643,2025-09-22,credit_card,311855.96,approved
1644,1644,2025-12-25,transfer,963943.22,approved
1645,1645,2025-01-03,debit_card,1347930.52,approved
1646,1646,2025-08-12,digital_wallet,257806.4,approved
1647,1647,2025-06-08,transfer,30751.11,approved
1648,1648,2025-12-13,credit_card,1714859.1,approved
1649,1649,2025-07-05,digital_wallet,322081.82,approved
1650,1650,2025-09-11,credit_card,435360.43,approved
1651,1651,2025-03-19,credit_card,311888.74,approved
1652,1652,2025-12-14,transfer,2060634.78,approved
1653,1653,2025-05-30,credit_card,763657.49,approved
1654,1654,2025-05-06,credit_card,591099.2,approved
1655,1655,2025-09-16,credit_card,1237789.02,approved
1656,1656,2025-11-05,digital_wallet,2925715.85,approved
1657,1657,2025-01-23,credit_card,387278.79,approved
1658,1658,2025-12-19,credit_card,670433.81,approved
1659,1659,2025-10-26,credit_card,109060.95,approved
1660,1660,2025-02-04,debit_card,215140.57,approved
1661,1661,2025-12-30,transfer,735826.83,approved
1662,1662,2025-08-17,debit_card,269523.41,approved
1663,1663,2025-10-14,digital_wallet,227080.57,approved
1664,1664,2025-12-17,transfer,2206585.37,approved
1665,1665,2025-06-26,debit_card,564501.68,approved
1666,1666,2025-08-04,debit_card,1797751.36,approved
1667,1667,2025-10-10,transfer,2066752.08,approved
1668,1668,2025-12-09,debit_card,2147114.01,approved
1669,1669,2025-05-13,digital_wallet,3416127.05,approved
1670,1670,2025-12-26,digital_wallet,201479.85,approved
1671,1671,2025-11-21,transfer,2741707.8,approved
1672,1672,2025-06-04,digital_wallet,85740.75,approved
1673,1673,2025-12-03,transfer,3124492.24,approved
1674,1674,2025-10-07,credit_card,536298.63,approved
1675,1675,2025-08-26,debit_card,120653.48,approved
1676,1676,2025-12-30,credit_card,213020.53,approved
1677,1677,2025-12-05,credit_card,1539008.8,approved
1678,1678,2025-12-26,debit_card,2650720.81,approved
1679,1679,2025-04-23,credit_card,2852475.38,approved
1680,1680,2025-08-20,credit_card,1398172.04,approved
1681,1681,2025-02-11,debit_card,1716377.12,approved
1682,1682,2025-10-05,credit_card,83383.41,approved
1683,1683,2025-08-09,credit_card,236300.12,approved
1684,1684,2025-08-24,digital_wallet,6435653.4,approved
1685,1685,2025-02-11,debit_card,3573902.91,approved
1686,1686,2025-12-27,digital_wallet,1434000.11,approved
1687,1687,2025-05-11,digital_wallet,3225892.0,approved
1688,1688,2025-04-21,digital_wallet,325818.19,approved
1689,1689,2025-11-21,debit_card,241331.43,approved
1690,1690,2025-09-07,transfer,235254.03,approved
1691,1691,2025-07-30,credit_card,2899116.59,approved
1692,1692,2025-07-24,transfer,2640327.66,approved
1693,1693,2025-07-11,debit_card,109657.21,approved
1694,1694,2025-12-12,transfer,1274466.15,approved
1695,1695,2025-02-22,digital_wallet,605404.0,approved
1696,1696,2025-11-27,transfer,397737.13,approved
1697,1697,2025-10-26,transfer,232447.61,approved
1698,1698,2025-07-01,credit_card,1279082.86,approved
1699,1699,2025-04-16,transfer,2147915.15,approved
1700,1700,2025-03-16,debit_card,689722.99,approved
1701,1701,2025-12-25,debit_card,445134.94,approved
1702,1702,2025-05-09,debit_card,288478.33,approved
1703,1703,2025-07-31,credit_card,349131.57,approved
1704,1704,2025-10-11,credit_card,789950.6,approved
1705,1705,2025-12-07,transfer,1000665.89,approved
1706,1706,2025-09-09,transfer,198952.93,approved
1707,1707,2025-04-10,credit_card,1478363.07,approved
1708,1708,2025-10-07,credit_card,1631547.19,approved
1709,1709,2025-12-27,transfer,178757.18,approved
1710,1710,2025-04-19,digital_wallet,695041.6,approved
1711,1711,2025-10-14,credit_card,5707822.43,approved
1712,1712,2025-05-11,debit_card,2718206.79,approved
1713,1713,2025-12-18,digital_wallet,892675.46,approved
1714,1714,2025-04-25,credit_card,1865829.5,approved
1715,1715,2025-08-09,credit_card,592243.65,approved
1716,1716,2025-09-19,digital_wallet,122991.67,approved
1717,1717,2025-06-28,credit_card,1612158.39,approved
1718,1718,2025-04-19,transfer,3193804.72,approved
1719,1719,2025-12-28,debit_card,85026.47,approved
1720,1720,2025-12-29,credit_card,644622.0,approved
1721,1721,2025-08-27,credit_card,319839.3,approved
1722,1722,2025-05-08,debit_card,435456.77,approved
1723,1723,2025-03-29,transfer,140822.48,approved
1724,1724,2025-06-05,credit_card,1427720.23,approved
1725,1725,2025-09-17,transfer,2364855.52,approved
1726,1726,2025-02-07,debit_card,1745893.35,approved
1727,1727,2025-03-13,debit_card,599495.49,approved
1728,1728,2025-04-05,transfer,113334.37,approved
1729,1729,2025-07-05,credit_card,697288.21,approved
1730,1730,2025-05-06,debit_card,423989.13,approved
1731,1731,2025-09-16,debit_card,2717242.77,approved
1732,1732,2025-06-14,debit_card,132053.32,approved
1733,1733,2025-09-22,debit_card,450656.31,approved
1734,1734,2025-12-28,transfer,1901973.62,approved
1735,1735,2025-05-12,transfer,1057615.02,approved
1736,1736,2025-06-23,transfer,2291172.8,approved
1737,1737,2025-12-13,digital_wallet,585127.72,approved
1738,1738,2025-12-27,digital_wallet,437092.91,approved
1739,1739,2025-05-09,transfer,349542.59,approved
1740,1740,2025-04-28,credit_card,648489.97,approved
1741,1741,2025-08-15,credit_card,0.0,cancelled
1742,1742,2025-10-08,debit_card,455696.54,approved
1743,1743,2025-08-11,debit_card,238198.84,approved
1744,1744,2025-01-05,digital_wallet,1290031.6,approved
1745,1745,2025-12-27,digital_wallet,373730.26,approved
1746,1746,2025-11-24,digital_wallet,548833.49,approved
1747,1747,2025-05-20,debit_card,315060.59,approved
1748,1748,2025-12-02,debit_card,31217.47,approved
1749,1749,2025-04-02,credit_card,895551.74,approved
1750,1750,2025-08-02,digital_wallet,2258342.84,approved
1751,1751,2025-12-25,transfer,3330509.77,approved
1752,1752,2025-06-30,digital_wallet,137116.24,approved
1753,1753,2025-05-01,credit_card,320836.36,approved
1754,1754,2025-10-17,debit_card,848122.78,approved
1755,1755,2025-10-07,debit_card,1995851.61,approved
1756,1756,2025-12-22,credit_card,583001.58,approved
1757,1757,2025-12-25,debit_card,1394597.14,approved
1758,1758,2025-12-14,digital_wallet,0.0,failed
1759,1759,2025-09-26,digital_wallet,693110.39,approved
1760,1760,2025-07-27,transfer,336461.33,approved
1761,1761,2025-10-04,credit_card,1584147.6,approved
1762,1762,2025-05-23,credit_card,1200919.31,approved
1763,1763,2025-12-26,credit_card,1383624.63,approved
1764,1764,2025-03-27,debit_card,392899.86,approved
1765,1765,2025-06-06,digital_wallet,166591.88,approved
1766,1766,2025-07-05,credit_card,334921.31,approved
1767,1767,2025-04-10,credit_card,1303240.87,approved
1768,1768,2025-11-21,credit_card,203099.45,approved
1769,1769,2025-12-11,transfer,422293.7,approved
1770,1770,2025-10-27,digital_wallet,207903.18,approved
1771,1771,2025-05-26,digital_wallet,1286198.69,approved
1772,1772,2025-12-05,debit_card,361349.69,approved
1773,1773,2025-11-09,digital_wallet,0.0,failed
1774,1774,2025-08-02,credit_card,82587.45,approved
1775,1775,2025-12-21,credit_card,1171874.06,approved
1776,1776,2025-07-02,credit_card,108939.48,approved
1777,1777,2025-12-15,debit_card,620189.61,approved
1778,1778,2025-12-30,credit_card,2542503.15,approved
1779,1779,2025-12-18,digital_wallet,324966.04,approved
1780,1780,2025-09-15,credit_card,1550873.84,approved
1781,1781,2025-08-21,digital_wallet,2206721.29,approved
1782,1782,2025-10-23,digital_wallet,115146.98,approved
1783,1783,2025-09-02,debit_card,30961.93,approved
1784,1784,2025-09-22,credit_card,1335856.92,approved
1785,1785,2025-07-13,transfer,101567.74,approved
1786,1786,2025-10-31,digital_wallet,552179.6,approved
1787,1787,2025-06-23,credit_card,31530.51,approved
1788,1788,2025-12-10,digital_wallet,194388.4,approved
1789,1789,2025-11-16,transfer,2875156.17,approved
1790,1790,2025-05-21,digital_wallet,369641.19,approved
1791,1791,2025-01-31,digital_wallet,453755.22,approved
1792,1792,2025-11-19,credit_card,507892.45,approved
1793,1793,2025-02-13,debit_card,5748762.06,approved
1794,1794,2025-01-24,credit_card,264880.93,approved
1795,1795,2025-09-24,credit_card,98343.52,approved
1796,1796,2025-12-18,transfer,326987.64,approved
1797,1797,2025-07-16,digital_wallet,1709521.83,approved
1798,1798,2025-03-20,digital_wallet,490188.23,approved
1799,1799,2025-12-23,credit_card,219683.95,approved
1800,1800,2025-05-03,credit_card,1418270.57,approved
1801,1801,2025-07-31,transfer,320574.16,approved
1802,1802,2025-05-08,credit_card,85460.47,approved
1803,1803,2025-12-30,credit_card,115171.45,approved
1804,1804,2025-10-02,digital_wallet,906566.18,approved
1805,1805,2025-02-15,digital_wallet,2479283.84,approved
1806,1806,2025-07-17,digital_wallet,1351461.02,approved
1807,1807,2025-11-13,debit_card,1374617.91,approved
1808,1808,2025-08-15,transfer,138639.87,approved
1809,1809,2025-07-09,digital_wallet,280491.99,approved
1810,1810,2025-09-16,credit_card,507511.22,approved
1811,1811,2025-12-16,digital_wallet,448341.34,approved
1812,1812,2025-07-18,credit_card,31437.88,approved
1813,1813,2025-06-23,digital_wallet,30533.9,approved
1814,1814,2025-11-11,digital_wallet,2316796.05,approved
1815,1815,2025-01-22,credit_card,95648.21,approved
1816,1816,2025-08-29,credit_card,0.0,failed
1817,1817,2025-02-21,transfer,651534.39,approved
1818,1818,2025-07-19,transfer,5432797.76,approved
1819,1819,2025-11-20,transfer,456605.64,approved
1820,1820,2025-06-27,digital_wallet,1379230.33,approved
1821,1821,2025-11-19,credit_card,457855.89,approved
1822,1822,2025-01-23,debit_card,1554986.71,approved
1823,1823,2025-08-06,digital_wallet,1618860.96,approved
1824,1824,2025-06-29,transfer,595605.96,approved
1825,1825,2025-09-19,debit_card,0.0,cancelled
1826,1826,2025-11-10,digital_wallet,1516486.07,approved
1827,1827,2025-12-27,digital_wallet,1813323.13,approved
1828,1828,2025-10-08,digital_wallet,850082.74,approved
1829,1829,2025-03-14,digital_wallet,1239164.5,approved
1830,1830,2025-12-28,credit_card,1127093.32,approved
1831,1831,2025-04-09,debit_card,607705.21,approved
1832,1832,2025-03-07,credit_card,1849262.15,approved
1833,1833,2025-10-17,credit_card,5961190.91,approved
1834,1834,2025-03-26,debit_card,1413277.84,approved
1835,1835,2025-08-13,digital_wallet,115379.48,approved
1836,1836,2025-10-06,transfer,5535940.34,approved
1837,1837,2025-12-24,digital_wallet,632887.61,approved
1838,1838,2025-06-14,credit_card,0.0,cancelled
1839,1839,2025-12-28,credit_card,1732583.98,approved
1840,1840,2025-10-01,credit_card,4112190.39,approved
1841,1841,2025-01-25,transfer,711361.7,approved
1842,1842,2025-12-29,credit_card,1175807.85,approved
1843,1843,2025-07-05,digital_wallet,209266.28,approved
1844,1844,2025-08-03,credit_card,5112330.27,approved
1845,1845,2025-11-27,credit_card,3466910.12,approved
1846,1846,2025-01-13,debit_card,113975.0,approved
1847,1847,2025-04-22,transfer,895437.14,approved
1848,1848,2025-06-08,digital_wallet,659395.19,approved
1849,1849,2025-03-11,digital_wallet,728432.6,approved
1850,1850,2025-10-26,digital_wallet,1025966.91,approved
1851,1851,2025-07-29,credit_card,1206352.76,approved
1852,1852,2025-10-25,transfer,137825.64,approved
1853,1853,2025-09-07,debit_card,654574.72,approved
1854,1854,2025-11-08,credit_card,222619.03,approved
1855,1855,2025-05-26,transfer,133559.42,approved
1856,1856,2025-07-22,debit_card,1356634.49,approved
1857,1857,2025-12-12,credit_card,823292.48,approved
1858,1858,2025-07-20,credit_card,415980.96,approved
1859,1859,2025-05-26,digital_wallet,550180.3,approved
1860,1860,2025-02-01,transfer,760459.82,approved
1861,1861,2025-12-30,credit_card,120310.85,approved
1862,1862,2025-02-21,digital_wallet,3437101.39,approved
1863,1863,2025-10-19,digital_wallet,0.0,cancelled
1864,1864,2025-12-01,transfer,30757.5,approved
1865,1865,2025-05-16,debit_card,0.0,failed
1866,1866,2025-08-13,debit_card,326754.53,approved
1867,1867,2025-04-18,digital_wallet,1853080.57,approved
1868,1868,2025-12-29,digital_wallet,1531972.15,approved
1869,1869,2025-06-02,credit_card,324933.26,approved
1870,1870,2025-09-01,transfer,1043283.32,approved
1871,1871,2025-07-17,transfer,428686.47,approved
1872,1872,2025-10-10,credit_card,0.0,cancelled
1873,1873,2025-03-28,transfer,650194.28,approved
1874,1874,2025-05-30,credit_card,335704.41,approved
1875,1875,2025-10-21,credit_card,951889.93,approved
1876,1876,2025-03-14,transfer,2711318.62,approved
1877,1877,2025-11-12,credit_card,407705.03,approved
1878,1878,2025-06-29,transfer,105792.54,approved
1879,1879,2025-09-19,credit_card,449260.6,approved
1880,1880,2025-10-07,digital_wallet,554109.8,approved
1881,1881,2025-07-31,digital_wallet,4195608.34,approved
1882,1882,2025-06-14,credit_card,2897319.04,approved
1883,1883,2025-11-06,transfer,393825.22,approved
1884,1884,2025-05-28,credit_card,334676.3,approved
1885,1885,2025-07-12,transfer,2113432.75,approved
1886,1886,2025-04-07,credit_card,1909030.33,approved
1887,1887,2025-06-28,credit_card,774864.9,approved
1888,1888,2025-05-15,digital_wallet,221526.98,approved
1889,1889,2025-04-11,credit_card,337266.35,approved
1890,1890,2025-06-11,transfer,848510.6,approved
1891,1891,2025-03-15,credit_card,400816.01,approved
1892,1892,2025-07-11,transfer,813655.91,approved
1893,1893,2025-12-24,credit_card,126500.63,approved
1894,1894,2025-11-11,credit_card,0.0,failed
1895,1895,2025-11-23,credit_card,605528.39,approved
1896,1896,2025-06-12,digital_wallet,376436.34,approved
1897,1897,2025-08-27,digital_wallet,404898.91,approved
1898,1898,2025-12-02,digital_wallet,556009.16,approved
1899,1899,2025-12-30,credit_card,2132322.55,approved
1900,1900,2025-12-10,credit_card,530130.56,approved
1901,1901,2025-04-14,transfer,499888.02,approved
1902,1902,2025-04-04,digital_wallet,82386.27,approved
1903,1903,2025-12-27,transfer,925575.27,approved
1904,1904,2025-08-03,credit_card,5390645.83,approved
1905,1905,2025-07-21,digital_wallet,2465305.43,approved
1906,1906,2025-09-28,credit_card,4164215.31,approved
1907,1907,2025-02-23,digital_wallet,1387671.62,approved
1908,1908,2025-09-27,digital_wallet,204545.53,approved
1909,1909,2025-08-21,digital_wallet,98363.87,approved
1910,1910,2025-09-18,credit_card,869465.12,approved
1911,1911,2025-12-04,debit_card,2464805.74,approved
1912,1912,2025-03-24,transfer,947558.68,approved
1913,1913,2025-04-06,credit_card,970816.09,approved
1914,1914,2025-06-29,transfer,0.0,failed
1915,1915,2025-06-06,credit_card,3297003.0,approved
1916,1916,2025-10-14,credit_card,115489.61,approved
1917,1917,2025-04-02,credit_card,127118.65,approved
1918,1918,2025-07-29,digital_wallet,1097088.94,approved
1919,1919,2025-03-26,digital_wallet,0.0,cancelled
1920,1920,2025-10-20,credit_card,3809163.63,approved
1921,1921,2025-12-02,transfer,31741.33,approved
1922,1922,2025-10-29,credit_card,127041.99,approved
1923,1923,2025-01-22,transfer,1234839.46,approved
1924,1924,2025-02-24,transfer,1670240.34,approved
1925,1925,2025-07-15,digital_wallet,1576805.17,approved
1926,1926,2025-04-23,credit_card,109005.74,approved
1927,1927,2025-04-01,credit_card,584729.98,approved
1928,1928,2025-11-13,digital_wallet,1062190.28,approved
1929,1929,2025-12-22,digital_wallet,607088.84,approved
1930,1930,2025-10-12,debit_card,126657.13,approved
1931,1931,2025-08-12,credit_card,782498.32,approved
1932,1932,2025-05-05,debit_card,411034.96,approved
1933,1933,2025-10-23,debit_card,112027.02,approved
1934,1934,2025-11-14,digital_wallet,969156.09,approved
1935,1935,2025-12-05,transfer,1936595.15,approved
1936,1936,2025-11-22,credit_card,173868.47,approved
1937,1937,2025-11-14,transfer,2109053.63,approved
1938,1938,2025-10-04,credit_card,417870.39,approved
1939,1939,2025-04-04,credit_card,405212.03,approved
1940,1940,2025-09-23,credit_card,0.0,failed
1941,1941,2025-06-08,digital_wallet,137709.82,approved
1942,1942,2025-09-14,debit_card,768129.66,approved
1943,1943,2025-07-23,transfer,109756.59,approved
1944,1944,2025-12-27,transfer,247450.79,approved
1945,1945,2025-06-10,digital_wallet,1571982.22,approved
1946,1946,2025-09-17,digital_wallet,0.0,cancelled
1947,1947,2025-04-17,debit_card,30377.38,approved
1948,1948,2025-07-14,credit_card,1247166.83,approved
1949,1949,2025-08-23,transfer,1811777.41,approved
1950,1950,2025-09-01,debit_card,112178.94,approved
1951,1951,2025-09-26,credit_card,262975.56,approved
1952,1952,2025-08-04,credit_card,1583001.86,approved
1953,1953,2025-12-25,debit_card,452082.45,approved
1954,1954,2025-12-26,transfer,580473.59,approved
1955,1955,2025-12-28,transfer,3214430.7,approved
1956,1956,2025-10-24,digital_wallet,1194233.93,approved
1957,1957,2025-11-02,debit_card,160370.36,approved
1958,1958,2025-07-23,credit_card,2718931.99,approved
1959,1959,2025-05-04,debit_card,178150.84,approved
1960,1960,2025-09-28,digital_wallet,796021.9,approved
1961,1961,2025-06-11,credit_card,2487632.77,approved
1962,1962,2025-06-08,debit_card,1592829.02,approved
1963,1963,2025-02-27,credit_card,125806.43,approved
1964,1964,2025-04-27,credit_card,413195.09,approved
1965,1965,2025-09-22,debit_card,647691.19,approved
1966,1966,2025-03-13,transfer,31734.94,approved
1967,1967,2025-11-08,debit_card,238663.84,approved
1968,1968,2025-07-03,credit_card,673201.84,approved
1969,1969,2025-04-04,transfer,383425.95,approved
1970,1970,2025-05-06,credit_card,2769163.98,approved
1971,1971,2025-04-27,credit_card,412970.08,approved
1972,1972,2025-11-30,credit_card,217380.19,approved
1973,1973,2025-11-09,digital_wallet,2485505.47,approved
1974,1974,2025-02-26,credit_card,2054902.47,approved
1975,1975,2025-11-09,credit_card,627010.55,approved
1976,1976,2025-11-10,debit_card,1609481.22,approved
1977,1977,2025-12-22,digital_wallet,0.0,failed
1978,1978,2025-12-26,transfer,1581280.58,approved
1979,1979,2025-08-07,digital_wallet,4904988.86,approved
1980,1980,2025-12-05,credit_card,291004.82,approved
1981,1981,2025-12-11,digital_wallet,31559.26,approved
1982,1982,2025-12-27,credit_card,0.0,failed
1983,1983,2025-07-20,transfer,114100.83,approved
1984,1984,2025-05-31,transfer,1133287.31,approved
1985,1985,2025-06-08,credit_card,196829.19,approved
1986,1986,2025-04-10,digital_wallet,30799.03,approved
1987,1987,2025-12-27,transfer,1316421.99,approved
1988,1988,2025-12-28,debit_card,573610.46,approved
1989,1989,2025-09-09,debit_card,231737.89,approved
1990,1990,2025-08-05,credit_card,2982867.7,approved
1991,1991,2025-12-25,digital_wallet,231329.77,approved
1992,1992,2025-11-08,transfer,31223.86,approved
1993,1993,2025-07-04,transfer,2929865.99,approved
1994,1994,2025-02-05,transfer,2871266.66,approved
1995,1995,2025-12-30,digital_wallet,2372038.46,approved
1996,1996,2025-12-30,transfer,1012531.24,approved
1997,1997,2025-11-19,transfer,0.0,failed
1998,1998,2025-05-18,transfer,230497.77,approved
1999,1999,2025-01-21,digital_wallet,451827.41,approved
2000,2000,2025-07-27,transfer,686803.03,approved
2001,2001,2025-05-27,credit_card,2218096.31,approved
2002,2002,2025-11-28,credit_card,460211.45,approved
2003,2003,2025-12-04,debit_card,399885.24,approved
2004,2004,2025-08-23,transfer,367063.12,approved
2005,2005,2025-01-16,credit_card,880196.33,approved
2006,2006,2025-12-24,transfer,1503664.93,approved
2007,2007,2025-04-24,digital_wallet,765553.96,approved
2008,2008,2025-11-09,credit_card,226287.76,approved
2009,2009,2025-10-23,transfer,533116.85,approved
2010,2010,2025-08-17,credit_card,1323565.44,approved
2011,2011,2025-12-20,credit_card,187056.48,approved
2012,2012,2025-03-26,credit_card,2775368.92,approved
2013,2013,2025-11-01,transfer,31051.37,approved
2014,2014,2025-04-30,digital_wallet,520621.61,approved
2015,2015,2025-09-23,digital_wallet,115685.39,approved
2016,2016,2025-04-28,credit_card,918965.48,approved
2017,2017,2025-12-20,credit_card,356086.84,approved
2018,2018,2025-07-23,transfer,128996.64,approved
2019,2019,2025-12-26,credit_card,372559.21,approved
2020,2020,2025-12-30,digital_wallet,118218.38,approved
2021,2021,2025-03-15,credit_card,347836.54,approved
2022,2022,2025-10-15,credit_card,117276.16,approved
2023,2023,2025-02-15,credit_card,1537564.95,approved
2024,2024,2025-10-18,digital_wallet,249949.59,approved
2025,2025,2025-12-11,credit_card,5356167.87,approved
2026,2026,2025-07-05,credit_card,1880390.26,approved
2027,2027,2025-12-29,debit_card,127007.76,approved
2028,2028,2025-09-28,debit_card,90336.78,approved
2029,2029,2025-08-23,digital_wallet,640227.99,approved
2030,2030,2025-07-02,credit_card,1203028.79,approved
2031,2031,2025-06-04,credit_card,481556.29,approved
2032,2032,2025-07-15,debit_card,2507478.12,approved
2033,2033,2025-08-03,credit_card,3084432.77,approved
2034,2034,2025-12-27,debit_card,562297.94,approved
2035,2035,2025-10-30,credit_card,106190.05,approved
2036,2036,2025-08-16,digital_wallet,3356198.77,approved
2037,2037,2025-05-28,credit_card,519663.31,approved
2038,2038,2025-07-01,digital_wallet,280517.48,approved
2039,2039,2025-07-27,digital_wallet,1360160.38,approved
2040,2040,2025-11-12,digital_wallet,364256.22,approved
2041,2041,2025-05-20,debit_card,818428.32,approved
2042,2042,2025-04-30,digital_wallet,345856.3,approved
2043,2043,2025-04-12,transfer,3020101.1,approved
2044,2044,2025-05-20,credit_card,101282.95,approved
2045,2045,2025-07-19,digital_wallet,178895.55,approved
2046,2046,2025-12-09,debit_card,61661.94,approved
2047,2047,2025-07-13,credit_card,1848062.8,approved
2048,2048,2025-12-09,digital_wallet,191404.22,approved
2049,2049,2025-02-08,transfer,554991.29,approved
2050,2050,2025-11-08,digital_wallet,429313.89,approved
2051,2051,2025-12-11,digital_wallet,2099918.7,approved
2052,2052,2025-12-15,credit_card,108884.27,approved
2053,2053,2025-10-23,credit_card,294799.06,approved
2054,2054,2025-12-27,transfer,2140776.19,approved
2055,2055,2025-10-25,transfer,652516.56,approved
2056,2056,2025-07-27,credit_card,206208.2,approved
2057,2057,2025-09-19,credit_card,0.0,failed
2058,2058,2025-12-28,transfer,113257.19,approved
2059,2059,2025-01-18,credit_card,60505.62,approved
2060,2060,2025-08-07,credit_card,1215090.24,approved
2061,2061,2025-10-11,debit_card,205775.97,approved
2062,2062,2025-11-23,credit_card,30664.87,approved
2063,2063,2025-02-26,credit_card,333191.73,approved
2064,2064,2025-01-07,digital_wallet,1708777.81,approved
2065,2065,2025-10-02,transfer,62671.32,approved
2066,2066,2025-08-03,credit_card,4882418.54,approved
2067,2067,2025-08-16,digital_wallet,2644022.25,approved
2068,2068,2025-10-16,credit_card,672362.66,approved
2069,2069,2025-11-16,transfer,515935.06,approved
2070,2070,2025-10-08,debit_card,504020.24,approved
2071,2071,2025-10-04,digital_wallet,958547.1,approved
2072,2072,2025-08-10,debit_card,1371644.7,approved
2073,2073,2025-03-19,credit_card,2414543.0,approved
2074,2074,2025-10-04,transfer,558916.89,approved
2075,2075,2025-07-27,transfer,1324330.14,approved
2076,2076,2025-05-28,debit_card,371495.67,approved
2077,2077,2025-08-10,transfer,535629.03,approved
2078,2078,2025-11-20,debit_card,87793.18,approved
2079,2079,2025-09-01,digital_wallet,89285.03,approved
2080,2080,2025-10-24,transfer,2276143.1,approved
2081,2081,2025-08-02,credit_card,1366297.65,approved
2082,2082,2025-09-12,digital_wallet,178150.84,approved
2083,2083,2025-09-23,digital_wallet,1315875.14,approved
2084,2084,2025-11-03,digital_wallet,1434454.9,approved
2085,2085,2025-04-10,transfer,1270747.14,approved
2086,2086,2025-10-24,transfer,31284.55,approved
2087,2087,2025-10-25,digital_wallet,31674.25,approved
2088,2088,2025-10-10,credit_card,659503.34,approved
2089,2089,2025-09-07,digital_wallet,220276.5,approved
2090,2090,2025-10-15,credit_card,444675.09,approved
2091,2091,2025-12-20,credit_card,424899.65,approved
2092,2092,2025-11-14,transfer,0.0,failed
2093,2093,2025-08-16,credit_card,214433.89,approved
2094,2094,2025-10-12,credit_card,110120.97,approved
2095,2095,2025-11-05,transfer,107890.5,approved
2096,2096,2025-05-17,debit_card,3404655.23,approved
2097,2097,2025-04-16,digital_wallet,1503255.39,approved
2098,2098,2025-02-24,credit_card,125112.66,approved
2099,2099,2025-10-07,credit_card,403002.1,approved
2100,2100,2025-09-10,credit_card,196432.94,approved
2101,2101,2025-12-29,debit_card,339541.13,approved
2102,2102,2025-03-14,debit_card,628901.96,approved
2103,2103,2025-09-22,credit_card,202001.22,approved
2104,2104,2025-10-15,debit_card,1569016.6,approved
2105,2105,2025-01-23,digital_wallet,105218.36,approved
2106,2106,2025-07-23,credit_card,412942.37,approved
2107,2107,2025-03-19,debit_card,1874867.54,approved
2108,2108,2025-11-22,credit_card,4354578.33,approved
2109,2109,2025-12-24,credit_card,1686492.76,approved
2110,2110,2025-12-23,credit_card,829748.03,approved
2111,2111,2025-11-09,debit_card,2769321.52,approved
2112,2112,2025-01-19,debit_card,3982289.9,approved
2113,2113,2025-10-24,digital_wallet,133308.09,approved
2114,2114,2025-01-03,digital_wallet,104964.4,approved
2115,2115,2025-06-10,transfer,1033621.0,approved
2116,2116,2025-02-23,credit_card,113620.36,approved
2117,2117,2025-11-24,digital_wallet,120751.37,approved
2118,2118,2025-09-03,digital_wallet,1198069.83,approved
2119,2119,2025-05-08,digital_wallet,117190.7,approved
2120,2120,2025-08-03,credit_card,711867.34,approved
2121,2121,2025-10-02,digital_wallet,381715.31,approved
2122,2122,2025-02-28,digital_wallet,2680531.61,approved
2123,2123,2025-01-04,transfer,1273696.7,approved
2124,2124,2025-03-26,digital_wallet,226851.77,approved
2125,2125,2025-07-16,digital_wallet,1366784.57,approved
2126,2126,2025-09-29,debit_card,397985.09,approved
2127,2127,2025-05-25,digital_wallet,842311.46,approved
2128,2128,2025-01-24,digital_wallet,437223.03,approved
2129,2129,2025-12-29,digital_wallet,2508407.93,approved
2130,2130,2025-10-22,digital_wallet,338076.17,approved
2131,2131,2025-12-29,debit_card,228926.71,approved
2132,2132,2025-01-07,credit_card,771258.04,approved
2133,2133,2025-12-26,credit_card,928053.41,approved
2134,2134,2025-07-26,digital_wallet,1185432.53,approved
2135,2135,2025-08-03,credit_card,3944519.16,approved
2136,2136,2025-11-17,debit_card,1363976.61,approved
2137,2137,2025-05-03,debit_card,624710.57,approved
2138,2138,2025-01-07,credit_card,31437.88,approved
2139,2139,2025-11-23,transfer,617034.42,approved
2140,2140,2025-10-08,digital_wallet,1476396.02,approved
2141,2141,2025-04-17,credit_card,283092.7,approved
2142,2142,2025-07-28,transfer,0.0,failed
2143,2143,2025-06-01,debit_card,408509.36,approved
2144,2144,2025-01-07,credit_card,63661.54,approved
2145,2145,2025-08-24,digital_wallet,152626.19,approved
2146,2146,2025-11-12,debit_card,377386.09,approved
2147,2147,2025-11-12,debit_card,207038.96,approved
2148,2148,2025-12-30,transfer,706900.15,approved
2149,2149,2025-12-20,digital_wallet,2833454.25,approved
2150,2150,2025-03-11,debit_card,1507881.29,approved
2151,2151,2025-02-11,transfer,1888954.52,approved
2152,2152,2025-07-05,debit_card,3789157.92,approved
2153,2153,2025-07-23,credit_card,0.0,failed
2154,2154,2025-02-27,credit_card,31773.27,approved
2155,2155,2025-04-04,credit_card,1268739.37,approved
2156,2156,2025-12-27,transfer,335278.09,approved
2157,2157,2025-10-06,credit_card,31504.96,approved
2158,2158,2025-08-31,digital_wallet,181042.65,approved
2159,2159,2025-08-21,digital_wallet,3981611.42,approved
2160,2160,2025-11-13,debit_card,1762983.5,approved
2161,2161,2025-12-28,debit_card,1330606.78,approved
2162,2162,2025-04-14,credit_card,323327.28,approved
2163,2163,2025-12-29,transfer,2642271.94,approved
2164,2164,2025-09-20,transfer,130798.64,approved
2165,2165,2025-05-14,credit_card,414542.92,approved
2166,2166,2025-11-10,credit_card,425594.57,approved
2167,2167,2025-06-07,transfer,1099769.04,approved
2168,2168,2025-06-28,transfer,473599.24,approved
2169,2169,2025-08-08,transfer,1877154.33,approved
2170,2170,2025-06-08,digital_wallet,30271.97,approved
2171,2171,2025-09-28,digital_wallet,278112.45,approved
2172,2172,2025-03-29,credit_card,202037.0,approved
2173,2173,2025-04-27,digital_wallet,341875.66,approved
2174,2174,2025-09-23,debit_card,429765.74,approved
2175,2175,2025-11-18,digital_wallet,954348.07,approved
2176,2176,2025-11-26,digital_wallet,30313.5,approved
2177,2177,2025-05-30,credit_card,1206102.68,approved
2178,2178,2025-12-24,credit_card,1306788.0,approved
2179,2179,2025-02-06,debit_card,1427933.04,approved
2180,2180,2025-11-16,credit_card,4081610.78,approved
2181,2181,2025-10-23,transfer,151974.4,approved
2182,2182,2025-05-27,transfer,1605477.83,approved
2183,2183,2025-08-03,credit_card,469086.98,approved
2184,2184,2025-07-04,debit_card,2463010.36,approved
2185,2185,2025-01-22,transfer,1750068.91,approved
2186,2186,2025-09-06,credit_card,92598.32,approved
2187,2187,2025-07-04,transfer,839648.9,approved
2188,2188,2025-09-30,debit_card,168551.16,approved
2189,2189,2025-03-09,transfer,620383.22,approved
2190,2190,2025-02-02,transfer,1372064.58,approved
2191,2191,2025-12-30,transfer,639947.03,approved
2192,2192,2025-11-26,credit_card,31527.32,approved
2193,2193,2025-06-18,digital_wallet,442942.64,approved
2194,2194,2025-09-08,transfer,634860.22,approved
2195,2195,2025-12-28,transfer,5384609.12,approved
2196,2196,2025-10-20,credit_card,103849.16,approved
2197,2197,2025-11-30,credit_card,4003205.64,approved
2198,2198,2025-02-07,digital_wallet,199697.67,approved
2199,2199,2025-12-14,debit_card,402589.71,approved
2200,2200,2025-07-25,transfer,2851906.96,approved
2201,2201,2025-12-24,transfer,565660.17,approved
2202,2202,2025-12-27,transfer,235310.99,approved
2203,2203,2025-03-25,credit_card,30246.42,approved
2204,2204,2025-11-20,credit_card,2257537.55,approved
2205,2205,2025-12-28,credit_card,864363.02,approved
2206,2206,2025-04-16,debit_card,1109540.35,approved
2207,2207,2025-01-19,digital_wallet,108438.12,approved
2208,2208,2025-12-25,debit_card,113963.56,approved
2209,2209,2025-01-29,digital_wallet,1280878.24,approved
2210,2210,2025-11-30,credit_card,1378659.64,approved
2211,2211,2025-07-31,digital_wallet,221314.33,approved
2212,2212,2025-12-30,debit_card,6810368.57,approved
2213,2213,2025-08-07,debit_card,954369.83,approved
2214,2214,2025-11-16,transfer,1915786.89,approved
2215,2215,2025-02-20,debit_card,144040.98,approved
2216,2216,2025-03-11,credit_card,1268695.28,approved
2217,2217,2025-12-27,credit_card,240744.07,approved
2218,2218,2025-07-06,credit_card,590048.53,approved
2219,2219,2025-01-07,digital_wallet,503632.82,approved
2220,2220,2025-08-30,digital_wallet,371940.75,approved
2221,2221,2025-08-16,credit_card,249171.7,approved
2222,2222,2025-02-25,transfer,95831.28,approved
2223,2223,2025-10-21,credit_card,101659.27,approved
2224,2224,2025-11-15,credit_card,342131.44,approved
2225,2225,2025-12-03,debit_card,117447.47,approved
2226,2226,2025-12-25,transfer,1107369.64,approved
2227,2227,2025-06-04,credit_card,1992474.67,approved
2228,2228,2025-09-13,digital_wallet,112577.67,approved
2229,2229,2025-10-06,credit_card,629808.11,approved
2230,2230,2025-03-06,digital_wallet,607992.34,approved
2231,2231,2025-12-29,transfer,473119.79,approved
2232,2232,2025-05-14,credit_card,1142946.35,approved
2233,2233,2025-12-30,transfer,1577659.6,approved
2234,2234,2025-11-21,credit_card,115085.8,approved
2235,2235,2025-11-13,credit_card,363502.25,approved
2236,2236,2025-12-30,credit_card,111995.91,approved
2237,2237,2025-12-28,debit_card,117700.94,approved
2238,2238,2025-09-10,credit_card,256471.58,approved
2239,2239,2025-10-21,debit_card,125613.82,approved
2240,2240,2025-10-16,credit_card,1345763.79,approved
2241,2241,2025-07-30,credit_card,60345.9,approved
2242,2242,2025-11-03,digital_wallet,623418.68,approved
2243,2243,2025-09-25,digital_wallet,1483600.94,approved
2244,2244,2025-12-12,credit_card,2172736.41,approved
2245,2245,2025-03-10,transfer,2100765.75,approved
2246,2246,2025-12-30,transfer,786540.56,approved
2247,2247,2025-10-17,credit_card,1562346.95,approved
2248,2248,2025-05-15,debit_card,87065.82,approved
2249,2249,2025-12-24,digital_wallet,433360.22,approved
2250,2250,2025-12-25,transfer,239814.08,approved
2251,2251,2025-09-30,digital_wallet,422406.51,approved
2252,2252,2025-05-11,transfer,109215.53,approved
2253,2253,2025-07-11,transfer,1865081.76,approved
2254,2254,2025-12-28,debit_card,116248.28,approved
2255,2255,2025-11-13,transfer,773352.89,approved
2256,2256,2025-07-10,transfer,110319.72,approved
2257,2257,2025-06-23,credit_card,1430051.71,approved
2258,2258,2025-09-04,transfer,562509.45,approved
2259,2259,2025-04-17,credit_card,0.0,failed
2260,2260,2025-08-27,debit_card,263645.62,approved
2261,2261,2025-11-05,digital_wallet,684037.44,approved
2262,2262,2025-07-11,digital_wallet,927137.87,approved
2263,2263,2025-05-19,digital_wallet,31575.23,approved
2264,2264,2025-12-30,credit_card,1384880.47,approved
2265,2265,2025-05-26,debit_card,117017.98,approved
2266,2266,2025-07-27,credit_card,3800484.63,approved
2267,2267,2025-12-27,transfer,1332740.12,approved
2268,2268,2025-12-28,digital_wallet,101333.8,approved
2269,2269,2025-12-25,digital_wallet,828458.15,approved
2270,2270,2025-10-27,digital_wallet,1812293.72,approved
2271,2271,2025-08-29,credit_card,1308570.86,approved
2272,2272,2025-09-20,credit_card,2031933.43,approved
2273,2273,2025-12-16,digital_wallet,60754.77,approved
2274,2274,2025-06-09,digital_wallet,1458860.4,approved
2275,2275,2025-10-04,debit_card,2528413.63,approved
2276,2276,2025-01-29,debit_card,84651.69,approved
2277,2277,2025-02-01,transfer,456525.3,approved
2278,2278,2025-04-15,transfer,338943.32,approved
2279,2279,2025-03-01,credit_card,648638.34,approved
2280,2280,2025-12-28,debit_card,2959889.21,approved
2281,2281,2025-11-11,transfer,844559.83,approved
2282,2282,2025-11-01,credit_card,220595.28,approved
2283,2283,2025-09-04,digital_wallet,1286362.53,approved
2284,2284,2025-03-01,credit_card,957778.42,approved
2285,2285,2025-12-30,transfer,551437.37,approved
2286,2286,2025-06-01,transfer,1662954.13,approved
2287,2287,2025-10-16,debit_card,408267.08,approved
2288,2288,2025-12-28,credit_card,587554.1,approved
2289,2289,2025-02-11,transfer,237470.33,approved
2290,2290,2025-07-17,credit_card,1984165.26,approved
2291,2291,2025-12-24,debit_card,402665.14,approved
2292,2292,2025-04-30,credit_card,1526272.22,approved
2293,2293,2025-06-22,credit_card,610203.25,approved
2294,2294,2025-09-28,digital_wallet,104346.05,approved
2295,2295,2025-08-11,transfer,118463.12,approved
2296,2296,2025-04-14,credit_card,2046274.37,approved
2297,2297,2025-02-21,digital_wallet,1431568.05,approved
2298,2298,2025-02-03,credit_card,143095.44,approved
2299,2299,2025-12-27,credit_card,1139685.01,approved
2300,2300,2025-07-25,credit_card,319557.41,approved
2301,2301,2025-06-24,transfer,752354.79,approved
2302,2302,2025-11-16,transfer,4016634.02,approved
2303,2303,2025-12-30,credit_card,0.0,failed
2304,2304,2025-12-29,debit_card,679152.79,approved
2305,2305,2025-06-08,transfer,2499919.2,approved
2306,2306,2025-02-10,digital_wallet,1871341.01,approved
2307,2307,2025-12-24,transfer,0.0,failed
2308,2308,2025-08-07,transfer,486256.76,approved
2309,2309,2025-07-21,transfer,1305930.75,approved
2310,2310,2025-07-18,debit_card,203379.58,approved
2311,2311,2025-08-20,credit_card,3117802.66,approved
2312,2312,2025-08-21,digital_wallet,0.0,failed
2313,2313,2025-11-01,credit_card,2609235.35,approved
2314,2314,2025-05-06,debit_card,500454.97,approved
2315,2315,2025-12-02,debit_card,88498.42,approved
2316,2316,2025-12-28,credit_card,121069.52,approved
2317,2317,2025-01-05,credit_card,110074.02,approved
2318,2318,2025-04-24,credit_card,3593507.31,approved
2319,2319,2025-06-10,debit_card,317296.64,approved
2320,2320,2025-05-31,debit_card,325588.92,approved
2321,2321,2025-10-30,transfer,675275.32,approved
2322,2322,2025-08-29,credit_card,95473.15,approved
2323,2323,2025-10-09,transfer,95214.41,approved
2324,2324,2025-09-14,credit_card,802843.6,approved
2325,2325,2025-11-09,credit_card,411383.94,approved
2326,2326,2025-07-22,debit_card,1364658.85,approved
2327,2327,2025-08-22,transfer,1200234.88,approved
2328,2328,2025-11-28,digital_wallet,1827623.24,approved
2329,2329,2025-12-28,credit_card,560103.12,approved
2330,2330,2025-08-16,debit_card,820914.61,approved
2331,2331,2025-08-04,debit_card,203359.23,approved
2332,2332,2025-09-24,transfer,429615.48,approved
2333,2333,2025-10-27,credit_card,203085.68,approved
2334,2334,2025-04-15,transfer,207495.89,approved
2335,2335,2025-12-29,transfer,935949.84,approved
2336,2336,2025-12-25,digital_wallet,670303.05,approved
2337,2337,2025-10-04,digital_wallet,254469.36,approved
2338,2338,2025-03-06,digital_wallet,885287.92,approved
2339,2339,2025-06-18,transfer,131212.43,approved
2340,2340,2025-06-21,digital_wallet,397105.33,approved
2341,2341,2025-08-16,credit_card,1525432.89,approved
2342,2342,2025-04-27,credit_card,3258396.58,approved
2343,2343,2025-07-08,debit_card,2652061.04,approved
2344,2344,2025-10-31,digital_wallet,628266.51,approved
2345,2345,2025-04-04,transfer,904393.63,approved
2346,2346,2025-05-21,credit_card,2922259.95,approved
2347,2347,2025-11-03,transfer,833116.73,approved
2348,2348,2025-04-06,credit_card,936682.01,approved
2349,2349,2025-10-07,debit_card,109734.5,approved
2350,2350,2025-08-31,credit_card,1164419.34,approved
2351,2351,2025-07-12,credit_card,315723.43,approved
2352,2352,2025-09-26,credit_card,1729152.96,approved
2353,2353,2025-08-26,transfer,2354668.41,approved
2354,2354,2025-12-29,transfer,223290.29,approved
2355,2355,2025-02-11,credit_card,2432764.39,approved
2356,2356,2025-09-25,debit_card,2122479.99,approved
2357,2357,2025-04-29,digital_wallet,259742.5,approved
2358,2358,2025-01-03,digital_wallet,1017192.73,approved
2359,2359,2025-07-27,digital_wallet,321491.87,approved
2360,2360,2025-05-10,credit_card,1581177.37,approved
2361,2361,2025-11-06,credit_card,118022.6,approved
2362,2362,2025-08-19,credit_card,84686.68,approved
2363,2363,2025-09-25,debit_card,678401.3,approved
2364,2364,2025-07-13,transfer,347556.54,approved
2365,2365,2025-12-29,credit_card,1094220.53,approved
2366,2366,2025-11-13,digital_wallet,281702.86,approved
2367,2367,2025-11-16,digital_wallet,230783.43,approved
2368,2368,2025-11-30,debit_card,2743652.08,approved
2369,2369,2025-12-22,transfer,378445.54,approved
2370,2370,2025-10-26,debit_card,1221630.57,approved
2371,2371,2025-02-22,transfer,4107224.07,approved
2372,2372,2025-04-27,digital_wallet,735191.76,approved
2373,2373,2025-05-06,credit_card,30444.46,approved
2374,2374,2025-12-29,transfer,120274.14,approved
2375,2375,2025-09-28,credit_card,1324885.65,approved
2376,2376,2025-08-29,debit_card,334886.31,approved
2377,2377,2025-12-01,transfer,1326310.71,approved
2378,2378,2025-09-28,credit_card,391948.21,approved
2379,2379,2025-03-10,credit_card,140011.74,approved
2380,2380,2025-10-06,credit_card,906966.53,approved
2381,2381,2025-05-04,debit_card,687573.54,approved
2382,2382,2025-12-27,transfer,1538056.77,approved
2383,2383,2025-10-13,credit_card,0.0,cancelled
2384,2384,2025-09-27,credit_card,118720.09,approved
2385,2385,2025-09-03,debit_card,1125514.28,approved
2386,2386,2025-07-10,credit_card,3732954.83,approved
2387,2387,2025-08-12,credit_card,1103378.35,approved
2388,2388,2025-10-31,transfer,2272337.04,approved
2389,2389,2025-04-05,digital_wallet,142241.27,approved
2390,2390,2025-05-07,digital_wallet,1882198.83,approved
2391,2391,2025-05-28,credit_card,140322.19,approved
2392,2392,2025-07-31,credit_card,5740240.12,approved
2393,2393,2025-09-13,debit_card,1192273.95,approved
2394,2394,2025-05-22,debit_card,373658.21,approved
2395,2395,2025-02-14,transfer,312085.39,approved
2396,2396,2025-11-07,debit_card,109094.07,approved
2397,2397,2025-03-19,credit_card,1132986.31,approved
2398,2398,2025-08-18,credit_card,1379593.73,approved
2399,2399,2025-12-30,digital_wallet,99848.83,approved
2400,2400,2025-12-26,debit_card,366887.15,approved
2401,2401,2025-09-22,digital_wallet,381782.03,approved
2402,2402,2025-11-13,debit_card,446105.29,approved
2403,2403,2025-01-11,transfer,30901.24,approved
2404,2404,2025-10-11,credit_card,716323.47,approved
2405,2405,2025-06-29,digital_wallet,0.0,failed
2406,2406,2025-10-03,credit_card,1460176.53,approved
2407,2407,2025-09-01,credit_card,460549.74,approved
2408,2408,2025-06-20,debit_card,830025.88,approved
2409,2409,2025-08-05,transfer,30872.49,approved
2410,2410,2025-11-19,transfer,273537.56,approved
2411,2411,2025-05-15,transfer,138361.31,approved
2412,2412,2025-12-30,transfer,3944242.89,approved
2413,2413,2025-12-14,transfer,0.0,failed
2414,2414,2025-10-21,credit_card,4876369.74,approved
2415,2415,2025-09-19,debit_card,0.0,failed
2416,2416,2025-08-20,transfer,1672367.45,approved
2417,2417,2025-02-24,digital_wallet,512200.48,approved
2418,2418,2025-09-23,transfer,1354883.06,approved
2419,2419,2025-12-27,debit_card,548684.03,approved
2420,2420,2025-09-05,credit_card,1282337.25,approved
2421,2421,2025-06-27,debit_card,2496446.34,approved
2422,2422,2025-12-29,credit_card,1204126.75,approved
2423,2423,2025-11-03,transfer,2429667.51,approved
2424,2424,2025-10-02,credit_card,2831809.8,approved
2425,2425,2025-12-24,credit_card,218271.9,approved
2426,2426,2025-06-24,transfer,30374.19,approved
2427,2427,2025-12-07,credit_card,97397.62,approved
2428,2428,2025-07-06,transfer,2820340.89,approved
2429,2429,2025-08-15,transfer,118842.45,approved
2430,2430,2025-06-05,digital_wallet,396094.46,approved
2431,2431,2025-07-27,credit_card,421277.6,approved
2432,2432,2025-08-23,credit_card,3882289.95,approved
2433,2433,2025-09-28,digital_wallet,2787077.59,approved
2434,2434,2025-06-26,credit_card,411762.44,approved
2435,2435,2025-07-23,digital_wallet,858874.72,approved
2436,2436,2025-09-30,credit_card,576221.53,approved
2437,2437,2025-09-20,transfer,293626.97,approved
2438,2438,2025-08-19,credit_card,199582.04,approved
2439,2439,2025-12-29,debit_card,1490288.15,approved
2440,2440,2025-12-22,digital_wallet,1598520.21,approved
2441,2441,2025-03-15,transfer,1405376.67,approved
2442,2442,2025-02-13,transfer,608575.93,approved
2443,2443,2025-12-27,credit_card,126593.97,approved
2444,2444,2025-10-13,digital_wallet,324212.21,approved
2445,2445,2025-03-06,credit_card,0.0,failed
2446,2446,2025-12-22,credit_card,420860.89,approved
2447,2447,2025-02-27,credit_card,108299.05,approved
2448,2448,2025-12-29,credit_card,443407.69,approved
2449,2449,2025-12-20,digital_wallet,1855836.65,approved
2450,2450,2025-10-31,debit_card,316564.27,approved
2451,2451,2025-11-26,credit_card,4060410.23,approved
2452,2452,2025-05-09,debit_card,117515.3,approved
2453,2453,2025-12-30,debit_card,1923672.08,approved
2454,2454,2025-09-30,credit_card,3039132.5,approved
2455,2455,2025-02-11,credit_card,2534825.72,approved
2456,2456,2025-07-23,credit_card,240166.96,approved
2457,2457,2025-02-08,transfer,181997.32,approved
2458,2458,2025-10-02,debit_card,1840894.73,approved
2459,2459,2025-03-28,digital_wallet,394701.92,approved
2460,2460,2025-07-18,debit_card,1023788.93,approved
2461,2461,2025-12-16,debit_card,2471730.8,approved
2462,2462,2025-08-05,digital_wallet,863405.8,approved
2463,2463,2025-08-14,debit_card,114203.79,approved
2464,2464,2025-09-25,debit_card,253105.59,approved
2465,2465,2025-09-19,debit_card,3182244.46,approved
2466,2466,2025-12-27,transfer,2296438.31,approved
2467,2467,2025-10-04,debit_card,374559.34,approved
2468,2468,2025-05-26,transfer,31306.91,approved
2469,2469,2025-12-28,debit_card,938674.42,approved
2470,2470,2025-08-22,debit_card,4304632.6,approved
2471,2471,2025-12-23,digital_wallet,1217013.87,approved
2472,2472,2025-02-28,debit_card,1229709.8,approved
2473,2473,2025-05-14,credit_card,789836.59,approved
2474,2474,2025-03-05,transfer,1240911.04,approved
2475,2475,2025-12-29,digital_wallet,93623.67,approved
2476,2476,2025-03-20,transfer,395719.61,approved
2477,2477,2025-06-18,credit_card,3675811.4,approved
2478,2478,2025-12-28,digital_wallet,115428.42,approved
2479,2479,2025-05-11,credit_card,62920.47,approved
2480,2480,2025-02-15,digital_wallet,87153.28,approved
2481,2481,2025-12-30,credit_card,1338360.61,approved
2482,2482,2025-07-23,digital_wallet,1343511.55,approved
2483,2483,2025-05-16,credit_card,1546042.66,approved
2484,2484,2025-12-27,transfer,1235608.91,approved
2485,2485,2025-05-14,transfer,331265.86,approved
2486,2486,2025-10-09,transfer,249994.0,approved
2487,2487,2025-11-01,digital_wallet,2853496.87,approved
2488,2488,2025-07-03,debit_card,172487.23,approved
2489,2489,2025-07-22,credit_card,60320.35,approved
2490,2490,2025-09-09,debit_card,428113.65,approved
2491,2491,2025-12-28,transfer,142675.59,approved
2492,2492,2025-07-04,transfer,94438.21,approved
2493,2493,2025-06-05,credit_card,171769.99,approved
2494,2494,2025-09-26,credit_card,431587.61,approved
2495,2495,2025-10-21,debit_card,1422154.91,approved
2496,2496,2025-05-04,transfer,734155.05,approved
2497,2497,2025-12-26,digital_wallet,2105069.26,approved
2498,2498,2025-04-27,digital_wallet,0.0,failed
2499,2499,2025-01-18,digital_wallet,818967.55,approved
2500,2500,2025-06-12,credit_card,1474457.58,approved
2501,2501,2025-09-03,debit_card,62613.83,approved
2502,2502,2025-07-17,transfer,3795666.57,approved
2503,2503,2025-09-09,transfer,287878.51,approved
2504,2504,2025-12-26,transfer,200804.81,approved
2505,2505,2025-10-30,debit_card,1525004.77,approved
2506,2506,2025-04-28,credit_card,1260359.57,approved
2507,2507,2025-07-17,credit_card,309070.07,approved
2508,2508,2025-07-20,credit_card,662562.47,approved
2509,2509,2025-03-09,transfer,1783331.31,approved
2510,2510,2025-08-13,digital_wallet,0.0,failed
2511,2511,2025-11-19,debit_card,506270.03,approved
2512,2512,2025-08-06,debit_card,515250.83,approved
2513,2513,2025-06-15,digital_wallet,31131.23,approved
2514,2514,2025-06-29,credit_card,3026473.75,approved
2515,2515,2025-08-27,credit_card,273701.56,approved
2516,2516,2025-11-06,digital_wallet,646451.63,approved
2517,2517,2025-07-15,debit_card,111382.65,approved
2518,2518,2025-11-02,credit_card,219118.45,approved
2519,2519,2025-03-13,credit_card,1278971.67,approved
2520,2520,2025-03-14,digital_wallet,1408901.34,approved
2521,2521,2025-11-09,transfer,318673.2,approved
2522,2522,2025-12-29,credit_card,1843409.14,approved
2523,2523,2025-06-17,digital_wallet,1035333.59,approved
2524,2524,2025-06-03,debit_card,89330.24,approved
2525,2525,2025-01-12,digital_wallet,789522.43,approved
2526,2526,2025-12-10,credit_card,1779776.8,approved
2527,2527,2025-10-30,credit_card,0.0,failed
2528,2528,2025-06-24,debit_card,1163267.92,approved
2529,2529,2025-08-18,credit_card,1379215.76,approved
2530,2530,2025-09-27,credit_card,1653285.8,approved
2531,2531,2025-06-01,credit_card,421661.66,approved
2532,2532,2025-01-02,credit_card,961939.51,approved
2533,2533,2025-10-01,digital_wallet,1788032.15,approved
2534,2534,2025-03-25,credit_card,3008010.26,approved
2535,2535,2025-03-21,debit_card,2514563.53,approved
2536,2536,2025-04-19,transfer,630529.16,approved
2537,2537,2025-10-20,transfer,97041.64,approved
2538,2538,2025-12-04,digital_wallet,302384.22,approved
2539,2539,2025-12-29,digital_wallet,0.0,cancelled
2540,2540,2025-12-25,digital_wallet,458608.13,approved
2541,2541,2025-11-07,digital_wallet,232817.51,approved
2542,2542,2025-12-23,debit_card,283527.03,approved
2543,2543,2025-03-14,transfer,132947.69,approved
2544,2544,2025-05-24,debit_card,982567.51,approved
2545,2545,2025-05-07,credit_card,2228265.36,approved
2546,2546,2025-10-30,credit_card,616708.38,approved
2547,2547,2025-06-27,credit_card,0.0,failed
2548,2548,2025-02-14,debit_card,1610698.07,approved
2549,2549,2025-05-20,credit_card,341578.84,approved
2550,2550,2025-09-18,debit_card,2593666.93,approved
2551,2551,2025-12-02,digital_wallet,248652.33,approved
2552,2552,2025-08-19,debit_card,130651.81,approved
2553,2553,2025-12-19,credit_card,2436874.07,approved
2554,2554,2025-09-06,credit_card,2696156.18,approved
2555,2555,2025-08-28,digital_wallet,4401006.04,approved
2556,2556,2025-12-29,digital_wallet,801436.75,approved
2557,2557,2025-09-26,digital_wallet,392283.05,approved
2558,2558,2025-12-26,credit_card,127461.6,approved
2559,2559,2025-09-13,debit_card,100825.25,approved
2560,2560,2025-10-19,digital_wallet,748920.89,approved
2561,2561,2025-05-28,credit_card,104611.06,approved
2562,2562,2025-09-26,credit_card,314904.05,approved
2563,2563,2025-05-17,credit_card,31306.91,approved
2564,2564,2025-11-25,digital_wallet,6177765.09,approved
2565,2565,2025-06-27,debit_card,174149.13,approved
2566,2566,2025-12-26,digital_wallet,382796.25,approved
2567,2567,2025-11-13,credit_card,623739.09,approved
2568,2568,2025-08-07,digital_wallet,612865.95,approved
2569,2569,2025-06-30,credit_card,321885.17,approved
2570,2570,2025-11-10,credit_card,1268567.03,approved
2571,2571,2025-02-22,transfer,391890.72,approved
2572,2572,2025-12-27,debit_card,675332.21,approved
2573,2573,2025-06-03,transfer,521542.32,approved
2574,2574,2025-04-03,digital_wallet,1617301.47,approved
2575,2575,2025-04-30,credit_card,104920.23,approved
2576,2576,2025-02-15,credit_card,311167.68,approved
2577,2577,2025-06-24,transfer,415467.17,approved
2578,2578,2025-07-28,digital_wallet,660392.43,approved
2579,2579,2025-09-27,debit_card,0.0,cancelled
2580,2580,2025-02-24,transfer,375294.96,approved
2581,2581,2025-07-18,credit_card,253695.17,approved
2582,2582,2025-05-31,credit_card,173799.25,approved
2583,2583,2025-11-21,transfer,3042841.23,approved
2584,2584,2025-08-20,digital_wallet,3171589.96,approved
2585,2585,2025-02-23,debit_card,4027326.74,approved
2586,2586,2025-12-19,transfer,3504597.32,approved
2587,2587,2025-11-12,debit_card,5563215.63,approved
2588,2588,2025-08-17,debit_card,672648.7,approved
2589,2589,2025-08-26,digital_wallet,3364104.47,approved
2590,2590,2025-07-09,credit_card,0.0,failed
2591,2591,2025-12-29,digital_wallet,571761.72,approved
2592,2592,2025-07-28,transfer,1458743.53,approved
2593,2593,2025-12-22,transfer,120726.9,approved
2594,2594,2025-12-30,digital_wallet,514214.39,approved
2595,2595,2025-08-04,credit_card,4901911.28,approved
2596,2596,2025-12-30,debit_card,97438.3,approved
2597,2597,2025-08-15,transfer,1937404.43,approved
2598,2598,2025-07-10,credit_card,474001.47,approved
2599,2599,2025-08-04,digital_wallet,225858.29,approved
2600,2600,2025-08-09,transfer,1927916.2,approved
2601,2601,2025-08-08,transfer,108939.48,approved
2602,2602,2025-06-10,digital_wallet,1119112.54,approved
2603,2603,2025-11-23,credit_card,319066.5,approved
2604,2604,2025-12-29,transfer,3567779.99,approved
2605,2605,2025-08-29,digital_wallet,1382380.68,approved
2606,2606,2025-01-21,digital_wallet,1290674.78,approved
2607,2607,2025-12-03,debit_card,99859.01,approved
2608,2608,2025-06-29,debit_card,427485.18,approved
2609,2609,2025-01-04,credit_card,501420.11,approved
2610,2610,2025-07-08,digital_wallet,223608.85,approved
2611,2611,2025-02-23,debit_card,1757170.54,approved
2612,2612,2025-07-13,transfer,1373425.66,approved
2613,2613,2025-11-12,credit_card,1680687.13,approved
2614,2614,2025-08-07,transfer,315461.23,approved
2615,2615,2025-07-16,credit_card,277272.75,approved
2616,2616,2025-09-11,digital_wallet,3308362.71,approved
2617,2617,2025-07-12,digital_wallet,421113.61,approved
2618,2618,2025-12-28,credit_card,1167312.85,approved
2619,2619,2025-09-23,transfer,90796.76,approved
2620,2620,2025-10-24,digital_wallet,0.0,failed
2621,2621,2025-06-11,digital_wallet,556215.64,approved
2622,2622,2025-10-03,digital_wallet,132729.18,approved
2623,2623,2025-07-09,debit_card,1235095.95,approved
2624,2624,2025-12-26,credit_card,3151053.91,approved
2625,2625,2025-06-29,transfer,1277030.99,approved
2626,2626,2025-11-21,digital_wallet,1078265.67,approved
2627,2627,2025-03-07,credit_card,1099236.02,approved
2628,2628,2025-11-06,credit_card,88751.58,approved
2629,2629,2025-12-30,digital_wallet,607649.69,approved
2630,2630,2025-05-06,digital_wallet,1436827.87,approved
2631,2631,2025-04-24,credit_card,323458.38,approved
2632,2632,2025-01-13,digital_wallet,2020643.13,approved
2633,2633,2025-04-17,credit_card,420813.99,approved
2634,2634,2025-12-27,credit_card,3512499.87,approved
2635,2635,2025-12-12,debit_card,396684.14,approved
2636,2636,2025-10-02,digital_wallet,2051881.79,approved
2637,2637,2025-06-18,transfer,1233527.16,approved
2638,2638,2025-10-31,debit_card,571053.66,approved
2639,2639,2025-06-27,credit_card,1145593.76,approved
2640,2640,2025-08-08,transfer,240279.08,approved
2641,2641,2025-12-30,transfer,211828.0,approved
2642,2642,2025-10-28,digital_wallet,1370093.86,approved
2643,2643,2025-10-25,digital_wallet,120127.3,approved
2644,2644,2025-07-12,credit_card,881292.91,approved
2645,2645,2025-08-02,transfer,1261385.5,approved
2646,2646,2025-12-30,credit_card,1476407.49,approved
2647,2647,2025-02-13,digital_wallet,4415335.13,approved
2648,2648,2025-08-11,credit_card,782348.71,approved
2649,2649,2025-02-15,debit_card,0.0,failed
2650,2650,2025-04-15,credit_card,813892.16,approved
2651,2651,2025-10-29,credit_card,60486.45,approved
2652,2652,2025-07-30,debit_card,5279544.31,approved
2653,2653,2025-12-30,debit_card,715318.2,approved
2654,2654,2025-05-23,debit_card,716999.32,approved
2655,2655,2025-07-31,digital_wallet,337616.89,approved
2656,2656,2025-12-27,debit_card,437613.3,approved
2657,2657,2025-04-30,digital_wallet,1273311.98,approved
2658,2658,2025-10-23,credit_card,83943.2,approved
2659,2659,2025-10-08,credit_card,1244380.45,approved
2660,2660,2025-06-21,transfer,97102.66,approved
2661,2661,2025-08-01,credit_card,125512.77,approved
2662,2662,2025-05-29,credit_card,928290.73,approved
2663,2663,2025-06-15,digital_wallet,139229.95,approved
2664,2664,2025-02-09,debit_card,1230740.12,approved
2665,2665,2025-10-13,credit_card,328905.37,approved
2666,2666,2025-11-19,digital_wallet,254800.96,approved
2667,2667,2025-09-11,credit_card,1561813.8,approved
2668,2668,2025-10-19,transfer,488486.85,approved
2669,2669,2025-09-07,credit_card,1461793.27,approved
2670,2670,2025-04-26,credit_card,827756.4,approved
2671,2671,2025-06-24,credit_card,295519.8,approved
2672,2672,2025-06-24,credit_card,0.0,cancelled
2673,2673,2025-04-13,debit_card,520426.78,approved
2674,2674,2025-05-16,credit_card,1187454.2,approved
2675,2675,2025-12-01,debit_card,130131.23,approved
2676,2676,2025-11-14,debit_card,1382753.56,approved
2677,2677,2025-02-03,debit_card,435796.97,approved
2678,2678,2025-06-20,transfer,323622.26,approved
2679,2679,2025-04-20,digital_wallet,113471.64,approved
2680,2680,2025-10-29,credit_card,0.0,failed
2681,2681,2025-11-12,digital_wallet,120408.74,approved
2682,2682,2025-04-03,digital_wallet,98933.44,approved
2683,2683,2025-03-23,debit_card,197256.63,approved
2684,2684,2025-11-11,debit_card,115220.4,approved
2685,2685,2025-10-14,credit_card,990521.09,approved
2686,2686,2025-08-17,debit_card,562123.21,approved
2687,2687,2025-09-25,credit_card,333791.27,approved
2688,2688,2025-12-28,digital_wallet,1387660.17,approved
2689,2689,2025-12-01,credit_card,110352.85,approved
2690,2690,2025-10-04,debit_card,233778.21,approved
2691,2691,2025-08-26,transfer,394159.25,approved
2692,2692,2025-11-10,credit_card,666931.66,approved
2693,2693,2025-08-15,debit_card,426065.51,approved
2694,2694,2025-08-05,digital_wallet,110314.25,approved
2695,2695,2025-12-02,debit_card,1405235.7,approved
2696,2696,2025-03-22,digital_wallet,320770.81,approved
2697,2697,2025-10-26,credit_card,338666.38,approved
2698,2698,2025-11-09,credit_card,110330.76,approved
2699,2699,2025-07-05,digital_wallet,88073.47,approved
2700,2700,2025-08-10,credit_card,1361271.39,approved
2701,2701,2025-05-17,transfer,716312.06,approved
2702,2702,2025-11-01,debit_card,199686.25,approved
2703,2703,2025-04-20,debit_card,95310.24,approved
2704,2704,2025-10-26,transfer,4890418.55,approved
2705,2705,2025-07-29,transfer,1789346.16,approved
2706,2706,2025-06-18,digital_wallet,519421.35,approved
2707,2707,2025-11-17,credit_card,5090263.73,approved
2708,2708,2025-10-01,transfer,324802.16,approved
2709,2709,2025-09-15,credit_card,607580.82,approved
2710,2710,2025-10-08,transfer,1662006.65,approved
2711,2711,2025-12-19,credit_card,2479321.37,approved
2712,2712,2025-04-14,debit_card,109336.99,approved
2713,2713,2025-09-21,credit_card,125705.11,approved
2714,2714,2025-05-20,credit_card,2912053.62,approved
2715,2715,2025-02-22,transfer,337635.05,approved
2716,2716,2025-10-19,credit_card,354912.12,approved
2717,2717,2025-11-02,transfer,1963402.63,approved
2718,2718,2025-11-04,debit_card,407045.6,approved
2719,2719,2025-12-23,credit_card,415469.56,approved
2720,2720,2025-10-06,debit_card,1252665.06,approved
2721,2721,2025-10-26,digital_wallet,317263.6,approved
2722,2722,2025-12-03,digital_wallet,586976.59,approved
2723,2723,2025-09-12,debit_card,719762.59,approved
2724,2724,2025-06-02,credit_card,109421.95,approved
2725,2725,2025-09-30,credit_card,392885.67,approved
2726,2726,2025-12-25,transfer,0.0,cancelled
2727,2727,2025-10-17,credit_card,142110.97,approved
2728,2728,2025-12-25,debit_card,2909238.03,approved
2729,2729,2025-10-04,debit_card,0.0,cancelled
2730,2730,2025-10-31,digital_wallet,672568.73,approved
2731,2731,2025-12-27,transfer,0.0,failed
2732,2732,2025-10-23,debit_card,30271.97,approved
2733,2733,2025-12-22,debit_card,60805.88,approved
2734,2734,2025-09-28,transfer,412540.43,approved
2735,2735,2025-10-21,debit_card,1236634.85,approved
2736,2736,2025-04-20,debit_card,144528.71,approved
2737,2737,2025-08-13,credit_card,118157.2,approved
2738,2738,2025-09-03,digital_wallet,215891.42,approved
2739,2739,2025-04-15,digital_wallet,695348.8,approved
2740,2740,2025-09-01,debit_card,31885.07,approved
2741,2741,2025-09-21,credit_card,748505.65,approved
2742,2742,2025-05-26,digital_wallet,0.0,failed
2743,2743,2025-12-28,digital_wallet,1275235.6,approved
2744,2744,2025-01-30,credit_card,547787.97,approved
2745,2745,2025-09-04,transfer,1253884.76,approved
2746,2746,2025-11-05,transfer,743072.02,approved
2747,2747,2025-12-08,credit_card,238541.47,approved
2748,2748,2025-12-30,debit_card,117998.12,approved
2749,2749,2025-12-25,transfer,1339675.65,approved
2750,2750,2025-10-02,credit_card,236167.56,approved
2751,2751,2025-07-20,credit_card,1621322.7,approved
2752,2752,2025-12-26,credit_card,1168366.43,approved
2753,2753,2025-04-19,digital_wallet,1263052.64,approved
2754,2754,2025-12-02,transfer,2129191.25,approved
2755,2755,2025-07-27,debit_card,1850781.58,approved
2756,2756,2025-06-26,transfer,1359968.88,approved
2757,2757,2025-07-09,credit_card,0.0,cancelled
2758,2758,2025-05-08,credit_card,2444838.43,approved
2759,2759,2025-08-15,credit_card,349656.58,approved
2760,2760,2025-07-21,digital_wallet,31597.59,approved
2761,2761,2025-12-30,debit_card,1655347.51,approved
2762,2762,2025-10-04,digital_wallet,1259864.78,approved
2763,2763,2025-10-11,credit_card,237097.54,approved
2764,2764,2025-12-29,debit_card,30438.07,approved
2765,2765,2025-09-04,credit_card,216928.17,approved
2766,2766,2025-09-15,debit_card,254401.17,approved
2767,2767,2025-09-28,credit_card,2576685.65,approved
2768,2768,2025-05-20,debit_card,286510.49,approved
2769,2769,2025-12-24,digital_wallet,171282.59,approved
2770,2770,2025-11-06,digital_wallet,315821.76,approved
2771,2771,2025-09-19,credit_card,786942.74,approved
2772,2772,2025-09-15,transfer,30869.3,approved
2773,2773,2025-03-26,digital_wallet,112293.34,approved
2774,2774,2025-10-12,credit_card,2037402.15,approved
2775,2775,2025-12-25,transfer,199242.83,approved
2776,2776,2025-12-27,credit_card,0.0,failed
2777,2777,2025-10-23,credit_card,381296.52,approved
2778,2778,2025-05-25,credit_card,1038830.03,approved
2779,2779,2025-06-15,transfer,62332.73,approved
2780,2780,2025-08-17,credit_card,2742997.24,approved
2781,2781,2025-10-21,credit_card,635507.65,approved
2782,2782,2025-08-01,transfer,2971092.57,approved
2783,2783,2025-08-13,debit_card,862474.1,approved
2784,2784,2025-08-01,credit_card,2887303.51,approved
2785,2785,2025-08-08,debit_card,490556.9,approved
2786,2786,2025-11-28,digital_wallet,480460.26,approved
2787,2787,2025-07-08,credit_card,0.0,failed
2788,2788,2025-11-03,credit_card,239422.51,approved
2789,2789,2025-05-14,credit_card,92435.41,approved
2790,2790,2025-06-30,transfer,1304636.08,approved
2791,2791,2025-12-26,digital_wallet,452456.44,approved
2792,2792,2025-12-26,transfer,2174525.44,approved
2793,2793,2025-09-01,debit_card,875315.78,approved
2794,2794,2025-11-01,debit_card,379871.73,approved
2795,2795,2025-11-10,credit_card,460245.29,approved
2796,2796,2025-03-02,credit_card,110565.93,approved
2797,2797,2025-06-01,digital_wallet,1595247.29,approved
2798,2798,2025-12-27,debit_card,924967.31,approved
2799,2799,2025-10-16,credit_card,943308.42,approved
2800,2800,2025-06-21,credit_card,1766271.4,approved
2801,2801,2025-12-28,debit_card,2121873.62,approved
2802,2802,2025-12-24,digital_wallet,413911.13,approved
2803,2803,2025-06-16,debit_card,2010570.98,approved
2804,2804,2025-06-25,digital_wallet,224875.19,approved
2805,2805,2025-09-25,transfer,118022.6,approved
2806,2806,2025-08-28,credit_card,30428.49,approved
2807,2807,2025-12-27,digital_wallet,287870.27,approved
2808,2808,2025-03-03,credit_card,5429567.93,approved
2809,2809,2025-12-06,credit_card,895910.73,approved
2810,2810,2025-12-30,digital_wallet,492653.5,approved
2811,2811,2025-12-07,credit_card,823100.8,approved
2812,2812,2025-08-03,debit_card,384982.4,approved
2813,2813,2025-02-07,digital_wallet,222927.72,approved
2814,2814,2025-11-07,transfer,783701.84,approved
2815,2815,2025-04-08,credit_card,168103.3,approved
2816,2816,2025-10-09,transfer,1305720.63,approved
2817,2817,2025-12-28,digital_wallet,1221894.96,approved
2818,2818,2025-09-16,debit_card,302248.82,approved
2819,2819,2025-12-18,transfer,90134.93,approved
2820,2820,2025-09-10,digital_wallet,788475.65,approved
2821,2821,2025-03-06,digital_wallet,635372.77,approved
2822,2822,2025-05-06,debit_card,783861.03,approved
2823,2823,2025-07-27,credit_card,1423388.24,approved
2824,2824,2025-12-27,transfer,2441978.72,approved
2825,2825,2025-10-09,credit_card,223072.7,approved
2826,2826,2025-09-29,transfer,616785.64,approved
2827,2827,2025-10-21,debit_card,1275748.57,approved
2828,2828,2025-08-27,transfer,895768.98,approved
2829,2829,2025-12-29,debit_card,350484.91,approved
2830,2830,2025-09-12,digital_wallet,518301.9,approved
2831,2831,2025-12-26,credit_card,232276.3,approved
2832,2832,2025-10-01,credit_card,7116781.41,approved
2833,2833,2025-02-06,digital_wallet,5311555.84,approved
2834,2834,2025-01-01,debit_card,463378.67,approved
2835,2835,2025-08-13,debit_card,429067.87,approved
2836,2836,2025-12-30,digital_wallet,1640970.14,approved
2837,2837,2025-07-12,transfer,3321084.77,approved
2838,2838,2025-02-21,credit_card,0.0,failed
2839,2839,2025-08-19,transfer,316431.06,approved
2840,2840,2025-09-07,debit_card,2027188.4,approved
2841,2841,2025-07-21,debit_card,526818.45,approved
2842,2842,2025-11-30,digital_wallet,711563.28,approved
2843,2843,2025-06-23,debit_card,1719578.66,approved
2844,2844,2025-01-04,digital_wallet,220125.15,approved
2845,2845,2025-01-05,digital_wallet,1885133.79,approved
2846,2846,2025-11-21,transfer,1034378.54,approved
2847,2847,2025-11-14,transfer,1174630.93,approved
2848,2848,2025-07-28,debit_card,109730.82,approved
2849,2849,2025-10-11,credit_card,3039090.21,approved
2850,2850,2025-09-27,credit_card,258972.51,approved
2851,2851,2025-06-09,credit_card,568849.26,approved
2852,2852,2025-07-05,digital_wallet,205463.14,approved
2853,2853,2025-05-11,credit_card,31418.71,approved
2854,2854,2025-11-05,transfer,30450.85,approved
2855,2855,2025-11-07,transfer,99848.83,approved
2856,2856,2025-03-14,transfer,1480688.17,approved
2857,2857,2025-07-21,transfer,409909.75,approved
2858,2858,2025-02-10,credit_card,178927.71,approved
2859,2859,2025-05-02,digital_wallet,97061.98,approved
2860,2860,2025-05-23,digital_wallet,1233941.77,approved
2861,2861,2025-12-27,transfer,652881.84,approved
2862,2862,2025-02-23,digital_wallet,2913938.62,approved
2863,2863,2025-05-29,credit_card,4102795.06,approved
2864,2864,2025-06-19,credit_card,1338450.97,approved
2865,2865,2025-09-07,transfer,127413.52,approved
2866,2866,2025-09-20,digital_wallet,428981.79,approved
2867,2867,2025-02-25,credit_card,1391979.82,approved
2868,2868,2025-01-27,debit_card,1156583.56,approved
2869,2869,2025-09-04,credit_card,1438044.07,approved
2870,2870,2025-08-07,digital_wallet,285513.35,approved
2871,2871,2025-01-04,digital_wallet,86925.87,approved
2872,2872,2025-10-17,debit_card,359086.01,approved
2873,2873,2025-12-28,digital_wallet,431006.92,approved
2874,2874,2025-06-26,credit_card,1291182.81,approved
2875,2875,2025-07-20,debit_card,802535.72,approved
2876,2876,2025-11-19,credit_card,1655624.58,approved
2877,2877,2025-10-18,credit_card,316149.29,approved
2878,2878,2025-08-09,credit_card,3934341.06,approved
2879,2879,2025-11-18,credit_card,394238.8,approved
2880,2880,2025-08-28,digital_wallet,443347.86,approved
2881,2881,2025-09-24,debit_card,377762.44,approved
2882,2882,2025-06-21,credit_card,2562782.41,approved
2883,2883,2025-07-07,transfer,387075.16,approved
2884,2884,2025-10-08,transfer,350623.55,approved
2885,2885,2025-12-16,digital_wallet,683081.47,approved
2886,2886,2025-02-09,debit_card,452436.91,approved
2887,2887,2025-02-24,digital_wallet,1376553.33,approved
2888,2888,2025-10-20,debit_card,61112.52,approved
2889,2889,2025-02-17,credit_card,1223122.56,approved
2890,2890,2025-11-12,debit_card,118548.77,approved
2891,2891,2025-09-25,debit_card,2742997.17,approved
2892,2892,2025-09-27,debit_card,197600.82,approved
2893,2893,2025-11-11,transfer,814514.57,approved
2894,2894,2025-11-16,debit_card,289598.93,approved
2895,2895,2025-12-28,digital_wallet,396882.16,approved
2896,2896,2025-02-24,digital_wallet,1106721.32,approved
2897,2897,2025-04-07,debit_card,1496168.56,approved
2898,2898,2025-04-18,transfer,2542007.25,approved
2899,2899,2025-09-08,debit_card,88670.21,approved
2900,2900,2025-02-02,debit_card,91764.62,approved
2901,2901,2025-12-27,digital_wallet,383214.76,approved
2902,2902,2025-08-03,credit_card,445619.44,approved
2903,2903,2025-12-27,debit_card,830510.69,approved
2904,2904,2025-10-31,credit_card,5051380.22,approved
2905,2905,2025-06-22,transfer,287129.52,approved
2906,2906,2025-12-25,credit_card,89402.57,approved
2907,2907,2025-12-07,digital_wallet,2270099.41,approved
2908,2908,2025-10-07,debit_card,128235.12,approved
2909,2909,2025-03-21,digital_wallet,322540.67,approved
2910,2910,2025-10-29,digital_wallet,114405.34,approved
2911,2911,2025-08-24,digital_wallet,386223.85,approved
2912,2912,2025-07-17,transfer,30415.72,approved
2913,2913,2025-04-24,credit_card,116581.12,approved
2914,2914,2025-09-13,digital_wallet,603314.66,approved
2915,2915,2025-04-25,digital_wallet,437564.23,approved
2916,2916,2025-07-03,credit_card,942450.67,approved
2917,2917,2025-11-01,debit_card,2654493.1,approved
2918,2918,2025-07-15,credit_card,1439224.89,approved
2919,2919,2025-07-12,transfer,214235.14,approved
2920,2920,2025-05-30,credit_card,381642.42,approved
2921,2921,2025-02-13,transfer,4538318.14,approved
2922,2922,2025-04-04,transfer,105582.74,approved
2923,2923,2025-07-14,credit_card,1496900.33,approved
2924,2924,2025-09-05,digital_wallet,593279.84,approved
2925,2925,2025-08-19,digital_wallet,122173.94,approved
2926,2926,2025-01-28,debit_card,30326.28,approved
2927,2927,2025-07-25,digital_wallet,1567624.12,approved
2928,2928,2025-12-12,digital_wallet,184614.46,approved
2929,2929,2025-09-01,transfer,119368.63,approved
2930,2930,2025-12-28,credit_card,944767.85,approved
2931,2931,2025-12-29,debit_card,883225.03,approved
2932,2932,2025-09-17,transfer,0.0,cancelled
2933,2933,2025-02-21,debit_card,377779.68,approved
2934,2934,2025-05-31,digital_wallet,2084572.56,approved
2935,2935,2025-09-18,credit_card,1742833.85,approved
2936,2936,2025-06-14,credit_card,30610.56,approved
2937,2937,2025-10-17,digital_wallet,693153.05,approved
2938,2938,2025-08-01,credit_card,2720876.26,approved
2939,2939,2025-12-13,credit_card,342548.23,approved
2940,2940,2025-03-09,digital_wallet,567990.79,approved
2941,2941,2025-10-24,transfer,443772.22,approved
2942,2942,2025-07-02,transfer,1696495.89,approved
2943,2943,2025-11-29,transfer,478154.39,approved
2944,2944,2025-01-29,credit_card,961466.68,approved
2945,2945,2025-12-26,debit_card,312640.64,approved
2946,2946,2025-07-08,transfer,863102.42,approved
2947,2947,2025-02-15,credit_card,818555.9,approved
2948,2948,2025-05-22,digital_wallet,352664.78,approved
2949,2949,2025-08-20,credit_card,2220563.55,approved
2950,2950,2025-01-16,credit_card,30281.56,approved
2951,2951,2025-12-25,credit_card,1247005.44,approved
2952,2952,2025-12-24,debit_card,766586.55,approved
2953,2953,2025-11-03,digital_wallet,1562797.71,approved
2954,2954,2025-06-04,debit_card,3289618.77,approved
2955,2955,2025-07-16,credit_card,845736.86,approved
2956,2956,2025-04-22,credit_card,111347.5,approved
2957,2957,2025-09-02,debit_card,1355505.92,approved
2958,2958,2025-10-04,credit_card,2509177.38,approved
2959,2959,2025-10-26,credit_card,216744.13,approved
2960,2960,2025-10-25,transfer,146631.37,approved
2961,2961,2025-08-31,digital_wallet,121840.43,approved
2962,2962,2025-12-07,digital_wallet,1470523.19,approved
2963,2963,2025-09-30,digital_wallet,684598.61,approved
2964,2964,2025-07-16,debit_card,767394.65,approved
2965,2965,2025-12-25,transfer,1614060.66,approved
2966,2966,2025-12-12,transfer,1348078.09,approved
2967,2967,2025-07-28,credit_card,1701175.77,approved
2968,2968,2025-08-28,debit_card,304977.82,approved
2969,2969,2025-03-01,credit_card,217348.96,approved
2970,2970,2025-11-12,credit_card,373309.13,approved
2971,2971,2025-07-19,credit_card,399253.44,approved
2972,2972,2025-08-12,digital_wallet,0.0,cancelled
2973,2973,2025-03-12,debit_card,2186228.73,approved
2974,2974,2025-10-10,credit_card,113245.47,approved
2975,2975,2025-07-01,credit_card,533539.35,approved
2976,2976,2025-11-10,debit_card,1312514.16,approved
2977,2977,2025-07-28,transfer,117163.85,approved
2978,2978,2025-07-28,digital_wallet,1286027.89,approved
2979,2979,2025-05-07,credit_card,171987.83,approved
2980,2980,2025-08-04,debit_card,2899632.19,approved
2981,2981,2025-11-11,digital_wallet,153765.18,approved
2982,2982,2025-09-04,credit_card,146361.75,approved
2983,2983,2025-12-01,debit_card,241527.21,approved
2984,2984,2025-11-21,credit_card,1372863.69,approved
2985,2985,2025-09-10,digital_wallet,0.0,failed
2986,2986,2025-09-22,transfer,2590972.45,approved
2987,2987,2025-10-17,debit_card,1100375.3,approved
2988,2988,2025-06-23,debit_card,356525.3,approved
2989,2989,2025-05-01,digital_wallet,3463180.12,approved
2990,2990,2025-09-29,credit_card,0.0,failed
2991,2991,2025-06-19,digital_wallet,111778.55,approved
2992,2992,2025-10-11,digital_wallet,117900.23,approved
2993,2993,2025-11-25,digital_wallet,151769.86,approved
2994,2994,2025-10-15,transfer,267936.46,approved
2995,2995,2025-05-06,credit_card,670402.62,approved
2996,2996,2025-04-05,digital_wallet,3978334.81,approved
2997,2997,2025-02-03,debit_card,93019.96,approved
2998,2998,2025-12-26,credit_card,1538927.92,approved
2999,2999,2025-06-18,debit_card,607145.45,approved
3000,3000,2025-08-12,credit_card,183797.39,approved
3001,3001,2025-06-27,credit_card,1154112.12,approved
3002,3002,2025-11-16,credit_card,1846493.43,approved
3003,3003,2025-11-16,credit_card,404012.98,approved
3004,3004,2025-05-05,credit_card,2560217.58,approved
3005,3005,2025-09-19,credit_card,115575.26,approved
3006,3006,2025-09-16,credit_card,1302216.61,approved
3007,3007,2025-10-16,credit_card,4198971.97,approved
3008,3008,2025-09-13,credit_card,223280.8,approved
3009,3009,2025-10-15,credit_card,3330229.74,approved
3010,3010,2025-03-10,debit_card,366192.62,approved
3011,3011,2025-02-16,transfer,632064.21,approved
3012,3012,2025-09-01,credit_card,752569.79,approved
3013,3013,2025-12-30,credit_card,145557.98,approved
3014,3014,2025-12-25,digital_wallet,1565138.24,approved
3015,3015,2025-09-30,debit_card,639855.44,approved
3016,3016,2025-01-06,transfer,108117.8,approved
3017,3017,2025-03-05,transfer,314346.88,approved
3018,3018,2025-07-12,credit_card,31846.74,approved
3019,3019,2025-05-15,transfer,1916483.8,approved
3020,3020,2025-07-23,transfer,2474935.45,approved
3021,3021,2025-07-20,debit_card,30639.31,approved
3022,3022,2025-12-30,transfer,671764.55,approved
3023,3023,2025-11-17,digital_wallet,329844.53,approved
3024,3024,2025-10-19,debit_card,637674.16,approved
3025,3025,2025-03-06,credit_card,217613.96,approved
3026,3026,2025-12-28,credit_card,0.0,failed
3027,3027,2025-06-02,credit_card,1221136.81,approved
3028,3028,2025-10-19,debit_card,166486.91,approved
3029,3029,2025-07-27,credit_card,2422110.33,approved
3030,3030,2025-11-19,transfer,0.0,cancelled
3031,3031,2025-12-11,debit_card,3429821.73,approved
3032,3032,2025-02-15,credit_card,422696.44,approved
3033,3033,2025-12-30,credit_card,181713.09,approved
3034,3034,2025-12-16,debit_card,0.0,cancelled
3035,3035,2025-01-12,credit_card,708416.23,approved
3036,3036,2025-05-11,digital_wallet,825144.56,approved
3037,3037,2025-12-29,credit_card,352179.78,approved
3038,3038,2025-04-16,debit_card,1244201.11,approved
3039,3039,2025-07-23,digital_wallet,31048.18,approved
3040,3040,2025-01-25,credit_card,690087.6,approved
3041,3041,2025-09-07,transfer,30367.8,approved
3042,3042,2025-12-29,digital_wallet,574968.36,approved
3043,3043,2025-11-09,credit_card,357627.18,approved
3044,3044,2025-09-01,digital_wallet,296031.37,approved
3045,3045,2025-01-30,debit_card,1196209.07,approved
3046,3046,2025-07-12,digital_wallet,1136988.52,approved
3047,3047,2025-06-26,credit_card,1617843.73,approved
3048,3048,2025-12-29,digital_wallet,86961.36,approved
3049,3049,2025-09-15,transfer,400791.1,approved
3050,3050,2025-03-17,transfer,813272.61,approved
3051,3051,2026-10-25,digital_wallet,223337.85,approved
3052,3052,2026-11-30,debit_card,122186.21,approved
3053,3053,2026-08-09,credit_card,82361.56,approved
3054,3054,2026-05-27,credit_card,420426.42,approved
3055,3055,2026-10-05,transfer,0.0,failed
3056,3056,2026-08-25,digital_wallet,437443.46,approved
3057,3057,2026-04-10,debit_card,2006570.7,approved
3058,3058,2026-10-28,credit_card,121028.8,approved
3059,3059,2026-07-24,digital_wallet,1505214.88,approved
3060,3060,2026-09-26,credit_card,102664.84,approved
3061,3061,2026-09-19,digital_wallet,748004.65,approved
3062,3062,2026-10-08,credit_card,131913.57,approved
3063,3063,2026-02-14,credit_card,340488.67,approved
3064,3064,2026-09-08,transfer,116895.69,approved
3065,3065,2026-10-15,credit_card,226941.21,approved
3066,3066,2026-07-17,credit_card,88851.61,approved
3067,3067,2026-01-01,transfer,342888.47,approved
3068,3068,2026-01-18,transfer,0.0,failed
3069,3069,2026-11-30,digital_wallet,310862.26,approved
3070,3070,2026-07-23,transfer,0.0,failed
3071,3071,2026-04-05,debit_card,338712.57,approved
3072,3072,2026-01-18,transfer,369313.98,approved
3073,3073,2026-07-03,credit_card,670688.36,approved
3074,3074,2026-05-22,credit_card,0.0,failed
3075,3075,2026-05-29,credit_card,409513.15,approved
3076,3076,2026-05-21,transfer,340166.14,approved
3077,3077,2026-08-24,transfer,106513.29,approved
3078,3078,2026-10-22,credit_card,368396.34,approved
3079,3079,2026-11-05,credit_card,2762851.75,approved
3080,3080,2026-12-25,debit_card,115458.83,approved
3081,3081,2026-06-12,digital_wallet,629040.62,approved
3082,3082,2026-04-13,credit_card,30946.98,approved
3083,3083,2026-09-21,credit_card,107226.42,approved
3084,3084,2026-09-06,credit_card,122057.28,approved
3085,3085,2026-06-11,credit_card,286136.77,approved
3086,3086,2026-12-22,debit_card,827976.97,approved
3087,3087,2026-10-07,debit_card,0.0,failed
3088,3088,2026-07-30,digital_wallet,1166483.09,approved
3089,3089,2026-08-24,transfer,188271.4,approved
3090,3090,2026-11-17,digital_wallet,107768.32,approved
3091,3091,2026-01-31,transfer,350785.73,approved
3092,3092,2026-11-13,digital_wallet,97164.57,approved
3093,3093,2026-05-25,credit_card,3799890.98,approved
3094,3094,2026-04-27,debit_card,4804531.27,approved
3095,3095,2026-09-01,transfer,95606.23,approved
3096,3096,2026-09-19,digital_wallet,142163.45,approved
3097,3097,2026-03-19,credit_card,52356.32,approved
3098,3098,2026-03-11,credit_card,304203.14,approved
3099,3099,2026-03-28,digital_wallet,408680.72,approved
3100,3100,2026-12-03,credit_card,437624.89,approved
3101,3101,2026-07-20,credit_card,137041.99,approved
3102,3102,2026-01-18,debit_card,153264.91,approved
3103,3103,2026-06-05,digital_wallet,0.0,failed
3104,3104,2026-01-27,debit_card,438775.51,approved
3105,3105,2026-08-15,debit_card,120515.26,approved
3106,3106,2026-12-03,credit_card,126342.68,approved
3107,3107,2026-04-20,transfer,142565.02,approved
3108,3108,2026-11-27,credit_card,1087790.04,approved
3109,3109,2026-08-13,credit_card,1564662.06,approved
3110,3110,2026-09-28,digital_wallet,84579.39,approved
3111,3111,2026-02-03,credit_card,32073.44,approved
3112,3112,2026-08-03,transfer,876553.1,approved
3113,3113,2026-06-27,digital_wallet,145255.59,approved
3114,3114,2026-07-22,credit_card,403977.81,approved
3115,3115,2026-09-29,credit_card,340095.61,approved
3116,3116,2026-09-03,credit_card,1785661.46,approved
3117,3117,2026-04-24,credit_card,241660.77,approved
3118,3118,2026-08-07,digital_wallet,193576.23,approved
3119,3119,2026-11-01,credit_card,995351.7,approved
3120,3120,2026-05-25,digital_wallet,1350257.33,approved
3121,3121,2026-12-12,digital_wallet,523796.51,approved
3122,3122,2026-10-08,digital_wallet,1023553.12,approved
3123,3123,2026-06-30,credit_card,413936.71,approved
3124,3124,2026-08-14,credit_card,0.0,failed
3125,3125,2026-10-18,transfer,116932.32,approved
3126,3126,2026-07-11,credit_card,490341.62,approved
3127,3127,2026-10-28,digital_wallet,114152.37,approved
3128,3128,2026-12-18,debit_card,0.0,failed
3129,3129,2026-03-17,debit_card,1604798.6,approved
3130,3130,2026-12-29,debit_card,61345.29,approved
3131,3131,2026-11-03,credit_card,146985.6,approved
3132,3132,2026-10-23,credit_card,1432127.94,approved
3133,3133,2026-12-25,debit_card,1261133.28,approved
3134,3134,2026-04-06,transfer,856778.53,approved
3135,3135,2026-06-12,credit_card,744212.72,approved
3136,3136,2026-01-03,digital_wallet,0.0,cancelled
3137,3137,2026-12-29,credit_card,132076.18,approved
3138,3138,2026-10-08,debit_card,107519.74,approved
3139,3139,2026-01-10,credit_card,586541.8,approved
3140,3140,2026-07-14,credit_card,82490.84,approved
3141,3141,2026-07-30,digital_wallet,1175221.7,approved
3142,3142,2026-05-15,digital_wallet,155933.39,approved
3143,3143,2026-09-04,debit_card,673095.48,approved
3144,3144,2026-11-23,digital_wallet,153921.85,approved
3145,3145,2026-11-11,transfer,184406.12,approved
3146,3146,2026-12-07,debit_card,1150086.3,approved
3147,3147,2026-07-22,debit_card,113969.62,approved
3148,3148,2026-05-11,credit_card,708300.0,approved
3149,3149,2026-01-01,credit_card,321751.54,approved
3150,3150,2026-10-22,credit_card,209701.71,approved
3151,3151,2026-12-04,debit_card,0.0,failed
3152,3152,2026-05-27,transfer,76220.05,approved
3153,3153,2026-08-02,credit_card,192529.8,approved
3154,3154,2026-03-28,debit_card,4163298.21,approved
3155,3155,2026-03-21,debit_card,298860.03,approved
3156,3156,2026-07-25,credit_card,984343.61,approved
3157,3157,2026-09-05,digital_wallet,117205.1,approved
3158,3158,2026-06-13,transfer,286602.23,approved
3159,3159,2026-10-30,digital_wallet,0.0,failed
3160,3160,2026-02-19,debit_card,178695.66,approved
3161,3161,2026-02-25,debit_card,120686.51,approved
3162,3162,2026-08-05,digital_wallet,84007.39,approved
3163,3163,2026-02-06,transfer,700952.3,approved
3164,3164,2026-07-29,digital_wallet,0.0,cancelled
3165,3165,2026-12-24,credit_card,566024.75,approved
3166,3166,2026-03-31,credit_card,289174.54,approved
3167,3167,2026-12-15,debit_card,64859.42,approved
3168,3168,2026-12-21,digital_wallet,1176763.51,approved
3169,3169,2026-07-21,digital_wallet,215265.4,approved
3170,3170,2026-08-31,digital_wallet,188826.15,approved
3171,3171,2026-09-30,credit_card,32109.03,approved
3172,3172,2026-12-14,digital_wallet,0.0,failed
3173,3173,2026-05-25,credit_card,1318237.46,approved
3174,3174,2026-06-28,credit_card,81782.07,approved
3175,3175,2026-10-18,transfer,468725.1,approved
3176,3176,2026-02-02,transfer,319234.88,approved
3177,3177,2026-08-14,debit_card,117098.02,approved
3178,3178,2026-02-07,credit_card,2632514.5,approved
3179,3179,2026-07-16,credit_card,1624723.02,approved
3180,3180,2026-02-21,transfer,355639.61,approved
3181,3181,2026-09-05,digital_wallet,0.0,cancelled
3182,3182,2026-11-15,debit_card,376693.98,approved
3183,3183,2026-10-11,digital_wallet,230318.13,approved
3184,3184,2026-01-30,credit_card,1432691.98,approved
3185,3185,2026-08-18,digital_wallet,557907.7,approved
3186,3186,2026-11-21,debit_card,367697.5,approved
3187,3187,2026-07-09,digital_wallet,122803.5,approved
3188,3188,2026-06-18,credit_card,425716.07,approved
3189,3189,2026-09-15,digital_wallet,151456.54,approved
3190,3190,2026-02-20,transfer,235473.18,approved
3191,3191,2026-11-10,credit_card,430318.52,approved
3192,3192,2026-04-24,credit_card,931466.74,approved
3193,3193,2026-04-12,credit_card,113984.92,approved
3194,3194,2026-11-27,credit_card,132892.63,approved
3195,3195,2026-08-15,credit_card,449067.87,approved
3196,3196,2026-09-18,debit_card,424019.28,approved
3197,3197,2026-09-30,digital_wallet,666854.08,approved
3198,3198,2026-12-16,digital_wallet,430966.48,approved
3199,3199,2026-05-07,credit_card,315696.66,approved
3200,3200,2026-05-04,credit_card,303870.9,approved
3201,3201,2026-06-25,debit_card,1072986.17,approved
3202,3202,2026-07-29,credit_card,647093.25,approved
3203,3203,2026-04-01,digital_wallet,269518.82,approved
3204,3204,2026-08-03,transfer,0.0,failed
3205,3205,2026-09-03,credit_card,285217.4,approved
3206,3206,2026-08-21,digital_wallet,113924.9,approved
3207,3207,2026-10-30,digital_wallet,126947.41,approved
3208,3208,2026-10-27,debit_card,324677.31,approved
3209,3209,2026-08-16,credit_card,0.0,cancelled
3210,3210,2026-02-12,credit_card,2509177.13,approved
3211,3211,2026-08-26,digital_wallet,312107.64,approved
3212,3212,2026-02-11,transfer,4704917.1,approved
3213,3213,2026-03-05,credit_card,549819.15,approved
3214,3214,2026-10-21,debit_card,0.0,failed
3215,3215,2026-06-30,transfer,75818.52,approved
3216,3216,2026-05-02,digital_wallet,54855.38,approved
3217,3217,2026-10-06,credit_card,128003.87,approved
3218,3218,2026-02-16,transfer,353851.39,approved
3219,3219,2026-12-04,debit_card,574112.64,approved
3220,3220,2026-05-20,transfer,222521.13,approved
3221,3221,2026-10-27,debit_card,123102.09,approved
3222,3222,2026-03-22,debit_card,104549.59,approved
3223,3223,2026-06-25,credit_card,2913374.66,approved
3224,3224,2026-04-30,debit_card,1537434.35,approved
3225,3225,2026-10-17,credit_card,0.0,failed
3226,3226,2026-05-09,debit_card,642031.92,approved
3227,3227,2026-11-28,credit_card,210241.25,approved
3228,3228,2026-04-06,transfer,707018.95,approved
3229,3229,2026-02-05,credit_card,2756673.68,approved
3230,3230,2026-03-03,debit_card,581313.42,approved
3231,3231,2026-11-29,digital_wallet,230070.44,approved
3232,3232,2026-12-22,credit_card,391967.89,approved
3233,3233,2026-04-29,debit_card,3818043.49,approved
3234,3234,2026-11-17,transfer,113348.6,approved
3235,3235,2026-12-10,credit_card,120260.11,approved
3236,3236,2026-12-25,debit_card,145045.31,approved
3237,3237,2026-08-23,credit_card,1570404.04,approved
3238,3238,2026-01-16,credit_card,619502.16,approved
3239,3239,2026-11-08,digital_wallet,265849.07,approved
3240,3240,2026-11-19,credit_card,202114.47,approved
3241,3241,2026-02-27,debit_card,1434960.49,approved
3242,3242,2026-02-05,credit_card,3397443.06,approved
3243,3243,2026-10-04,credit_card,183405.12,approved
3244,3244,2026-04-07,credit_card,0.0,failed
3245,3245,2026-05-19,transfer,5148080.45,approved
3246,3246,2026-09-15,debit_card,0.0,failed
3247,3247,2026-07-19,transfer,1808057.46,approved
3248,3248,2026-03-19,digital_wallet,1066836.68,approved
3249,3249,2026-09-20,digital_wallet,105174.93,approved
3250,3250,2026-10-27,debit_card,244518.37,approved
3251,3251,2026-04-12,digital_wallet,2092167.24,approved
3252,3252,2026-09-24,debit_card,137395.85,approved
3253,3253,2026-01-13,digital_wallet,88976.83,approved
3254,3254,2026-12-29,transfer,111727.47,approved
3255,3255,2026-08-03,digital_wallet,778506.61,approved
3256,3256,2026-11-28,debit_card,144350.32,approved
3257,3257,2026-06-25,transfer,280315.9,approved
3258,3258,2026-08-04,debit_card,317238.6,approved
3259,3259,2026-11-14,digital_wallet,0.0,cancelled
3260,3260,2026-04-08,credit_card,32418.61,approved
3261,3261,2026-02-06,debit_card,1138605.55,approved
3262,3262,2026-06-29,credit_card,178368.29,approved
3263,3263,2026-02-09,credit_card,1395386.09,approved
3264,3264,2026-11-09,digital_wallet,32391.78,approved
3265,3265,2026-11-05,credit_card,0.0,failed
3266,3266,2026-02-24,transfer,431972.0,approved
3267,3267,2026-08-12,debit_card,950658.18,approved
3268,3268,2026-04-01,credit_card,235413.49,approved
3269,3269,2026-08-01,credit_card,122146.29,approved
3270,3270,2026-11-19,transfer,199736.26,approved
3271,3271,2026-10-31,credit_card,113552.67,approved
3272,3272,2026-03-28,credit_card,293483.25,approved
3273,3273,2026-03-07,credit_card,4081601.51,approved
3274,3274,2026-05-03,digital_wallet,1033797.98,approved
3275,3275,2026-11-16,digital_wallet,0.0,failed
3276,3276,2026-06-05,transfer,138054.58,approved
3277,3277,2026-05-25,credit_card,1411515.75,approved
3278,3278,2026-09-24,transfer,375137.37,approved
3279,3279,2026-12-22,debit_card,3801373.8,approved
3280,3280,2026-09-08,digital_wallet,260552.01,approved
3281,3281,2026-02-02,digital_wallet,1585077.95,approved
3282,3282,2026-11-11,digital_wallet,0.0,failed
3283,3283,2026-08-16,credit_card,99125.71,approved
3284,3284,2026-04-11,credit_card,213113.91,approved
3285,3285,2026-12-23,credit_card,231802.81,approved
3286,3286,2026-12-25,transfer,149995.05,approved
3287,3287,2026-03-29,credit_card,660612.28,approved
3288,3288,2026-01-09,digital_wallet,0.0,failed
3289,3289,2026-01-26,digital_wallet,1455664.56,approved
3290,3290,2026-03-18,digital_wallet,253339.8,approved
3291,3291,2026-12-17,credit_card,202385.63,approved
3292,3292,2026-09-08,digital_wallet,0.0,failed
3293,3293,2026-10-04,credit_card,209364.05,approved
3294,3294,2026-11-11,digital_wallet,201598.37,approved
3295,3295,2026-05-25,credit_card,475537.12,approved
3296,3296,2026-03-26,transfer,316878.48,approved
3297,3297,2026-12-18,digital_wallet,465361.97,approved
3298,3298,2026-07-30,digital_wallet,197346.41,approved
3299,3299,2026-02-17,debit_card,1656907.82,approved
3300,3300,2026-07-29,digital_wallet,128066.38,approved
3301,3301,2026-06-29,credit_card,100089.9,approved
3302,3302,2026-01-20,debit_card,226400.11,approved
3303,3303,2026-03-07,debit_card,3257511.98,approved
3304,3304,2026-08-26,debit_card,0.0,failed
3305,3305,2026-10-19,credit_card,0.0,cancelled
3306,3306,2026-11-16,credit_card,228377.55,approved
3307,3307,2026-10-09,digital_wallet,301754.27,approved
3308,3308,2026-10-11,debit_card,0.0,failed
3309,3309,2026-07-12,credit_card,33510.3,approved
3310,3310,2026-01-12,credit_card,740092.8,approved
3311,3311,2026-05-29,credit_card,304623.36,approved
3312,3312,2026-11-20,credit_card,278118.01,approved
3313,3313,2026-11-29,transfer,254592.27,approved
3314,3314,2026-08-23,digital_wallet,1355402.73,approved
3315,3315,2026-05-18,digital_wallet,2889733.04,approved
3316,3316,2026-03-25,credit_card,329326.53,approved
3317,3317,2026-12-19,credit_card,341792.13,approved
3318,3318,2026-05-10,transfer,3456400.08,approved
3319,3319,2026-09-18,credit_card,1150807.25,approved
3320,3320,2026-04-19,digital_wallet,2913801.21,approved
3321,3321,2026-10-15,debit_card,1192127.27,approved
3322,3322,2026-12-10,digital_wallet,117193.8,approved
3323,3323,2026-02-27,credit_card,128850.27,approved
3324,3324,2026-01-14,credit_card,920333.02,approved
3325,3325,2026-08-27,credit_card,0.0,failed
3326,3326,2026-08-29,digital_wallet,386048.61,approved
3327,3327,2026-08-28,digital_wallet,429204.57,approved
3328,3328,2026-04-06,credit_card,144852.71,approved
3329,3329,2026-09-09,credit_card,32043.88,approved
3330,3330,2026-04-25,credit_card,371840.31,approved
3331,3331,2026-07-13,debit_card,145120.76,approved
3332,3332,2026-06-10,debit_card,331370.58,approved
3333,3333,2026-12-09,digital_wallet,202816.72,approved
3334,3334,2026-08-02,debit_card,0.0,failed
3335,3335,2026-07-06,transfer,404983.96,approved
3336,3336,2026-08-01,digital_wallet,28942.33,approved
3337,3337,2026-02-04,debit_card,396173.53,approved
3338,3338,2026-04-19,credit_card,135068.35,approved
3339,3339,2026-05-29,credit_card,706343.06,approved
3340,3340,2026-10-11,credit_card,531333.92,approved
3341,3341,2026-06-12,debit_card,544345.6,approved
3342,3342,2026-03-19,debit_card,106596.47,approved
3343,3343,2026-09-07,credit_card,213432.37,approved
3344,3344,2026-12-10,debit_card,0.0,cancelled
3345,3345,2026-11-06,credit_card,293795.43,approved
3346,3346,2026-07-24,digital_wallet,86065.57,approved
3347,3347,2026-09-07,transfer,140285.31,approved
3348,3348,2026-09-02,credit_card,1419003.86,approved
3349,3349,2026-11-08,digital_wallet,104255.41,approved
3350,3350,2026-07-31,credit_card,692024.84,approved
3351,3351,2026-11-05,digital_wallet,31358.86,approved
3352,3352,2026-01-08,digital_wallet,230642.66,approved
3353,3353,2026-10-02,digital_wallet,108410.37,approved
3354,3354,2026-12-18,transfer,145476.91,approved
3355,3355,2026-10-05,digital_wallet,123906.69,approved
3356,3356,2026-05-20,credit_card,115065.14,approved
3357,3357,2026-07-06,credit_card,911015.39,approved
3358,3358,2026-11-12,digital_wallet,0.0,failed
3359,3359,2026-10-31,transfer,254926.54,approved
3360,3360,2026-07-08,digital_wallet,3023591.16,approved
3361,3361,2026-05-14,credit_card,226867.99,approved
3362,3362,2026-12-21,digital_wallet,130707.6,approved
3363,3363,2026-08-08,digital_wallet,227155.16,approved
3364,3364,2026-12-02,debit_card,210372.15,approved
3365,3365,2026-09-20,credit_card,0.0,cancelled
3366,3366,2026-05-31,digital_wallet,240003.75,approved
3367,3367,2026-06-25,credit_card,0.0,cancelled
3368,3368,2026-03-11,debit_card,921346.73,approved
3369,3369,2026-01-11,debit_card,260096.27,approved
3370,3370,2026-05-04,credit_card,31680.02,approved
3371,3371,2026-08-20,credit_card,117615.64,approved
3372,3372,2026-03-27,credit_card,687249.42,approved
3373,3373,2026-04-16,debit_card,181811.69,approved
3374,3374,2026-12-14,debit_card,93900.09,approved
3375,3375,2026-11-11,digital_wallet,350791.98,approved
3376,3376,2026-11-16,credit_card,87776.01,approved
3377,3377,2026-01-23,transfer,700556.19,approved
3378,3378,2026-12-01,credit_card,1191521.75,approved
3379,3379,2026-07-25,transfer,4196665.89,approved
3380,3380,2026-05-19,digital_wallet,1375352.48,approved
3381,3381,2026-10-25,credit_card,77548.74,approved
3382,3382,2026-08-15,credit_card,496978.35,approved
3383,3383,2026-04-01,transfer,1223726.83,approved
3384,3384,2026-08-28,credit_card,421630.96,approved
3385,3385,2026-02-08,debit_card,31118.97,approved
3386,3386,2026-04-07,credit_card,237849.23,approved
3387,3387,2026-09-13,credit_card,298135.79,approved
3388,3388,2026-11-11,transfer,117875.52,approved
3389,3389,2026-07-17,digital_wallet,547087.65,approved
3390,3390,2026-07-27,transfer,91338.64,approved
3391,3391,2026-12-25,credit_card,116744.19,approved
3392,3392,2026-11-04,credit_card,118276.04,approved
3393,3393,2026-12-23,digital_wallet,959115.02,approved
3394,3394,2026-10-14,credit_card,0.0,cancelled
3395,3395,2026-01-22,digital_wallet,1147506.13,approved
3396,3396,2026-10-24,digital_wallet,603428.05,approved
3397,3397,2026-03-27,credit_card,1217084.2,approved
3398,3398,2026-08-12,digital_wallet,205477.71,approved
3399,3399,2026-09-02,debit_card,801833.11,approved
3400,3400,2026-05-18,credit_card,1194603.53,approved
3401,3401,2026-12-30,credit_card,211325.09,approved
3402,3402,2026-11-22,credit_card,325117.54,approved
3403,3403,2026-12-25,digital_wallet,142916.73,approved
3404,3404,2026-04-07,digital_wallet,614098.75,approved
3405,3405,2026-08-23,debit_card,0.0,failed
3406,3406,2026-10-06,credit_card,121180.75,approved
3407,3407,2026-08-19,debit_card,1306080.49,approved
3408,3408,2026-09-20,digital_wallet,111206.28,approved
3409,3409,2026-12-10,credit_card,0.0,failed
3410,3410,2026-11-01,credit_card,994765.82,approved
3411,3411,2026-12-21,debit_card,570093.04,approved
3412,3412,2026-11-20,transfer,1618186.05,approved
3413,3413,2026-01-11,debit_card,727379.06,approved
3414,3414,2026-08-29,transfer,639399.01,approved
3415,3415,2026-12-28,debit_card,0.0,cancelled
3416,3416,2026-11-08,digital_wallet,306264.27,approved
3417,3417,2026-08-07,credit_card,841435.23,approved
3418,3418,2026-06-09,digital_wallet,1673923.32,approved
3419,3419,2026-08-07,credit_card,107215.94,approved
3420,3420,2026-04-30,debit_card,124787.98,approved
3421,3421,2026-12-30,debit_card,106748.15,approved
3422,3422,2026-11-11,digital_wallet,0.0,failed
3423,3423,2026-10-27,transfer,0.0,failed
3424,3424,2026-07-30,digital_wallet,2750878.32,approved
3425,3425,2026-09-18,credit_card,208685.76,approved
3426,3426,2026-03-10,digital_wallet,738983.0,approved
3427,3427,2026-10-24,debit_card,29008.09,approved
3428,3428,2026-01-15,digital_wallet,240368.25,approved
3429,3429,2026-02-05,transfer,210357.23,approved
3430,3430,2026-01-22,transfer,2155253.25,approved
3431,3431,2026-07-18,credit_card,296613.75,approved
3432,3432,2026-08-22,digital_wallet,408219.55,approved
3433,3433,2026-06-16,credit_card,252673.3,approved
3434,3434,2026-10-20,debit_card,102560.58,approved
3435,3435,2026-07-24,credit_card,0.0,failed
3436,3436,2026-10-27,credit_card,453248.75,approved
3437,3437,2026-01-01,digital_wallet,434981.24,approved
3438,3438,2026-05-09,transfer,286269.03,approved
3439,3439,2026-12-07,transfer,265814.15,approved
3440,3440,2026-11-07,digital_wallet,0.0,cancelled
3441,3441,2026-11-10,credit_card,606723.27,approved
3442,3442,2026-05-25,transfer,542949.74,approved
3443,3443,2026-09-25,digital_wallet,27586.2,approved
3444,3444,2026-11-21,credit_card,513751.86,approved
3445,3445,2026-06-22,transfer,235202.66,approved
3446,3446,2026-12-23,debit_card,35148.39,approved
3447,3447,2026-08-08,credit_card,1061058.64,approved
3448,3448,2026-01-24,digital_wallet,2025606.81,approved
3449,3449,2026-01-09,debit_card,98607.76,approved
3450,3450,2026-02-27,digital_wallet,0.0,failed
3451,3451,2026-08-16,digital_wallet,410369.58,approved
3452,3452,2026-10-01,credit_card,103541.62,approved
3453,3453,2026-06-09,credit_card,1545550.69,approved
3454,3454,2026-11-12,digital_wallet,271643.16,approved
3455,3455,2026-02-13,credit_card,31843.72,approved
3456,3456,2026-10-30,debit_card,1395335.97,approved
3457,3457,2026-12-01,credit_card,119862.59,approved
3458,3458,2026-05-22,digital_wallet,394127.54,approved
3459,3459,2026-01-29,digital_wallet,1897243.91,approved
3460,3460,2026-11-02,debit_card,456402.86,approved
3461,3461,2026-10-01,digital_wallet,121479.48,approved
3462,3462,2026-09-15,digital_wallet,123847.43,approved
3463,3463,2026-10-11,digital_wallet,118511.97,approved
3464,3464,2026-11-28,digital_wallet,354488.41,approved
3465,3465,2026-02-09,digital_wallet,664096.21,approved
3466,3466,2026-05-11,debit_card,416421.66,approved
3467,3467,2026-09-22,credit_card,30469.98,approved
3468,3468,2026-09-21,digital_wallet,111264.07,approved
3469,3469,2026-02-22,digital_wallet,1031295.79,approved
3470,3470,2026-08-20,digital_wallet,122418.13,approved
3471,3471,2026-11-19,transfer,0.0,failed
3472,3472,2026-06-19,transfer,243001.11,approved
3473,3473,2026-11-04,digital_wallet,330515.87,approved
3474,3474,2026-09-06,credit_card,191045.86,approved
3475,3475,2026-10-29,digital_wallet,613969.94,approved
3476,3476,2026-09-10,credit_card,65219.33,approved
3477,3477,2026-05-04,transfer,97148.53,approved
3478,3478,2026-04-08,transfer,475047.25,approved
3479,3479,2026-10-02,credit_card,1355085.38,approved
3480,3480,2026-12-25,digital_wallet,283562.01,approved
3481,3481,2026-09-27,credit_card,0.0,cancelled
3482,3482,2026-12-12,digital_wallet,88608.32,approved
3483,3483,2026-12-13,credit_card,259994.97,approved
3484,3484,2026-11-02,digital_wallet,373427.98,approved
3485,3485,2026-10-06,credit_card,1961927.04,approved
3486,3486,2026-09-02,credit_card,272784.71,approved
3487,3487,2026-12-19,digital_wallet,115056.49,approved
3488,3488,2026-08-17,debit_card,354905.14,approved
3489,3489,2026-11-13,credit_card,118445.2,approved
3490,3490,2026-03-10,digital_wallet,400115.25,approved
3491,3491,2026-10-07,transfer,314294.9,approved
3492,3492,2026-04-30,transfer,795118.96,approved
3493,3493,2026-12-16,transfer,233808.1,approved
3494,3494,2026-11-22,digital_wallet,91362.91,approved
3495,3495,2026-04-25,credit_card,0.0,failed
3496,3496,2026-08-20,credit_card,84025.89,approved
3497,3497,2026-08-24,debit_card,267465.75,approved
3498,3498,2026-10-11,credit_card,340030.26,approved
3499,3499,2026-01-01,transfer,226119.92,approved
3500,3500,2026-12-11,credit_card,124457.88,approved
3501,3501,2026-06-02,digital_wallet,225151.64,approved
3502,3502,2026-11-25,digital_wallet,122229.75,approved
3503,3503,2026-07-27,credit_card,2850624.94,approved
3504,3504,2026-03-12,credit_card,30342.3,approved
3505,3505,2026-08-22,digital_wallet,0.0,cancelled
3506,3506,2026-05-04,digital_wallet,236789.89,approved
3507,3507,2026-12-30,credit_card,1025544.6,approved
3508,3508,2026-08-26,digital_wallet,117939.26,approved
3509,3509,2026-04-11,transfer,757395.58,approved
3510,3510,2026-09-06,credit_card,690740.05,approved
3511,3511,2026-08-23,debit_card,573083.34,approved
3512,3512,2026-02-10,transfer,1523418.92,approved
3513,3513,2026-10-31,credit_card,33087.73,approved
3514,3514,2026-02-24,digital_wallet,119100.0,approved
3515,3515,2026-05-09,digital_wallet,4122400.72,approved
3516,3516,2026-10-17,credit_card,220420.55,approved
3517,3517,2026-01-31,digital_wallet,624030.47,approved
3518,3518,2026-04-03,debit_card,205890.17,approved
3519,3519,2026-05-15,debit_card,1751667.6,approved
3520,3520,2026-05-05,digital_wallet,253954.39,approved
3521,3521,2026-03-07,transfer,463491.08,approved
3522,3522,2026-11-21,debit_card,619523.31,approved
3523,3523,2026-12-10,credit_card,117392.77,approved
3524,3524,2026-02-04,debit_card,641988.78,approved
3525,3525,2026-12-27,transfer,98371.9,approved
3526,3526,2026-10-03,transfer,146815.15,approved
3527,3527,2026-09-18,transfer,390114.55,approved
3528,3528,2026-09-06,transfer,120476.19,approved
3529,3529,2026-10-11,debit_card,33510.6,approved
3530,3530,2026-06-29,transfer,619170.77,approved
3531,3531,2026-09-25,credit_card,277808.92,approved
3532,3532,2026-04-19,credit_card,283941.47,approved
3533,3533,2026-04-13,transfer,87268.97,approved
3534,3534,2026-11-06,credit_card,69314.43,approved
3535,3535,2026-04-07,credit_card,117317.53,approved
3536,3536,2026-09-27,credit_card,609951.14,approved
3537,3537,2026-01-27,credit_card,114557.78,approved
3538,3538,2026-05-17,debit_card,123363.7,approved
3539,3539,2026-04-10,debit_card,790788.66,approved
3540,3540,2026-12-26,credit_card,494934.67,approved
3541,3541,2026-02-11,credit_card,5326492.38,approved
3542,3542,2026-10-07,credit_card,203172.34,approved
3543,3543,2026-01-01,debit_card,796098.94,approved
3544,3544,2026-01-19,digital_wallet,263199.79,approved
3545,3545,2026-05-30,credit_card,3069785.71,approved
3546,3546,2026-06-20,transfer,90076.21,approved
3547,3547,2026-10-12,credit_card,222294.21,approved
3548,3548,2026-06-12,credit_card,5468667.12,approved
3549,3549,2026-08-21,debit_card,1297997.12,approved
3550,3550,2026-12-10,debit_card,598863.0,approved
3551,3551,2026-06-10,credit_card,337187.47,approved
3552,3552,2026-07-11,credit_card,240293.86,approved
3553,3553,2026-10-01,credit_card,470843.01,approved
3554,3554,2026-05-17,digital_wallet,317451.31,approved
3555,3555,2026-11-04,credit_card,173472.49,approved
3556,3556,2026-05-26,credit_card,521605.61,approved
3557,3557,2026-02-09,digital_wallet,110043.85,approved
3558,3558,2026-11-11,credit_card,113035.88,approved
3559,3559,2026-11-03,credit_card,171365.65,approved
3560,3560,2026-12-02,credit_card,30449.92,approved
3561,3561,2026-10-09,credit_card,31902.32,approved
3562,3562,2026-09-10,credit_card,117692.96,approved
3563,3563,2026-10-22,digital_wallet,104313.91,approved
3564,3564,2026-10-09,digital_wallet,141266.0,approved
3565,3565,2026-03-29,debit_card,463553.14,approved
3566,3566,2026-03-05,debit_card,127588.76,approved
3567,3567,2026-06-25,debit_card,111345.85,approved
3568,3568,2026-01-29,debit_card,1296650.37,approved
3569,3569,2026-11-07,digital_wallet,480523.42,approved
3570,3570,2026-11-25,debit_card,314365.07,approved
3571,3571,2026-05-01,credit_card,78032.87,approved
3572,3572,2026-04-25,credit_card,586404.44,approved
3573,3573,2026-01-23,digital_wallet,104017.25,approved
3574,3574,2026-05-04,credit_card,2646507.61,approved
3575,3575,2026-04-12,digital_wallet,1283200.83,approved
3576,3576,2026-02-10,transfer,666746.53,approved
3577,3577,2026-08-24,credit_card,0.0,failed
3578,3578,2026-09-24,credit_card,222397.48,approved
3579,3579,2026-06-20,debit_card,234601.68,approved
3580,3580,2026-12-11,transfer,115051.84,approved
3581,3581,2026-05-26,transfer,608527.72,approved
3582,3582,2026-08-16,credit_card,0.0,failed
3583,3583,2026-10-12,digital_wallet,349497.37,approved
3584,3584,2026-01-30,digital_wallet,0.0,cancelled
3585,3585,2026-08-01,debit_card,334452.59,approved
3586,3586,2026-08-07,credit_card,146895.81,approved
3587,3587,2026-05-12,credit_card,1445371.59,approved
3588,3588,2026-11-18,credit_card,89250.08,approved
3589,3589,2026-08-27,digital_wallet,119176.08,approved
3590,3590,2026-12-13,debit_card,462035.4,approved
3591,3591,2026-10-27,transfer,352480.9,approved
3592,3592,2026-10-01,digital_wallet,252624.38,approved
3593,3593,2026-04-05,credit_card,1089931.2,approved
3594,3594,2026-06-17,digital_wallet,246927.54,approved
3595,3595,2026-09-11,credit_card,214246.51,approved
3596,3596,2026-03-06,credit_card,1410670.9,approved
3597,3597,2026-12-17,digital_wallet,377899.51,approved
3598,3598,2026-09-20,digital_wallet,109267.66,approved
3599,3599,2026-07-11,digital_wallet,363799.05,approved
3600,3600,2026-01-21,digital_wallet,1570846.34,approved
3601,3601,2026-02-09,digital_wallet,230738.43,approved
3602,3602,2026-10-21,debit_card,282031.91,approved
3603,3603,2026-03-21,transfer,1312256.83,approved
3604,3604,2026-03-15,credit_card,174149.17,approved
3605,3605,2026-11-09,credit_card,257853.34,approved
3606,3606,2026-09-28,transfer,197717.63,approved
3607,3607,2026-08-04,digital_wallet,790056.79,approved
3608,3608,2026-10-08,credit_card,489838.31,approved
3609,3609,2026-12-26,digital_wallet,0.0,failed
3610,3610,2026-12-09,debit_card,29827.7,approved
3611,3611,2026-07-29,digital_wallet,125771.23,approved
3612,3612,2026-04-14,digital_wallet,122302.02,approved
3613,3613,2026-10-13,transfer,318943.79,approved
3614,3614,2026-04-20,credit_card,311994.15,approved
3615,3615,2026-04-26,credit_card,206728.38,approved
3616,3616,2026-06-24,debit_card,287442.27,approved
3617,3617,2026-02-07,transfer,86621.62,approved
3618,3618,2026-02-19,debit_card,2986482.15,approved
3619,3619,2026-06-02,digital_wallet,1211862.53,approved
3620,3620,2026-11-08,transfer,355998.21,approved
3621,3621,2026-09-17,credit_card,111786.75,approved
3622,3622,2026-11-23,credit_card,0.0,cancelled
3623,3623,2026-10-04,credit_card,4234892.59,approved
3624,3624,2026-03-01,credit_card,847304.83,approved
3625,3625,2026-01-22,credit_card,1659636.66,approved
3626,3626,2026-05-21,digital_wallet,772473.29,approved
3627,3627,2026-04-16,transfer,243360.5,approved
3628,3628,2026-07-01,transfer,78106.34,approved
3629,3629,2026-02-04,transfer,110211.62,approved
3630,3630,2026-06-13,transfer,499679.53,approved
3631,3631,2026-11-16,debit_card,157876.61,approved
3632,3632,2026-11-26,digital_wallet,292722.44,approved
3633,3633,2026-08-31,credit_card,118638.28,approved
3634,3634,2026-11-13,digital_wallet,0.0,cancelled
3635,3635,2026-08-16,credit_card,169400.79,approved
3636,3636,2026-03-19,debit_card,1738656.36,approved
3637,3637,2026-02-07,digital_wallet,3936153.81,approved
3638,3638,2026-01-10,digital_wallet,1242139.12,approved
3639,3639,2026-03-22,credit_card,359103.37,approved
3640,3640,2026-03-08,credit_card,998046.92,approved
3641,3641,2026-09-05,credit_card,1459168.69,approved
3642,3642,2026-04-24,credit_card,365794.49,approved
3643,3643,2026-02-01,credit_card,0.0,failed
3644,3644,2026-07-03,credit_card,893237.33,approved
3645,3645,2026-11-24,credit_card,827268.24,approved
3646,3646,2026-02-14,digital_wallet,429347.47,approved
3647,3647,2026-04-30,credit_card,1352431.11,approved
3648,3648,2026-11-01,debit_card,0.0,failed
3649,3649,2026-06-30,digital_wallet,663490.75,approved
3650,3650,2026-10-25,credit_card,250707.21,approved
3651,3651,2026-07-09,credit_card,223466.06,approved
3652,3652,2026-12-09,digital_wallet,34996.37,approved
3653,3653,2026-04-28,digital_wallet,1295447.56,approved
3654,3654,2026-02-05,transfer,1923691.02,approved
3655,3655,2026-09-07,credit_card,159615.22,approved
3656,3656,2026-07-31,credit_card,232919.36,approved
3657,3657,2026-05-31,credit_card,3166228.98,approved
3658,3658,2026-03-13,credit_card,1333548.21,approved
3659,3659,2026-08-27,credit_card,645423.18,approved
3660,3660,2026-12-10,credit_card,235400.51,approved
3661,3661,2026-05-29,credit_card,222266.25,approved
3662,3662,2026-05-24,digital_wallet,93664.09,approved
3663,3663,2026-05-02,transfer,78400.34,approved
3664,3664,2026-10-14,credit_card,1064051.2,approved
3665,3665,2026-01-18,digital_wallet,1342774.62,approved
3666,3666,2026-04-13,credit_card,0.0,cancelled
3667,3667,2026-06-20,credit_card,112246.44,approved
3668,3668,2026-06-30,credit_card,212206.8,approved
3669,3669,2026-04-13,transfer,392489.04,approved
3670,3670,2026-03-29,credit_card,337395.76,approved
3671,3671,2026-09-17,credit_card,347909.46,approved
3672,3672,2026-11-07,digital_wallet,0.0,failed
3673,3673,2026-08-09,credit_card,1359486.33,approved
3674,3674,2026-08-18,credit_card,0.0,failed
3675,3675,2026-10-20,credit_card,895097.12,approved
3676,3676,2026-09-28,credit_card,1315526.28,approved
3677,3677,2026-09-17,credit_card,101768.36,approved
3678,3678,2026-02-07,debit_card,1006495.86,approved
3679,3679,2026-10-06,credit_card,189506.9,approved
3680,3680,2026-09-17,credit_card,0.0,failed
3681,3681,2026-05-14,credit_card,1394836.1,approved
3682,3682,2026-12-11,credit_card,373885.33,approved
3683,3683,2026-10-08,credit_card,389022.11,approved
3684,3684,2026-10-21,credit_card,379290.15,approved
3685,3685,2026-11-20,credit_card,152238.27,approved
3686,3686,2026-03-30,digital_wallet,30882.84,approved
3687,3687,2026-08-03,digital_wallet,92880.18,approved
3688,3688,2026-01-24,credit_card,86074.02,approved
3689,3689,2026-11-23,digital_wallet,0.0,failed
3690,3690,2026-05-31,debit_card,2861905.91,approved
3691,3691,2026-11-14,digital_wallet,497330.01,approved
3692,3692,2026-07-22,digital_wallet,1553359.05,approved
3693,3693,2026-06-12,digital_wallet,850523.34,approved
3694,3694,2026-10-29,credit_card,796412.71,approved
3695,3695,2026-09-24,credit_card,93150.72,approved
3696,3696,2026-10-21,credit_card,342305.91,approved
3697,3697,2026-11-09,debit_card,0.0,failed
3698,3698,2026-11-10,credit_card,187432.38,approved
3699,3699,2026-11-11,credit_card,1106442.77,approved
3700,3700,2026-08-09,digital_wallet,340103.12,approved
3701,3701,2026-08-05,credit_card,106897.42,approved
3702,3702,2026-06-03,transfer,0.0,failed
3703,3703,2026-12-17,debit_card,108788.5,approved
3704,3704,2026-11-28,credit_card,127971.67,approved
3705,3705,2026-10-05,digital_wallet,159599.48,approved
3706,3706,2026-01-14,credit_card,1246258.81,approved
3707,3707,2026-10-30,digital_wallet,512778.77,approved
3708,3708,2026-11-12,digital_wallet,376472.98,approved
3709,3709,2026-11-01,debit_card,721817.22,approved
3710,3710,2026-12-28,transfer,128096.93,approved
3711,3711,2026-09-21,credit_card,93517.6,approved
3712,3712,2026-08-11,digital_wallet,408409.83,approved
3713,3713,2026-02-16,credit_card,330802.63,approved
3714,3714,2026-10-22,debit_card,103200.18,approved
3715,3715,2026-06-24,credit_card,884426.15,approved
3716,3716,2026-11-04,digital_wallet,132240.94,approved
3717,3717,2026-03-06,digital_wallet,127801.47,approved
3718,3718,2026-03-24,debit_card,0.0,failed
3719,3719,2026-11-10,credit_card,1926166.61,approved
3720,3720,2026-03-16,debit_card,75140.53,approved
3721,3721,2026-04-09,digital_wallet,400717.19,approved
3722,3722,2026-01-17,transfer,997280.94,approved
3723,3723,2026-06-14,digital_wallet,0.0,failed
3724,3724,2026-01-31,credit_card,482733.67,approved
3725,3725,2026-09-23,digital_wallet,94321.15,approved
3726,3726,2026-10-18,credit_card,237363.59,approved
3727,3727,2026-03-20,credit_card,61895.94,approved
3728,3728,2026-11-16,digital_wallet,118768.58,approved
3729,3729,2026-10-29,digital_wallet,382112.92,approved
3730,3730,2026-02-27,debit_card,276306.25,approved
3731,3731,2026-12-05,debit_card,1094814.54,approved
3732,3732,2026-08-20,digital_wallet,668157.97,approved
3733,3733,2026-09-09,digital_wallet,59143.17,approved
3734,3734,2026-09-21,digital_wallet,177364.67,approved
3735,3735,2026-12-20,credit_card,111587.43,approved
3736,3736,2026-10-10,digital_wallet,0.0,failed
3737,3737,2026-12-29,debit_card,241727.25,approved
3738,3738,2026-08-08,debit_card,92502.35,approved
3739,3739,2026-10-27,debit_card,203785.68,approved
3740,3740,2026-05-31,debit_card,766589.11,approved
3741,3741,2026-08-05,credit_card,1229721.19,approved
3742,3742,2026-10-06,credit_card,1533003.91,approved
3743,3743,2026-08-03,transfer,117758.04,approved
3744,3744,2026-05-07,digital_wallet,0.0,failed
3745,3745,2026-11-29,credit_card,85191.47,approved
3746,3746,2026-09-18,credit_card,135376.55,approved
3747,3747,2026-10-28,digital_wallet,297171.64,approved
3748,3748,2026-06-27,transfer,104380.34,approved
3749,3749,2026-07-23,credit_card,163041.13,approved
3750,3750,2026-11-02,digital_wallet,522358.87,approved
3751,3751,2026-09-30,digital_wallet,364234.58,approved
3752,3752,2026-11-23,transfer,1155909.88,approved
3753,3753,2026-08-17,digital_wallet,86493.51,approved
3754,3754,2026-11-04,credit_card,124992.49,approved
3755,3755,2026-10-31,credit_card,604542.56,approved
3756,3756,2026-09-24,digital_wallet,911564.12,approved
3757,3757,2026-04-12,debit_card,1107066.93,approved
3758,3758,2026-08-06,credit_card,0.0,cancelled
3759,3759,2026-11-02,credit_card,222042.19,approved
3760,3760,2026-09-07,credit_card,396201.87,approved
3761,3761,2026-08-09,credit_card,0.0,failed
3762,3762,2026-12-03,credit_card,246192.54,approved
3763,3763,2026-12-15,digital_wallet,224392.77,approved
3764,3764,2026-10-22,credit_card,0.0,cancelled
3765,3765,2026-02-08,debit_card,311509.73,approved
3766,3766,2026-12-26,debit_card,298918.53,approved
3767,3767,2026-02-11,digital_wallet,1293689.11,approved
3768,3768,2026-08-07,transfer,114159.41,approved
3769,3769,2026-05-24,digital_wallet,411493.52,approved
3770,3770,2026-08-04,digital_wallet,712195.88,approved
3771,3771,2026-12-03,credit_card,0.0,failed
3772,3772,2026-07-28,debit_card,3702509.75,approved
3773,3773,2026-12-08,digital_wallet,127381.57,approved
3774,3774,2026-05-14,digital_wallet,0.0,failed
3775,3775,2026-12-07,digital_wallet,136115.12,approved
3776,3776,2026-06-09,debit_card,157828.32,approved
3777,3777,2026-04-13,debit_card,137430.03,approved
3778,3778,2026-05-29,transfer,610084.2,approved
3779,3779,2026-09-12,debit_card,0.0,failed
3780,3780,2026-07-08,credit_card,1317999.15,approved
3781,3781,2026-12-11,digital_wallet,90146.99,approved
3782,3782,2026-08-25,digital_wallet,241405.89,approved
3783,3783,2026-07-03,credit_card,1315744.92,approved
3784,3784,2026-01-15,transfer,288468.74,approved
3785,3785,2026-03-08,transfer,2088786.4,approved
3786,3786,2026-04-17,digital_wallet,763207.73,approved
3787,3787,2026-10-13,credit_card,0.0,failed
3788,3788,2026-02-25,credit_card,1115298.77,approved
3789,3789,2026-11-18,credit_card,243928.7,approved
3790,3790,2026-08-25,digital_wallet,196881.85,approved
3791,3791,2026-09-22,debit_card,104340.98,approved
3792,3792,2026-11-11,digital_wallet,134987.88,approved
3793,3793,2026-11-27,debit_card,132766.12,approved
3794,3794,2026-01-16,transfer,1661583.82,approved
3795,3795,2026-06-03,digital_wallet,155728.25,approved
3796,3796,2026-12-12,digital_wallet,131326.78,approved
3797,3797,2026-12-08,credit_card,375264.66,approved
3798,3798,2026-05-09,credit_card,468529.75,approved
3799,3799,2026-09-26,credit_card,122671.42,approved
3800,3800,2026-04-03,digital_wallet,490387.02,approved
3801,3801,2026-01-20,digital_wallet,4897930.83,approved
3802,3802,2026-10-17,credit_card,110335.44,approved
3803,3803,2026-07-04,credit_card,571620.05,approved
3804,3804,2026-12-24,debit_card,339844.95,approved
3805,3805,2026-04-15,debit_card,1411794.56,approved
3806,3806,2026-12-15,debit_card,632348.93,approved
3807,3807,2026-10-01,digital_wallet,191041.45,approved
3808,3808,2026-01-23,digital_wallet,1224198.84,approved
3809,3809,2026-05-12,credit_card,1719070.07,approved
3810,3810,2026-11-14,credit_card,467955.02,approved
3811,3811,2026-11-05,credit_card,841934.12,approved
3812,3812,2026-04-28,credit_card,650008.38,approved
3813,3813,2026-09-24,digital_wallet,199554.37,approved
3814,3814,2026-09-18,credit_card,564726.71,approved
3815,3815,2026-11-24,debit_card,92994.22,approved
3816,3816,2026-07-10,debit_card,297953.06,approved
3817,3817,2026-12-11,credit_card,0.0,failed
3818,3818,2026-09-23,digital_wallet,0.0,cancelled
3819,3819,2026-08-09,credit_card,275628.73,approved
3820,3820,2026-12-04,transfer,1660109.97,approved
3821,3821,2026-03-30,transfer,246210.19,approved
3822,3822,2026-02-22,transfer,96958.02,approved
3823,3823,2026-09-17,digital_wallet,1841674.97,approved
3824,3824,2026-10-16,credit_card,0.0,cancelled
3825,3825,2026-10-23,credit_card,223123.32,approved
3826,3826,2026-10-28,digital_wallet,428700.04,approved
3827,3827,2026-11-17,digital_wallet,449460.25,approved
3828,3828,2026-05-05,credit_card,118320.96,approved
3829,3829,2026-04-15,transfer,288028.62,approved
3830,3830,2026-12-20,credit_card,138319.78,approved
3831,3831,2026-06-11,digital_wallet,149723.79,approved
3832,3832,2026-11-25,digital_wallet,1054735.65,approved
3833,3833,2026-11-22,credit_card,275043.61,approved
3834,3834,2026-04-27,transfer,88298.72,approved
3835,3835,2026-03-14,debit_card,740344.83,approved
3836,3836,2026-11-15,credit_card,122957.6,approved
3837,3837,2026-03-24,digital_wallet,672730.72,approved
3838,3838,2026-12-26,credit_card,31266.58,approved
3839,3839,2026-10-14,debit_card,754747.04,approved
3840,3840,2026-10-15,transfer,119942.51,approved
3841,3841,2026-10-28,digital_wallet,578043.12,approved
3842,3842,2026-12-14,credit_card,1264585.74,approved
3843,3843,2026-10-29,transfer,214172.43,approved
3844,3844,2026-12-03,credit_card,236086.89,approved
3845,3845,2026-05-26,digital_wallet,532877.29,approved
3846,3846,2026-11-15,digital_wallet,0.0,failed
3847,3847,2026-02-06,transfer,1698039.16,approved
3848,3848,2026-12-08,credit_card,251483.12,approved
3849,3849,2026-11-04,credit_card,471392.37,approved
3850,3850,2026-03-03,credit_card,317179.19,approved
3851,3851,2026-01-26,debit_card,0.0,cancelled
3852,3852,2026-05-01,digital_wallet,1446857.1,approved
3853,3853,2026-10-03,credit_card,276500.29,approved
3854,3854,2026-07-16,credit_card,82746.9,approved
3855,3855,2026-09-08,digital_wallet,191225.74,approved
3856,3856,2026-09-17,digital_wallet,591940.95,approved
3857,3857,2026-12-19,digital_wallet,232012.37,approved
3858,3858,2026-11-27,digital_wallet,957762.09,approved
3859,3859,2026-07-23,digital_wallet,117466.45,approved
3860,3860,2026-11-28,credit_card,112060.42,approved
3861,3861,2026-01-12,credit_card,201327.93,approved
3862,3862,2026-03-09,credit_card,947757.67,approved
3863,3863,2026-06-06,digital_wallet,1305637.6,approved
3864,3864,2026-09-03,credit_card,220703.21,approved
3865,3865,2026-11-22,digital_wallet,0.0,failed
3866,3866,2026-10-03,transfer,53555.93,approved
3867,3867,2026-04-07,credit_card,125428.31,approved
3868,3868,2026-01-13,credit_card,0.0,failed
3869,3869,2026-06-27,debit_card,281384.44,approved
3870,3870,2026-10-02,credit_card,434391.36,approved
3871,3871,2026-12-23,credit_card,113768.99,approved
3872,3872,2026-05-20,digital_wallet,1033324.3,approved
3873,3873,2026-10-16,digital_wallet,122564.54,approved
3874,3874,2026-09-17,digital_wallet,224612.79,approved
3875,3875,2026-04-17,credit_card,285070.62,approved
3876,3876,2026-05-24,digital_wallet,306379.18,approved
3877,3877,2026-11-16,transfer,54088.16,approved
3878,3878,2026-06-30,digital_wallet,468422.62,approved
3879,3879,2026-07-16,digital_wallet,455152.21,approved
3880,3880,2026-06-04,digital_wallet,846841.15,approved
3881,3881,2026-09-04,credit_card,31179.78,approved
3882,3882,2026-12-25,digital_wallet,69165.47,approved
3883,3883,2026-02-18,transfer,5081124.77,approved
3884,3884,2026-12-13,credit_card,0.0,failed
3885,3885,2026-10-21,credit_card,1641696.86,approved
3886,3886,2026-09-16,digital_wallet,0.0,cancelled
3887,3887,2026-05-25,transfer,520494.75,approved
3888,3888,2026-09-29,debit_card,227153.81,approved
3889,3889,2026-08-19,digital_wallet,0.0,failed
3890,3890,2026-06-23,credit_card,122887.75,approved
3891,3891,2026-03-10,debit_card,346425.92,approved
3892,3892,2026-12-05,transfer,0.0,cancelled
3893,3893,2026-07-04,credit_card,0.0,failed
3894,3894,2026-08-16,credit_card,1477003.59,approved
3895,3895,2026-08-03,credit_card,0.0,failed
3896,3896,2026-05-16,credit_card,1306204.75,approved
3897,3897,2026-05-14,credit_card,216661.84,approved
3898,3898,2026-03-05,debit_card,273205.03,approved
3899,3899,2026-11-22,credit_card,106438.05,approved
3900,3900,2026-09-08,credit_card,117392.42,approved
3901,3901,2026-06-25,debit_card,2040571.25,approved
3902,3902,2026-06-18,credit_card,1423752.11,approved
3903,3903,2026-01-11,credit_card,570758.59,approved
3904,3904,2026-09-12,digital_wallet,603999.76,approved
3905,3905,2026-05-04,debit_card,555367.92,approved
3906,3906,2026-03-05,debit_card,1032621.06,approved
3907,3907,2026-11-28,debit_card,248388.99,approved
3908,3908,2026-08-11,credit_card,271154.98,approved
3909,3909,2026-10-30,credit_card,225885.15,approved
3910,3910,2026-07-07,credit_card,0.0,failed
3911,3911,2026-11-29,debit_card,32626.38,approved
3912,3912,2026-03-27,credit_card,102078.88,approved
3913,3913,2026-12-22,credit_card,0.0,failed
3914,3914,2026-03-29,debit_card,210857.76,approved
3915,3915,2026-08-09,digital_wallet,1410283.82,approved
3916,3916,2026-04-15,credit_card,124172.77,approved
3917,3917,2026-09-11,digital_wallet,1297498.24,approved
3918,3918,2026-06-09,digital_wallet,404358.92,approved
3919,3919,2026-09-15,debit_card,314084.48,approved
3920,3920,2026-10-20,digital_wallet,0.0,failed
3921,3921,2026-12-02,credit_card,485734.68,approved
3922,3922,2026-10-31,credit_card,31066.98,approved
3923,3923,2026-12-17,credit_card,31895.87,approved
3924,3924,2026-09-22,debit_card,390926.91,approved
3925,3925,2026-01-04,credit_card,505404.03,approved
3926,3926,2026-07-04,digital_wallet,318919.33,approved
3927,3927,2026-05-14,debit_card,1904180.24,approved
3928,3928,2026-11-29,digital_wallet,114139.77,approved
3929,3929,2026-03-09,credit_card,115737.27,approved
3930,3930,2026-08-22,digital_wallet,459365.66,approved
3931,3931,2026-11-08,transfer,1728654.58,approved
3932,3932,2026-01-04,debit_card,326133.27,approved
3933,3933,2026-03-28,digital_wallet,461316.06,approved
3934,3934,2026-07-22,debit_card,130452.76,approved
3935,3935,2026-08-25,credit_card,3418508.0,approved
3936,3936,2026-11-09,digital_wallet,129594.25,approved
3937,3937,2026-04-29,debit_card,258313.82,approved
3938,3938,2026-10-04,credit_card,257616.36,approved
3939,3939,2026-10-03,credit_card,103888.65,approved
3940,3940,2026-09-07,transfer,832035.03,approved
3941,3941,2026-10-02,debit_card,115582.28,approved
3942,3942,2026-09-16,transfer,386881.29,approved
3943,3943,2026-12-14,transfer,440779.55,approved
3944,3944,2026-06-22,credit_card,433016.37,approved
3945,3945,2026-12-12,credit_card,199141.11,approved
3946,3946,2026-05-16,digital_wallet,410806.98,approved
3947,3947,2026-09-18,transfer,563149.39,approved
3948,3948,2026-04-08,credit_card,257143.97,approved
3949,3949,2026-09-07,credit_card,344131.21,approved
3950,3950,2026-11-08,digital_wallet,0.0,cancelled
3951,3951,2026-04-28,transfer,445731.76,approved
3952,3952,2026-09-20,transfer,0.0,failed
3953,3953,2026-11-07,credit_card,770855.57,approved
3954,3954,2026-11-17,transfer,1399058.39,approved
3955,3955,2026-08-31,digital_wallet,111052.68,approved
3956,3956,2026-06-04,debit_card,1309945.05,approved
3957,3957,2026-08-15,credit_card,123194.09,approved
3958,3958,2026-07-15,transfer,829392.02,approved
3959,3959,2026-01-03,digital_wallet,359707.97,approved
3960,3960,2026-11-17,transfer,330116.11,approved
3961,3961,2026-09-15,digital_wallet,1218837.32,approved
3962,3962,2026-12-24,credit_card,144331.87,approved
3963,3963,2026-11-22,digital_wallet,307410.78,approved
3964,3964,2026-05-26,transfer,573259.16,approved
3965,3965,2026-08-07,credit_card,104150.16,approved
3966,3966,2026-09-09,digital_wallet,174249.81,approved
3967,3967,2026-08-19,transfer,136526.2,approved
3968,3968,2026-08-25,transfer,601817.05,approved
3969,3969,2026-04-20,credit_card,753416.16,approved
3970,3970,2026-09-16,digital_wallet,0.0,failed
3971,3971,2026-09-23,credit_card,106350.95,approved
3972,3972,2026-07-26,credit_card,528025.15,approved
3973,3973,2026-07-07,credit_card,0.0,cancelled
3974,3974,2026-04-29,debit_card,533601.41,approved
3975,3975,2026-05-11,credit_card,1411946.27,approved
3976,3976,2026-04-18,digital_wallet,32048.25,approved
3977,3977,2026-09-06,credit_card,455146.87,approved
3978,3978,2026-07-28,transfer,420862.21,approved
3979,3979,2026-12-01,transfer,397925.36,approved
3980,3980,2026-11-14,credit_card,214417.98,approved
3981,3981,2026-05-23,debit_card,885771.43,approved
3982,3982,2026-11-30,credit_card,33326.67,approved
3983,3983,2026-10-04,digital_wallet,120079.45,approved
3984,3984,2026-12-13,digital_wallet,127979.89,approved
3985,3985,2026-09-11,digital_wallet,123403.16,approved
3986,3986,2026-04-27,credit_card,3073077.11,approved
3987,3987,2026-03-15,credit_card,390017.31,approved
3988,3988,2026-02-28,debit_card,303511.58,approved
3989,3989,2026-07-20,transfer,957004.87,approved
3990,3990,2026-11-25,digital_wallet,63754.24,approved
3991,3991,2026-04-04,digital_wallet,3124380.2,approved
3992,3992,2026-07-07,digital_wallet,179739.84,approved
3993,3993,2026-11-09,credit_card,1095772.34,approved
3994,3994,2026-11-29,transfer,0.0,cancelled
3995,3995,2026-11-08,debit_card,101100.21,approved
3996,3996,2026-12-25,transfer,132807.66,approved
3997,3997,2026-12-08,debit_card,0.0,cancelled
3998,3998,2026-07-02,credit_card,158380.4,approved
3999,3999,2026-09-14,credit_card,718288.56,approved
4000,4000,2026-09-12,digital_wallet,116203.34,approved
4001,4001,2026-11-29,digital_wallet,222799.98,approved
4002,4002,2026-02-24,credit_card,85425.56,approved
4003,4003,2026-10-08,digital_wallet,150489.63,approved
4004,4004,2026-07-25,credit_card,129241.94,approved
4005,4005,2026-09-12,credit_card,156308.32,approved
4006,4006,2026-07-13,debit_card,0.0,failed
4007,4007,2026-06-13,credit_card,376700.78,approved
4008,4008,2026-04-11,digital_wallet,0.0,cancelled
4009,4009,2026-12-19,debit_card,116473.35,approved
4010,4010,2026-06-12,credit_card,416962.49,approved
4011,4011,2026-06-07,credit_card,191755.19,approved
4012,4012,2026-05-31,credit_card,1301175.25,approved
4013,4013,2026-10-14,credit_card,93712.8,approved
4014,4014,2026-01-14,digital_wallet,1714908.63,approved
4015,4015,2026-08-15,debit_card,322681.3,approved
4016,4016,2026-10-02,credit_card,57936.46,approved
4017,4017,2026-09-10,credit_card,155598.77,approved
4018,4018,2026-11-13,digital_wallet,637930.11,approved
4019,4019,2026-03-15,debit_card,502206.94,approved
4020,4020,2026-09-24,debit_card,31196.92,approved
4021,4021,2026-10-10,debit_card,1285904.38,approved
4022,4022,2026-12-06,credit_card,202199.81,approved
4023,4023,2026-08-08,digital_wallet,148679.87,approved
4024,4024,2026-09-24,credit_card,137192.29,approved
4025,4025,2026-07-27,transfer,857027.3,approved
4026,4026,2026-11-20,credit_card,89829.88,approved
4027,4027,2026-11-01,debit_card,213990.35,approved
4028,4028,2026-07-19,digital_wallet,833704.68,approved
4029,4029,2026-12-03,digital_wallet,2933619.28,approved
4030,4030,2026-08-14,credit_card,205938.47,approved
4031,4031,2026-10-29,debit_card,162578.86,approved
4032,4032,2026-04-27,credit_card,628543.91,approved
4033,4033,2026-11-25,digital_wallet,435677.64,approved
4034,4034,2026-03-08,transfer,907169.77,approved
4035,4035,2026-12-08,credit_card,288769.18,approved
4036,4036,2026-12-07,credit_card,0.0,failed
4037,4037,2026-11-06,digital_wallet,764912.31,approved
4038,4038,2026-08-25,credit_card,394962.0,approved
4039,4039,2026-04-25,credit_card,1165335.86,approved
4040,4040,2026-02-07,digital_wallet,352637.3,approved
4041,4041,2026-07-02,credit_card,0.0,failed
4042,4042,2026-02-19,credit_card,456891.62,approved
4043,4043,2026-10-15,transfer,0.0,failed
4044,4044,2026-04-11,transfer,197191.1,approved
4045,4045,2026-10-09,credit_card,31957.77,approved
4046,4046,2026-11-10,credit_card,338507.19,approved
4047,4047,2026-08-06,credit_card,607411.64,approved
4048,4048,2026-10-24,credit_card,0.0,failed
4049,4049,2026-08-24,credit_card,0.0,failed
4050,4050,2026-09-21,digital_wallet,319803.99,approved
4051,4051,2026-05-26,credit_card,409351.93,approved
4052,4052,2026-11-16,transfer,3192383.88,approved
4053,4053,2026-10-27,credit_card,173835.06,approved
4054,4054,2026-06-30,transfer,74443.59,approved
4055,4055,2026-08-08,digital_wallet,1370687.31,approved
4056,4056,2026-03-28,transfer,1576317.28,approved
4057,4057,2026-10-17,credit_card,892911.78,approved
4058,4058,2026-09-17,credit_card,117217.21,approved
4059,4059,2026-06-13,digital_wallet,76394.83,approved
4060,4060,2026-11-03,credit_card,410895.27,approved
4061,4061,2026-12-11,credit_card,362087.91,approved
4062,4062,2026-05-09,digital_wallet,479919.33,approved
4063,4063,2026-05-25,transfer,316687.34,approved
4064,4064,2026-09-08,digital_wallet,129720.54,approved
4065,4065,2026-08-16,credit_card,83461.5,approved
4066,4066,2026-04-25,credit_card,110391.15,approved
4067,4067,2026-10-18,transfer,0.0,failed
4068,4068,2026-11-27,credit_card,484417.9,approved
4069,4069,2026-02-15,debit_card,5749879.07,approved
4070,4070,2026-07-02,transfer,1326022.26,approved
4071,4071,2026-01-21,credit_card,171483.19,approved
4072,4072,2026-12-03,transfer,116142.81,approved
4073,4073,2026-11-26,credit_card,344201.72,approved
4074,4074,2026-11-27,credit_card,0.0,failed
4075,4075,2026-12-12,transfer,242239.77,approved
4076,4076,2026-08-30,credit_card,215545.9,approved
4077,4077,2026-01-28,digital_wallet,597200.81,approved
4078,4078,2026-07-03,debit_card,229903.76,approved
4079,4079,2026-11-07,debit_card,296137.18,approved
4080,4080,2026-07-14,digital_wallet,1007917.74,approved
4081,4081,2026-10-30,credit_card,473032.26,approved
4082,4082,2026-12-03,debit_card,858933.95,approved
4083,4083,2026-09-22,credit_card,256924.41,approved
4084,4084,2026-05-29,digital_wallet,65498.21,approved
4085,4085,2026-11-18,digital_wallet,133369.17,approved
4086,4086,2026-04-26,digital_wallet,1660233.18,approved
4087,4087,2026-09-12,credit_card,0.0,failed
4088,4088,2026-01-21,credit_card,210839.38,approved
4089,4089,2026-12-16,credit_card,0.0,failed
4090,4090,2026-11-28,credit_card,85378.18,approved
4091,4091,2026-04-15,transfer,347022.32,approved
4092,4092,2026-02-23,digital_wallet,841028.6,approved
4093,4093,2026-03-19,credit_card,58410.46,approved
4094,4094,2026-05-14,digital_wallet,619995.42,approved
4095,4095,2026-07-04,credit_card,1847167.87,approved
4096,4096,2026-08-10,credit_card,873368.01,approved
4097,4097,2026-12-13,digital_wallet,299462.98,approved
4098,4098,2026-12-25,debit_card,770404.58,approved
4099,4099,2026-06-27,digital_wallet,377001.64,approved
4100,4100,2026-02-25,debit_card,1755217.81,approved
4101,4101,2026-05-03,digital_wallet,394944.41,approved
4102,4102,2026-12-01,credit_card,125235.08,approved
4103,4103,2026-06-14,transfer,1150045.3,approved
4104,4104,2026-10-30,digital_wallet,147781.5,approved
4105,4105,2026-07-16,credit_card,264775.92,approved
4106,4106,2026-07-09,credit_card,840186.29,approved
4107,4107,2026-05-10,credit_card,972885.84,approved
4108,4108,2026-11-26,digital_wallet,417069.31,approved
4109,4109,2026-06-22,debit_card,209105.51,approved
4110,4110,2026-05-02,debit_card,278890.81,approved
4111,4111,2026-11-27,digital_wallet,167396.47,approved
4112,4112,2026-05-07,digital_wallet,122276.79,approved
4113,4113,2026-07-26,digital_wallet,0.0,failed
4114,4114,2026-06-25,debit_card,293265.34,approved
4115,4115,2026-09-12,transfer,1414458.15,approved
4116,4116,2026-03-23,credit_card,119591.85,approved
4117,4117,2026-10-23,credit_card,313913.85,approved
4118,4118,2026-06-09,digital_wallet,2393493.39,approved
4119,4119,2026-11-14,credit_card,301719.27,approved
4120,4120,2026-10-24,credit_card,104211.95,approved
4121,4121,2026-08-25,transfer,695221.28,approved
4122,4122,2026-10-30,transfer,112181.07,approved
4123,4123,2026-05-19,credit_card,722774.34,approved
4124,4124,2026-02-20,digital_wallet,399580.24,approved
4125,4125,2026-08-27,transfer,341595.75,approved
4126,4126,2026-06-18,digital_wallet,402521.75,approved
4127,4127,2026-09-04,debit_card,581744.5,approved
4128,4128,2026-06-16,debit_card,437208.98,approved
4129,4129,2026-08-27,credit_card,111161.95,approved
4130,4130,2026-06-16,credit_card,759870.91,approved
4131,4131,2026-11-22,credit_card,844676.75,approved
4132,4132,2026-05-29,credit_card,5222698.76,approved
4133,4133,2026-01-02,digital_wallet,233204.26,approved
4134,4134,2026-01-30,digital_wallet,751000.64,approved
4135,4135,2026-11-07,debit_card,125112.19,approved
4136,4136,2026-03-19,credit_card,118319.47,approved
4137,4137,2026-12-29,credit_card,1294655.6,approved
4138,4138,2026-05-25,credit_card,63907.78,approved
4139,4139,2026-10-20,debit_card,0.0,cancelled
4140,4140,2026-09-20,debit_card,0.0,cancelled
4141,4141,2026-12-06,transfer,451942.44,approved
4142,4142,2026-12-28,transfer,225927.64,approved
4143,4143,2026-07-26,credit_card,2085447.69,approved
4144,4144,2026-03-16,debit_card,622864.68,approved
4145,4145,2026-01-07,digital_wallet,384278.48,approved
4146,4146,2026-09-20,debit_card,214298.28,approved
4147,4147,2026-07-27,debit_card,147711.65,approved
4148,4148,2026-12-18,credit_card,0.0,failed
4149,4149,2026-07-02,debit_card,178660.13,approved
4150,4150,2026-03-29,credit_card,657613.06,approved
4151,4151,2026-09-27,digital_wallet,89037.72,approved
4152,4152,2026-09-25,credit_card,421887.66,approved
4153,4153,2026-09-18,debit_card,301222.66,approved
4154,4154,2026-03-22,credit_card,2314404.8,approved
4155,4155,2026-02-09,credit_card,108992.11,approved
4156,4156,2026-05-29,transfer,231348.1,approved
4157,4157,2026-12-06,digital_wallet,117125.42,approved
4158,4158,2026-08-17,digital_wallet,281514.43,approved
4159,4159,2026-04-29,credit_card,300772.09,approved
4160,4160,2026-03-06,credit_card,0.0,failed
4161,4161,2026-01-26,debit_card,112594.52,approved
4162,4162,2026-11-16,digital_wallet,0.0,failed
4163,4163,2026-05-02,credit_card,587112.43,approved
4164,4164,2026-04-26,credit_card,2623268.15,approved
4165,4165,2026-06-19,digital_wallet,317751.96,approved
4166,4166,2026-06-27,digital_wallet,1452498.35,approved
4167,4167,2026-11-08,credit_card,368952.61,approved
4168,4168,2026-07-22,digital_wallet,0.0,failed
4169,4169,2026-08-20,debit_card,117978.1,approved
4170,4170,2026-07-23,digital_wallet,165242.41,approved
4171,4171,2026-05-12,debit_card,32646.82,approved
4172,4172,2026-10-18,credit_card,89075.99,approved
4173,4173,2026-12-26,credit_card,33465.57,approved
4174,4174,2026-09-24,debit_card,180031.86,approved
4175,4175,2026-08-15,digital_wallet,133396.84,approved
4176,4176,2026-08-26,digital_wallet,361963.48,approved
4177,4177,2026-12-06,digital_wallet,592190.03,approved
4178,4178,2026-05-20,credit_card,186204.59,approved
4179,4179,2026-10-19,digital_wallet,87419.76,approved
4180,4180,2026-03-15,digital_wallet,321457.93,approved
4181,4181,2026-03-06,digital_wallet,587480.1,approved
4182,4182,2026-09-18,credit_card,33418.91,approved
4183,4183,2026-01-08,transfer,1417448.26,approved
4184,4184,2026-03-30,transfer,789864.94,approved
4185,4185,2026-09-07,transfer,89153.58,approved
4186,4186,2026-10-10,credit_card,575952.89,approved
4187,4187,2026-07-10,transfer,124689.43,approved
4188,4188,2026-09-06,digital_wallet,1175431.63,approved
4189,4189,2026-10-13,credit_card,0.0,failed
4190,4190,2026-08-26,credit_card,1419682.57,approved
4191,4191,2026-12-16,digital_wallet,159513.03,approved
4192,4192,2026-07-15,transfer,94301.53,approved
4193,4193,2026-03-07,debit_card,370676.43,approved
4194,4194,2026-02-17,transfer,1457867.27,approved
4195,4195,2026-08-25,credit_card,404373.2,approved
4196,4196,2026-10-04,credit_card,0.0,failed
4197,4197,2026-11-29,credit_card,820122.2,approved
4198,4198,2026-11-04,transfer,343586.51,approved
4199,4199,2026-01-15,digital_wallet,207099.94,approved
4200,4200,2026-05-26,digital_wallet,0.0,failed
4201,4201,2026-12-07,transfer,676620.01,approved
4202,4202,2026-09-06,credit_card,181358.11,approved
4203,4203,2026-04-10,credit_card,115584.88,approved
4204,4204,2026-10-29,digital_wallet,380889.41,approved
4205,4205,2026-10-16,digital_wallet,64414.67,approved
4206,4206,2026-08-31,credit_card,85820.96,approved
4207,4207,2026-08-19,credit_card,95352.24,approved
4208,4208,2026-07-30,digital_wallet,114510.81,approved
4209,4209,2026-09-15,credit_card,191177.23,approved
4210,4210,2026-08-16,digital_wallet,29203.38,approved
4211,4211,2026-09-11,credit_card,323404.09,approved
4212,4212,2026-11-21,debit_card,121082.32,approved
4213,4213,2026-07-24,debit_card,3127097.67,approved
4214,4214,2026-07-29,debit_card,109526.39,approved
4215,4215,2026-09-25,credit_card,360218.12,approved
4216,4216,2026-02-14,credit_card,452309.66,approved
4217,4217,2026-06-11,transfer,1443259.29,approved
4218,4218,2026-06-22,credit_card,261005.44,approved
4219,4219,2026-05-28,transfer,881322.5,approved
4220,4220,2026-02-17,digital_wallet,123946.3,approved
4221,4221,2026-08-27,digital_wallet,143671.3,approved
4222,4222,2026-04-09,credit_card,937186.39,approved
4223,4223,2026-07-04,transfer,501106.53,approved
4224,4224,2026-09-30,transfer,181158.91,approved
4225,4225,2026-08-19,credit_card,1140320.51,approved
4226,4226,2026-03-21,debit_card,300817.64,approved
4227,4227,2026-09-27,credit_card,122182.87,approved
4228,4228,2026-09-24,debit_card,220594.26,approved
4229,4229,2026-09-28,digital_wallet,34159.57,approved
4230,4230,2026-10-19,digital_wallet,112901.06,approved
4231,4231,2026-04-27,transfer,2063102.53,approved
4232,4232,2026-06-13,debit_card,1635281.65,approved
4233,4233,2026-09-14,digital_wallet,209670.61,approved
4234,4234,2026-08-09,debit_card,163213.14,approved
4235,4235,2026-09-15,debit_card,243591.88,approved
4236,4236,2026-10-30,digital_wallet,572839.88,approved
4237,4237,2026-11-14,credit_card,317479.38,approved
4238,4238,2026-08-30,credit_card,1280160.11,approved
4239,4239,2026-12-10,digital_wallet,85509.33,approved
4240,4240,2026-09-30,digital_wallet,1006931.77,approved
4241,4241,2026-09-05,digital_wallet,0.0,failed
4242,4242,2026-10-20,digital_wallet,0.0,failed
4243,4243,2026-12-28,credit_card,308255.9,approved
4244,4244,2026-03-08,digital_wallet,577375.95,approved
4245,4245,2026-07-18,digital_wallet,2339090.35,approved
4246,4246,2026-10-07,credit_card,155889.17,approved
4247,4247,2026-08-28,digital_wallet,28867.75,approved
4248,4248,2026-08-11,debit_card,0.0,cancelled
4249,4249,2026-04-20,digital_wallet,0.0,cancelled
4250,4250,2026-02-14,credit_card,3897254.79,approved
4251,4251,2026-07-01,credit_card,154276.93,approved
4252,4252,2026-07-13,credit_card,101564.54,approved
4253,4253,2026-03-19,debit_card,2370067.2,approved
4254,4254,2026-08-25,credit_card,114149.86,approved
4255,4255,2026-03-19,credit_card,1367895.73,approved
4256,4256,2026-10-30,digital_wallet,157373.27,approved
4257,4257,2026-04-13,transfer,270872.93,approved
4258,4258,2026-12-04,digital_wallet,707729.08,approved
4259,4259,2026-07-23,digital_wallet,90761.24,approved
4260,4260,2026-08-29,credit_card,1168800.23,approved
4261,4261,2026-05-20,transfer,1284604.73,approved
4262,4262,2026-10-01,debit_card,0.0,failed
4263,4263,2026-06-09,credit_card,0.0,failed
4264,4264,2026-04-25,credit_card,3014853.45,approved
4265,4265,2026-03-04,transfer,821179.87,approved
4266,4266,2026-01-16,digital_wallet,1599130.98,approved
4267,4267,2026-08-01,credit_card,979981.46,approved
4268,4268,2026-07-12,debit_card,576117.59,approved
4269,4269,2026-07-04,debit_card,0.0,failed
4270,4270,2026-12-07,digital_wallet,180317.12,approved
4271,4271,2026-12-29,credit_card,341709.32,approved
4272,4272,2026-07-06,credit_card,112732.84,approved
4273,4273,2026-11-21,credit_card,421068.7,approved
4274,4274,2026-04-02,transfer,116426.09,approved
4275,4275,2026-04-16,credit_card,979115.65,approved
4276,4276,2026-01-05,digital_wallet,0.0,failed
4277,4277,2026-09-18,credit_card,201994.38,approved
4278,4278,2026-02-04,digital_wallet,0.0,failed
4279,4279,2026-12-19,transfer,238960.43,approved
4280,4280,2026-08-16,credit_card,0.0,failed
4281,4281,2026-11-21,debit_card,116414.05,approved
4282,4282,2026-08-11,digital_wallet,112888.94,approved
4283,4283,2026-09-17,digital_wallet,135853.8,approved
4284,4284,2026-07-11,transfer,254125.77,approved
4285,4285,2026-08-18,digital_wallet,516803.16,approved
4286,4286,2026-12-29,credit_card,120957.51,approved
4287,4287,2026-02-04,credit_card,1506124.1,approved
4288,4288,2026-12-12,digital_wallet,194994.82,approved
4289,4289,2026-07-18,credit_card,222603.46,approved
4290,4290,2026-08-04,digital_wallet,290271.28,approved
4291,4291,2026-10-24,debit_card,351855.56,approved
4292,4292,2026-05-24,debit_card,1095171.21,approved
4293,4293,2026-12-18,digital_wallet,261060.05,approved
4294,4294,2026-07-27,digital_wallet,224508.42,approved
4295,4295,2026-09-08,digital_wallet,0.0,failed
4296,4296,2026-03-31,debit_card,922055.82,approved
4297,4297,2026-10-23,digital_wallet,391036.79,approved
4298,4298,2026-08-07,digital_wallet,1573320.49,approved
4299,4299,2026-04-13,credit_card,31425.5,approved
4300,4300,2026-06-30,digital_wallet,3050531.85,approved
4301,4301,2026-01-20,digital_wallet,657544.16,approved
4302,4302,2026-05-23,transfer,1150154.77,approved
4303,4303,2026-11-12,debit_card,98133.81,approved
4304,4304,2026-03-09,transfer,1165006.98,approved
4305,4305,2026-12-06,credit_card,663932.35,approved
4306,4306,2026-03-27,credit_card,622233.73,approved
4307,4307,2026-11-27,digital_wallet,127240.17,approved
4308,4308,2026-04-23,transfer,2076506.71,approved
4309,4309,2026-10-03,credit_card,0.0,failed
4310,4310,2026-12-15,credit_card,130412.55,approved
4311,4311,2026-09-25,digital_wallet,129558.82,approved
4312,4312,2026-06-15,debit_card,594748.96,approved
4313,4313,2026-10-14,credit_card,0.0,failed
4314,4314,2026-02-15,digital_wallet,327368.38,approved
4315,4315,2026-10-07,digital_wallet,109086.95,approved
4316,4316,2026-12-12,digital_wallet,120742.92,approved
4317,4317,2026-10-22,debit_card,229346.86,approved
4318,4318,2026-12-12,credit_card,0.0,cancelled
4319,4319,2026-01-18,credit_card,220440.06,approved
4320,4320,2026-01-04,debit_card,4852912.62,approved
4321,4321,2026-05-20,credit_card,613714.77,approved
4322,4322,2026-09-15,credit_card,169926.68,approved
4323,4323,2026-09-09,credit_card,0.0,failed
4324,4324,2026-03-08,digital_wallet,333577.94,approved
4325,4325,2026-10-20,credit_card,410036.28,approved
4326,4326,2026-06-03,digital_wallet,601259.87,approved
4327,4327,2026-12-14,credit_card,85132.77,approved
4328,4328,2026-06-19,debit_card,184728.65,approved
4329,4329,2026-08-30,credit_card,28844.02,approved
4330,4330,2026-04-15,transfer,956604.57,approved
4331,4331,2026-12-08,digital_wallet,484749.38,approved
4332,4332,2026-10-12,digital_wallet,315533.56,approved
4333,4333,2026-02-06,credit_card,656988.0,approved
4334,4334,2026-05-25,debit_card,2165059.0,approved
4335,4335,2026-11-13,credit_card,1764013.35,approved
4336,4336,2026-10-26,digital_wallet,0.0,failed
4337,4337,2026-03-13,debit_card,2777271.68,approved
4338,4338,2026-02-14,debit_card,1448908.29,approved
4339,4339,2026-10-05,credit_card,227126.58,approved
4340,4340,2026-10-06,credit_card,122874.75,approved
4341,4341,2026-06-27,digital_wallet,342914.82,approved
4342,4342,2026-09-28,credit_card,60665.64,approved
4343,4343,2026-11-21,credit_card,212672.18,approved
4344,4344,2026-10-17,digital_wallet,229767.44,approved
4345,4345,2026-09-25,credit_card,362042.97,approved
4346,4346,2026-10-21,credit_card,110272.5,approved
4347,4347,2026-12-23,debit_card,2509429.76,approved
4348,4348,2026-06-13,digital_wallet,5418414.29,approved
4349,4349,2026-11-02,digital_wallet,121468.01,approved
4350,4350,2026-12-11,digital_wallet,983948.07,approved
4351,4351,2026-11-27,transfer,220613.01,approved
4352,4352,2026-08-18,credit_card,709862.54,approved
4353,4353,2026-07-03,credit_card,3341539.3,approved
4354,4354,2026-09-04,digital_wallet,302071.99,approved
4355,4355,2026-11-25,credit_card,779967.58,approved
4356,4356,2026-10-10,credit_card,761882.39,approved
4357,4357,2026-01-23,digital_wallet,152984.13,approved
4358,4358,2026-11-24,credit_card,375538.25,approved
4359,4359,2026-03-03,digital_wallet,0.0,failed
4360,4360,2026-02-10,transfer,2029863.2,approved
4361,4361,2026-10-14,credit_card,96869.3,approved
4362,4362,2026-11-17,debit_card,156289.12,approved
4363,4363,2026-07-07,credit_card,412207.55,approved
4364,4364,2026-11-08,debit_card,458426.82,approved
4365,4365,2026-11-07,transfer,919372.21,approved
4366,4366,2026-12-19,digital_wallet,426116.5,approved
4367,4367,2026-06-20,credit_card,2879169.09,approved
4368,4368,2026-03-12,digital_wallet,205821.74,approved
4369,4369,2026-12-06,digital_wallet,401376.68,approved
4370,4370,2026-10-01,transfer,746622.76,approved
4371,4371,2026-10-30,credit_card,300734.52,approved
4372,4372,2026-10-03,credit_card,387676.96,approved
4373,4373,2026-11-16,digital_wallet,59331.28,approved
4374,4374,2026-07-26,digital_wallet,1230251.92,approved
4375,4375,2026-12-01,credit_card,113789.57,approved
4376,4376,2026-12-14,digital_wallet,596877.75,approved
4377,4377,2026-12-08,transfer,545534.41,approved
4378,4378,2026-11-22,credit_card,0.0,cancelled
4379,4379,2026-10-10,digital_wallet,184467.75,approved
4380,4380,2026-12-13,digital_wallet,151841.11,approved
4381,4381,2026-03-18,digital_wallet,31641.56,approved
4382,4382,2026-12-04,digital_wallet,115901.41,approved
4383,4383,2026-10-11,credit_card,209473.18,approved
4384,4384,2026-02-13,debit_card,2757407.99,approved
4385,4385,2026-12-11,credit_card,86421.01,approved
4386,4386,2026-06-09,credit_card,114831.83,approved
4387,4387,2026-06-21,credit_card,200554.45,approved
4388,4388,2026-07-04,credit_card,437461.23,approved
4389,4389,2026-01-25,transfer,3734841.62,approved
4390,4390,2026-04-12,transfer,262589.85,approved
4391,4391,2026-10-15,credit_card,104937.14,approved
4392,4392,2026-03-04,transfer,691114.68,approved
4393,4393,2026-12-26,credit_card,574837.9,approved
4394,4394,2026-12-21,credit_card,401432.08,approved
4395,4395,2026-09-21,digital_wallet,301915.54,approved
4396,4396,2026-07-23,credit_card,76306.77,approved
4397,4397,2026-10-26,debit_card,129717.98,approved
4398,4398,2026-10-16,credit_card,111222.04,approved
4399,4399,2026-11-08,transfer,30609.55,approved
4400,4400,2026-10-09,credit_card,83052.92,approved
4401,4401,2026-08-08,credit_card,480686.23,approved
4402,4402,2026-03-28,debit_card,149825.63,approved
4403,4403,2026-09-18,digital_wallet,29235.54,approved
4404,4404,2026-12-06,credit_card,514290.4,approved
4405,4405,2026-09-23,credit_card,174724.61,approved
4406,4406,2026-07-21,debit_card,0.0,failed
4407,4407,2026-09-18,credit_card,260174.91,approved
4408,4408,2026-12-24,credit_card,490830.05,approved
4409,4409,2026-09-30,digital_wallet,265024.83,approved
4410,4410,2026-08-29,credit_card,108339.17,approved
4411,4411,2026-02-06,debit_card,1729921.48,approved
4412,4412,2026-06-18,digital_wallet,444579.73,approved
4413,4413,2026-12-27,credit_card,218734.18,approved
4414,4414,2026-10-10,digital_wallet,211459.19,approved
4415,4415,2026-04-22,debit_card,634842.62,approved
4416,4416,2026-10-21,digital_wallet,607179.64,approved
4417,4417,2026-09-26,digital_wallet,80570.35,approved
4418,4418,2026-12-24,credit_card,370882.43,approved
4419,4419,2026-05-30,credit_card,433549.45,approved
4420,4420,2026-08-11,credit_card,329256.48,approved
4421,4421,2026-11-22,digital_wallet,372304.18,approved
4422,4422,2026-12-13,credit_card,201444.53,approved
4423,4423,2026-12-13,digital_wallet,394810.95,approved
4424,4424,2026-08-27,digital_wallet,111492.8,approved
4425,4425,2026-04-26,credit_card,725013.7,approved
4426,4426,2026-01-05,digital_wallet,1672057.53,approved
4427,4427,2026-09-07,credit_card,398547.65,approved
4428,4428,2026-12-29,debit_card,1057515.27,approved
4429,4429,2026-05-06,debit_card,961535.38,approved
4430,4430,2026-08-31,credit_card,90132.83,approved
4431,4431,2026-09-26,debit_card,208815.26,approved
4432,4432,2026-12-24,debit_card,116867.03,approved
4433,4433,2026-11-23,transfer,244558.62,approved
4434,4434,2026-01-30,transfer,2905564.47,approved
4435,4435,2026-12-13,digital_wallet,143105.06,approved
4436,4436,2026-07-10,digital_wallet,339401.22,approved
4437,4437,2026-05-05,transfer,3973475.65,approved
4438,4438,2026-04-04,credit_card,0.0,failed
4439,4439,2026-09-02,credit_card,178036.82,approved
4440,4440,2026-04-19,debit_card,708730.38,approved
4441,4441,2026-01-20,transfer,0.0,failed
4442,4442,2026-07-16,digital_wallet,390137.34,approved
4443,4443,2026-03-28,debit_card,321797.94,approved
4444,4444,2026-11-04,transfer,233040.9,approved
4445,4445,2026-11-29,digital_wallet,326846.51,approved
4446,4446,2026-05-28,debit_card,574817.65,approved
4447,4447,2026-06-06,debit_card,1508076.4,approved
4448,4448,2026-12-25,debit_card,0.0,cancelled
4449,4449,2026-04-02,digital_wallet,214952.86,approved
4450,4450,2026-01-31,digital_wallet,1611459.68,approved
4451,4451,2026-06-28,transfer,76501.86,approved
4452,4452,2026-06-22,credit_card,157196.76,approved
4453,4453,2026-11-08,digital_wallet,0.0,cancelled
4454,4454,2026-11-17,credit_card,650791.41,approved
4455,4455,2026-06-24,debit_card,1080404.07,approved
4456,4456,2026-07-19,debit_card,275490.28,approved
4457,4457,2026-11-29,digital_wallet,96797.32,approved
4458,4458,2026-08-11,credit_card,1577378.24,approved
4459,4459,2026-06-23,debit_card,683301.34,approved
4460,4460,2026-11-18,transfer,143784.13,approved
4461,4461,2026-02-16,debit_card,258677.78,approved
4462,4462,2026-07-13,digital_wallet,0.0,cancelled
4463,4463,2026-10-17,credit_card,378513.97,approved
4464,4464,2026-09-26,credit_card,642732.98,approved
4465,4465,2026-01-07,credit_card,31325.1,approved
4466,4466,2026-02-09,debit_card,789520.45,approved
4467,4467,2026-06-06,transfer,107598.76,approved
4468,4468,2026-06-10,debit_card,77465.13,approved
4469,4469,2026-01-14,credit_card,652685.32,approved
4470,4470,2026-12-10,credit_card,0.0,failed
4471,4471,2026-08-02,debit_card,353432.46,approved
4472,4472,2026-03-07,transfer,875154.16,approved
4473,4473,2026-11-17,credit_card,0.0,failed
4474,4474,2026-05-10,digital_wallet,948902.61,approved
4475,4475,2026-11-04,digital_wallet,115163.86,approved
4476,4476,2026-08-23,credit_card,120864.77,approved
4477,4477,2026-08-29,credit_card,131207.46,approved
4478,4478,2026-09-05,credit_card,0.0,failed
4479,4479,2026-04-29,digital_wallet,104248.7,approved
4480,4480,2026-12-12,transfer,0.0,failed
4481,4481,2026-10-07,digital_wallet,0.0,cancelled
4482,4482,2026-08-07,debit_card,442295.52,approved
4483,4483,2026-10-18,credit_card,102055.92,approved
4484,4484,2026-12-21,credit_card,136647.62,approved
4485,4485,2026-09-18,digital_wallet,1118531.22,approved
4486,4486,2026-06-27,credit_card,228567.76,approved
4487,4487,2026-05-13,credit_card,1349792.7,approved
4488,4488,2026-05-22,credit_card,132253.15,approved
4489,4489,2026-03-28,credit_card,1273782.53,approved
4490,4490,2026-11-14,transfer,108380.59,approved
4491,4491,2026-03-28,digital_wallet,420150.32,approved
4492,4492,2026-11-24,digital_wallet,572153.25,approved
4493,4493,2026-06-26,transfer,647292.66,approved
4494,4494,2026-05-09,credit_card,135465.38,approved
4495,4495,2026-10-27,credit_card,0.0,failed
4496,4496,2026-12-11,credit_card,142462.34,approved
4497,4497,2026-08-29,debit_card,606589.37,approved
4498,4498,2026-08-21,digital_wallet,698307.09,approved
4499,4499,2026-07-03,transfer,1745175.56,approved
4500,4500,2026-10-06,digital_wallet,79245.23,approved
4501,4501,2026-09-13,debit_card,292395.17,approved
4502,4502,2026-11-23,debit_card,1447463.38,approved
4503,4503,2026-12-12,digital_wallet,97945.79,approved
4504,4504,2026-06-25,transfer,412126.96,approved
4505,4505,2026-05-11,debit_card,4648049.52,approved
4506,4506,2026-07-18,credit_card,203745.22,approved
4507,4507,2026-10-22,credit_card,460435.41,approved
4508,4508,2026-09-13,digital_wallet,226291.49,approved
4509,4509,2026-04-23,credit_card,1007400.58,approved
4510,4510,2026-01-01,debit_card,59306.8,approved
4511,4511,2026-05-13,transfer,1485072.54,approved
4512,4512,2026-05-18,transfer,977192.04,approved
4513,4513,2026-10-23,credit_card,0.0,failed
4514,4514,2026-11-07,digital_wallet,163632.9,approved
4515,4515,2026-08-21,debit_card,82438.08,approved
4516,4516,2026-11-13,credit_card,191563.12,approved
4517,4517,2026-07-22,digital_wallet,2173389.13,approved
4518,4518,2026-10-01,digital_wallet,256198.74,approved
4519,4519,2026-12-05,transfer,113245.95,approved
4520,4520,2026-08-15,digital_wallet,29725.48,approved
4521,4521,2026-01-18,credit_card,144030.7,approved
4522,4522,2026-06-17,digital_wallet,1520566.02,approved
4523,4523,2026-07-11,digital_wallet,1231601.57,approved
4524,4524,2026-02-24,transfer,205390.55,approved
4525,4525,2026-11-16,transfer,313119.52,approved
4526,4526,2026-11-09,digital_wallet,86586.92,approved
4527,4527,2026-04-09,transfer,1241075.6,approved
4528,4528,2026-04-09,debit_card,108225.2,approved
4529,4529,2026-08-26,debit_card,332453.45,approved
4530,4530,2026-03-18,credit_card,1156632.76,approved
4531,4531,2026-03-14,debit_card,364238.96,approved
4532,4532,2026-02-16,debit_card,449659.81,approved
4533,4533,2026-12-28,credit_card,108646.56,approved
4534,4534,2026-11-27,digital_wallet,289622.59,approved
4535,4535,2026-11-26,credit_card,116872.32,approved
4536,4536,2026-03-25,transfer,2535358.3,approved
4537,4537,2026-06-27,credit_card,4748559.57,approved
4538,4538,2026-12-28,debit_card,581877.26,approved
4539,4539,2026-10-31,credit_card,0.0,cancelled
4540,4540,2026-03-16,transfer,122500.77,approved
4541,4541,2026-10-06,digital_wallet,1820427.01,approved
4542,4542,2026-05-12,debit_card,3244356.97,approved
4543,4543,2026-08-09,credit_card,216773.23,approved
4544,4544,2026-11-22,credit_card,110575.39,approved
4545,4545,2026-10-21,digital_wallet,0.0,failed
4546,4546,2026-12-26,transfer,605017.69,approved
4547,4547,2026-09-03,credit_card,394541.78,approved
4548,4548,2026-11-22,credit_card,108715.91,approved
4549,4549,2026-09-19,credit_card,110612.39,approved
4550,4550,2026-08-17,credit_card,101666.11,approved
4551,4551,2026-02-17,debit_card,429476.21,approved
4552,4552,2026-10-27,digital_wallet,0.0,failed
4553,4553,2026-12-21,digital_wallet,421497.41,approved
4554,4554,2026-11-17,credit_card,120603.52,approved
4555,4555,2026-06-27,transfer,0.0,cancelled
4556,4556,2026-11-24,credit_card,0.0,cancelled
4557,4557,2026-10-22,digital_wallet,32862.44,approved
4558,4558,2026-07-15,digital_wallet,842438.74,approved
4559,4559,2026-02-22,digital_wallet,920754.8,approved
4560,4560,2026-10-25,digital_wallet,221936.67,approved
4561,4561,2026-01-02,credit_card,956224.98,approved
4562,4562,2026-07-25,credit_card,601558.59,approved
4563,4563,2026-10-13,digital_wallet,120291.81,approved
4564,4564,2026-01-19,credit_card,668505.85,approved
4565,4565,2026-10-24,credit_card,558123.46,approved
4566,4566,2026-12-30,credit_card,348504.74,approved
4567,4567,2026-10-13,transfer,90125.86,approved
4568,4568,2026-11-22,debit_card,136896.29,approved
4569,4569,2026-11-11,digital_wallet,193740.74,approved
4570,4570,2026-10-19,digital_wallet,85510.22,approved
4571,4571,2026-08-01,debit_card,636670.64,approved
4572,4572,2026-10-31,transfer,391088.85,approved
4573,4573,2026-12-24,credit_card,0.0,failed
4574,4574,2026-06-12,digital_wallet,569265.06,approved
4575,4575,2026-09-26,debit_card,105687.48,approved
4576,4576,2026-08-13,credit_card,979328.79,approved
4577,4577,2026-03-09,credit_card,652400.8,approved
4578,4578,2026-12-29,transfer,144302.72,approved
4579,4579,2026-11-13,credit_card,0.0,failed
4580,4580,2026-02-19,digital_wallet,90085.83,approved
4581,4581,2026-05-15,credit_card,548062.41,approved
4582,4582,2026-05-31,debit_card,187104.03,approved
4583,4583,2026-09-13,digital_wallet,135547.25,approved
4584,4584,2026-08-22,digital_wallet,121952.12,approved
4585,4585,2026-08-24,digital_wallet,290739.43,approved
4586,4586,2026-06-04,digital_wallet,701382.68,approved
4587,4587,2026-07-15,credit_card,110254.6,approved
4588,4588,2026-10-03,digital_wallet,259118.54,approved
4589,4589,2026-06-12,credit_card,322571.69,approved
4590,4590,2026-08-25,credit_card,318775.12,approved
4591,4591,2026-11-11,credit_card,130950.84,approved
4592,4592,2026-10-24,digital_wallet,129577.15,approved
4593,4593,2026-04-22,debit_card,1234898.92,approved
4594,4594,2026-04-17,credit_card,173784.99,approved
4595,4595,2026-10-06,credit_card,117059.99,approved
4596,4596,2026-09-30,credit_card,1433448.48,approved
4597,4597,2026-09-22,credit_card,0.0,failed
4598,4598,2026-06-25,transfer,124058.59,approved
4599,4599,2026-11-24,transfer,0.0,cancelled
4600,4600,2026-10-10,digital_wallet,323422.2,approved
4601,4601,2026-11-01,credit_card,0.0,failed
4602,4602,2026-06-10,transfer,90358.32,approved
4603,4603,2026-08-22,digital_wallet,62914.49,approved
4604,4604,2026-09-29,digital_wallet,0.0,failed
4605,4605,2026-12-11,debit_card,555350.89,approved
4606,4606,2026-10-18,credit_card,280723.99,approved
4607,4607,2026-09-05,debit_card,246335.92,approved
4608,4608,2026-09-22,credit_card,211907.68,approved
4609,4609,2026-11-24,debit_card,524554.56,approved
4610,4610,2026-12-04,credit_card,143905.57,approved
4611,4611,2026-08-01,credit_card,216476.94,approved
4612,4612,2026-12-01,digital_wallet,111752.93,approved
4613,4613,2026-07-23,credit_card,71324.63,approved
4614,4614,2026-10-04,credit_card,228624.57,approved
4615,4615,2026-11-05,digital_wallet,111147.29,approved
4616,4616,2026-11-28,transfer,716382.26,approved
4617,4617,2026-03-26,transfer,120427.64,approved
4618,4618,2026-11-07,debit_card,0.0,cancelled
4619,4619,2026-07-05,credit_card,217040.74,approved
4620,4620,2026-11-24,credit_card,284026.81,approved
4621,4621,2026-12-05,digital_wallet,30867.09,approved
4622,4622,2026-11-17,credit_card,0.0,cancelled
4623,4623,2026-09-24,credit_card,313550.43,approved
4624,4624,2026-10-02,credit_card,170355.47,approved
4625,4625,2026-12-24,transfer,314547.09,approved
4626,4626,2026-09-19,digital_wallet,0.0,failed
4627,4627,2026-02-21,digital_wallet,349384.38,approved
4628,4628,2026-12-05,transfer,506569.34,approved
4629,4629,2026-09-10,digital_wallet,424545.61,approved
4630,4630,2026-03-11,credit_card,3003227.37,approved
4631,4631,2026-08-14,digital_wallet,319226.27,approved
4632,4632,2026-07-30,transfer,164924.81,approved
4633,4633,2026-09-27,credit_card,398356.17,approved
4634,4634,2026-09-05,credit_card,101940.29,approved
4635,4635,2026-05-06,debit_card,835215.21,approved
4636,4636,2026-10-03,digital_wallet,2845101.65,approved
4637,4637,2026-03-12,digital_wallet,1675073.78,approved
4638,4638,2026-10-23,transfer,149999.23,approved
4639,4639,2026-05-17,transfer,489561.02,approved
4640,4640,2026-08-07,credit_card,1159894.83,approved
4641,4641,2026-07-06,digital_wallet,118531.3,approved
4642,4642,2026-08-15,transfer,119842.13,approved
4643,4643,2026-08-10,credit_card,112942.6,approved
4644,4644,2026-09-17,digital_wallet,225329.35,approved
4645,4645,2026-12-05,debit_card,349327.14,approved
4646,4646,2026-06-12,digital_wallet,78980.02,approved
4647,4647,2026-12-22,debit_card,666276.82,approved
4648,4648,2026-10-18,digital_wallet,273883.24,approved
4649,4649,2026-11-01,credit_card,187610.33,approved
4650,4650,2026-04-22,debit_card,116526.54,approved
4651,4651,2026-12-07,credit_card,286545.51,approved
4652,4652,2026-12-07,credit_card,622378.84,approved
4653,4653,2026-07-10,debit_card,0.0,failed
4654,4654,2026-11-10,digital_wallet,253193.3,approved
4655,4655,2026-07-23,debit_card,194939.47,approved
4656,4656,2026-11-17,debit_card,329677.31,approved
4657,4657,2026-02-11,digital_wallet,2693757.07,approved
4658,4658,2026-07-25,digital_wallet,233034.15,approved
4659,4659,2026-05-28,credit_card,334365.99,approved
4660,4660,2026-02-26,credit_card,222345.43,approved
4661,4661,2026-07-05,credit_card,91249.93,approved
4662,4662,2026-05-06,credit_card,320445.37,approved
4663,4663,2026-03-19,credit_card,4560239.47,approved
4664,4664,2026-07-17,digital_wallet,1512576.73,approved
4665,4665,2026-10-19,credit_card,211455.63,approved
4666,4666,2026-11-29,credit_card,0.0,failed
4667,4667,2026-03-04,transfer,385706.28,approved
4668,4668,2026-09-14,digital_wallet,649193.13,approved
4669,4669,2026-10-08,digital_wallet,280334.07,approved
4670,4670,2026-07-21,transfer,292340.21,approved
4671,4671,2026-02-26,debit_card,424561.06,approved
4672,4672,2026-11-22,transfer,58147.59,approved
4673,4673,2026-08-08,debit_card,0.0,failed
4674,4674,2026-09-26,digital_wallet,469137.29,approved
4675,4675,2026-08-07,debit_card,31735.88,approved
4676,4676,2026-03-21,digital_wallet,368102.01,approved
4677,4677,2026-10-20,credit_card,419087.46,approved
4678,4678,2026-07-30,credit_card,0.0,failed
4679,4679,2026-01-28,digital_wallet,631119.27,approved
4680,4680,2026-05-20,credit_card,168807.86,approved
4681,4681,2026-11-13,debit_card,257596.98,approved
4682,4682,2026-09-19,digital_wallet,712199.38,approved
4683,4683,2026-02-09,transfer,3849262.43,approved
4684,4684,2026-08-28,debit_card,174459.98,approved
4685,4685,2026-12-04,debit_card,405317.72,approved
4686,4686,2026-09-20,transfer,0.0,cancelled
4687,4687,2026-10-15,digital_wallet,80979.94,approved
4688,4688,2026-09-10,digital_wallet,739964.09,approved
4689,4689,2026-10-16,credit_card,191694.1,approved
4690,4690,2026-09-09,transfer,97447.0,approved
4691,4691,2026-08-06,credit_card,256234.97,approved
4692,4692,2026-11-04,credit_card,369568.99,approved
4693,4693,2026-11-11,credit_card,635100.78,approved
4694,4694,2026-07-18,digital_wallet,386056.15,approved
4695,4695,2026-11-01,credit_card,118740.78,approved
4696,4696,2026-12-28,transfer,256749.78,approved
4697,4697,2026-11-22,credit_card,124298.79,approved
4698,4698,2026-12-23,digital_wallet,222692.26,approved
4699,4699,2026-04-22,debit_card,620353.34,approved
4700,4700,2026-09-27,digital_wallet,342226.04,approved
4701,4701,2026-09-16,credit_card,0.0,failed
4702,4702,2026-01-19,digital_wallet,1222618.92,approved
4703,4703,2026-11-25,transfer,121069.02,approved
4704,4704,2026-05-31,debit_card,192887.08,approved
4705,4705,2026-09-27,debit_card,258055.95,approved
4706,4706,2026-11-03,digital_wallet,119113.93,approved
4707,4707,2026-09-24,credit_card,127399.93,approved
4708,4708,2026-05-02,debit_card,3868444.82,approved
4709,4709,2026-08-03,digital_wallet,31444.32,approved
4710,4710,2026-07-30,credit_card,1912055.26,approved
4711,4711,2026-04-24,transfer,118560.51,approved
4712,4712,2026-10-16,credit_card,463134.8,approved
4713,4713,2026-07-21,credit_card,264222.86,approved
4714,4714,2026-03-20,transfer,1451869.56,approved
4715,4715,2026-12-02,digital_wallet,218067.65,approved
4716,4716,2026-12-04,debit_card,542376.99,approved
4717,4717,2026-10-31,credit_card,112863.21,approved
4718,4718,2026-12-01,digital_wallet,0.0,failed
4719,4719,2026-10-04,credit_card,126764.45,approved
4720,4720,2026-11-19,credit_card,225899.8,approved
4721,4721,2026-07-01,digital_wallet,0.0,cancelled
4722,4722,2026-10-10,digital_wallet,884745.19,approved
4723,4723,2026-10-21,credit_card,108898.23,approved
4724,4724,2026-08-17,credit_card,218584.39,approved
4725,4725,2026-08-01,credit_card,188913.91,approved
4726,4726,2026-10-14,credit_card,0.0,failed
4727,4727,2026-08-23,credit_card,30478.1,approved
4728,4728,2026-03-18,credit_card,63016.11,approved
4729,4729,2026-10-29,digital_wallet,205448.37,approved
4730,4730,2026-12-07,digital_wallet,122243.29,approved
4731,4731,2026-03-17,transfer,607527.65,approved
4732,4732,2026-05-24,credit_card,118883.23,approved
4733,4733,2026-06-24,digital_wallet,688349.55,approved
4734,4734,2026-03-10,debit_card,339942.11,approved
4735,4735,2026-09-23,debit_card,101694.27,approved
4736,4736,2026-01-29,digital_wallet,1607985.6,approved
4737,4737,2026-03-14,credit_card,1518230.8,approved
4738,4738,2026-03-09,transfer,1555149.96,approved
4739,4739,2026-10-13,digital_wallet,1255000.58,approved
4740,4740,2026-10-28,credit_card,447390.94,approved
4741,4741,2026-08-13,credit_card,2304996.62,approved
4742,4742,2026-05-27,digital_wallet,766804.28,approved
4743,4743,2026-01-16,debit_card,0.0,failed
4744,4744,2026-07-01,digital_wallet,1336813.23,approved
4745,4745,2026-04-19,debit_card,756843.04,approved
4746,4746,2026-11-06,credit_card,560553.46,approved
4747,4747,2026-04-13,credit_card,290315.97,approved
4748,4748,2026-08-21,credit_card,126156.16,approved
4749,4749,2026-03-30,digital_wallet,396964.85,approved
4750,4750,2026-08-15,digital_wallet,595939.48,approved
4751,4751,2026-11-25,credit_card,122212.81,approved
4752,4752,2026-09-08,credit_card,919589.32,approved
4753,4753,2026-09-28,credit_card,130360.94,approved
4754,4754,2026-05-09,credit_card,281559.86,approved
4755,4755,2026-07-01,transfer,4416996.5,approved
4756,4756,2026-10-03,credit_card,122817.1,approved
4757,4757,2026-03-02,digital_wallet,989927.83,approved
4758,4758,2026-01-16,credit_card,2204261.43,approved
4759,4759,2026-08-19,digital_wallet,106450.9,approved
4760,4760,2026-12-27,digital_wallet,0.0,failed
4761,4761,2026-05-06,digital_wallet,252825.11,approved
4762,4762,2026-08-20,credit_card,324596.47,approved
4763,4763,2026-01-20,transfer,317325.99,approved
4764,4764,2026-10-28,transfer,433805.73,approved
4765,4765,2026-12-29,debit_card,243836.14,approved
4766,4766,2026-08-31,debit_card,356166.92,approved
4767,4767,2026-08-28,credit_card,118016.93,approved
4768,4768,2026-11-24,credit_card,246466.79,approved
4769,4769,2026-09-15,debit_card,177759.44,approved
4770,4770,2026-04-27,credit_card,819163.02,approved
4771,4771,2026-07-10,transfer,0.0,cancelled
4772,4772,2026-11-23,debit_card,139668.6,approved
4773,4773,2026-11-03,credit_card,195514.26,approved
4774,4774,2026-05-20,credit_card,0.0,failed
4775,4775,2026-10-27,transfer,576628.17,approved
4776,4776,2026-12-27,credit_card,466079.77,approved
4777,4777,2026-05-04,transfer,477446.71,approved
4778,4778,2026-11-16,credit_card,144816.99,approved
4779,4779,2026-06-29,transfer,57538.67,approved
4780,4780,2026-08-25,credit_card,561092.61,approved
4781,4781,2026-11-07,credit_card,151896.62,approved
4782,4782,2026-01-27,credit_card,388257.3,approved
4783,4783,2026-12-20,credit_card,100176.83,approved
4784,4784,2026-11-01,credit_card,207662.61,approved
4785,4785,2026-03-03,credit_card,737605.74,approved
4786,4786,2026-10-29,credit_card,283651.32,approved
4787,4787,2026-08-29,digital_wallet,1628774.5,approved
4788,4788,2026-12-10,transfer,291282.36,approved
4789,4789,2026-06-06,digital_wallet,319634.87,approved
4790,4790,2026-04-03,debit_card,1389769.04,approved
4791,4791,2026-10-31,credit_card,33042.67,approved
4792,4792,2026-03-27,transfer,342890.58,approved
4793,4793,2026-12-10,credit_card,165655.29,approved
4794,4794,2026-09-05,transfer,107029.0,approved
4795,4795,2026-09-15,digital_wallet,698912.76,approved
4796,4796,2026-05-09,debit_card,762316.37,approved
4797,4797,2026-05-09,debit_card,111295.42,approved
4798,4798,2026-05-21,digital_wallet,910238.75,approved
4799,4799,2026-04-25,digital_wallet,289915.62,approved
4800,4800,2026-03-26,debit_card,111652.39,approved
4801,4801,2026-11-19,credit_card,236126.48,approved
4802,4802,2026-07-26,digital_wallet,221248.91,approved
4803,4803,2026-10-16,credit_card,369541.73,approved
4804,4804,2026-08-07,credit_card,256760.11,approved
4805,4805,2026-11-16,digital_wallet,111812.28,approved
4806,4806,2026-10-20,digital_wallet,263628.91,approved
4807,4807,2026-12-13,credit_card,117832.65,approved
4808,4808,2026-01-19,credit_card,113925.4,approved
4809,4809,2026-08-17,digital_wallet,116736.94,approved
4810,4810,2026-11-21,credit_card,197736.78,approved
4811,4811,2026-05-15,credit_card,476379.76,approved
4812,4812,2026-11-10,digital_wallet,2745291.36,approved
4813,4813,2026-04-04,transfer,2691181.14,approved
4814,4814,2026-11-21,digital_wallet,797738.13,approved
4815,4815,2026-11-17,digital_wallet,98836.94,approved
4816,4816,2026-09-14,digital_wallet,196752.62,approved
4817,4817,2026-04-05,debit_card,0.0,cancelled
4818,4818,2026-01-16,digital_wallet,1258881.95,approved
4819,4819,2026-09-23,digital_wallet,30507.7,approved
4820,4820,2026-12-10,digital_wallet,2373032.0,approved
4821,4821,2026-08-17,digital_wallet,178499.29,approved
4822,4822,2026-05-29,digital_wallet,1326130.24,approved
4823,4823,2026-04-12,credit_card,778165.93,approved
4824,4824,2026-09-11,credit_card,243811.62,approved
4825,4825,2026-10-22,credit_card,281674.09,approved
4826,4826,2026-07-29,credit_card,116923.63,approved
4827,4827,2026-12-08,credit_card,112083.94,approved
4828,4828,2026-06-05,credit_card,652000.43,approved
4829,4829,2026-01-10,digital_wallet,121392.82,approved
4830,4830,2026-09-04,credit_card,340849.46,approved
4831,4831,2026-12-01,debit_card,128856.83,approved
4832,4832,2026-10-27,digital_wallet,124351.52,approved
4833,4833,2026-05-26,credit_card,2755078.02,approved
4834,4834,2026-08-03,credit_card,362522.05,approved
4835,4835,2026-11-08,credit_card,439430.04,approved
4836,4836,2026-07-17,credit_card,611710.65,approved
4837,4837,2026-06-23,digital_wallet,775521.14,approved
4838,4838,2026-07-09,digital_wallet,923552.85,approved
4839,4839,2026-07-28,digital_wallet,396550.03,approved
4840,4840,2026-11-16,credit_card,0.0,cancelled
4841,4841,2026-12-21,digital_wallet,421606.48,approved
4842,4842,2026-03-16,transfer,1412467.44,approved
4843,4843,2026-05-20,digital_wallet,146366.54,approved
4844,4844,2026-07-19,credit_card,834027.82,approved
4845,4845,2026-02-01,debit_card,248697.97,approved
4846,4846,2026-08-07,credit_card,142600.1,approved
4847,4847,2026-03-07,credit_card,346387.27,approved
4848,4848,2026-10-28,transfer,28782.79,approved
4849,4849,2026-11-07,credit_card,94431.31,approved
4850,4850,2026-07-27,transfer,0.0,failed
4851,4851,2026-01-03,credit_card,0.0,failed
4852,4852,2026-09-01,digital_wallet,0.0,cancelled
4853,4853,2026-08-22,transfer,306429.56,approved
4854,4854,2026-03-23,digital_wallet,598485.21,approved
4855,4855,2026-12-15,credit_card,0.0,failed
4856,4856,2026-10-28,credit_card,329109.38,approved
4857,4857,2026-08-10,debit_card,84155.43,approved
4858,4858,2026-12-02,transfer,232499.67,approved
4859,4859,2026-12-01,credit_card,103317.55,approved
4860,4860,2026-10-17,credit_card,1622777.87,approved
4861,4861,2026-10-29,digital_wallet,133654.33,approved
4862,4862,2026-05-18,debit_card,385432.17,approved
4863,4863,2026-10-08,digital_wallet,402176.19,approved
4864,4864,2026-11-18,credit_card,512776.5,approved
4865,4865,2026-09-30,transfer,375288.98,approved
4866,4866,2026-12-29,digital_wallet,30665.57,approved
4867,4867,2026-10-27,credit_card,0.0,cancelled
4868,4868,2026-07-13,credit_card,117710.21,approved
4869,4869,2026-10-18,credit_card,404385.46,approved
4870,4870,2026-09-24,transfer,127357.17,approved
4871,4871,2026-03-16,debit_card,729366.43,approved
4872,4872,2026-04-02,transfer,30438.95,approved
4873,4873,2026-06-28,credit_card,202931.13,approved
4874,4874,2026-10-06,credit_card,507381.88,approved
4875,4875,2026-08-25,credit_card,32505.46,approved
4876,4876,2026-01-15,digital_wallet,517828.21,approved
4877,4877,2026-02-03,digital_wallet,239588.2,approved
4878,4878,2026-01-29,debit_card,647483.24,approved
4879,4879,2026-10-24,transfer,357812.34,approved
4880,4880,2026-03-11,credit_card,117446.26,approved
4881,4881,2026-06-04,transfer,2881005.41,approved
4882,4882,2026-11-06,credit_card,125737.28,approved
4883,4883,2026-01-28,transfer,796124.52,approved
4884,4884,2026-11-14,transfer,119978.42,approved
4885,4885,2026-11-16,credit_card,84059.36,approved
4886,4886,2026-03-30,debit_card,149753.14,approved
4887,4887,2026-05-07,credit_card,281379.9,approved
4888,4888,2026-07-04,credit_card,219325.1,approved
4889,4889,2026-08-25,debit_card,0.0,cancelled
4890,4890,2026-06-25,debit_card,56800.01,approved
4891,4891,2026-09-02,transfer,100937.52,approved
4892,4892,2026-09-09,debit_card,312131.47,approved
4893,4893,2026-06-18,credit_card,2984759.47,approved
4894,4894,2026-05-03,credit_card,862297.97,approved
4895,4895,2026-01-07,transfer,1417426.91,approved
4896,4896,2026-09-17,digital_wallet,1064266.69,approved
4897,4897,2026-09-19,digital_wallet,278078.52,approved
4898,4898,2026-03-17,credit_card,0.0,failed
4899,4899,2026-07-27,digital_wallet,120831.07,approved
4900,4900,2026-07-21,transfer,603885.65,approved
4901,4901,2026-10-28,credit_card,0.0,cancelled
4902,4902,2026-12-11,credit_card,584529.89,approved
4903,4903,2026-08-02,credit_card,309966.04,approved
4904,4904,2026-10-21,credit_card,219677.69,approved
4905,4905,2026-10-17,credit_card,360314.63,approved
4906,4906,2026-08-16,credit_card,437170.92,approved
4907,4907,2026-01-18,debit_card,382476.81,approved
4908,4908,2026-12-21,digital_wallet,378623.96,approved
4909,4909,2026-12-19,credit_card,157552.48,approved
4910,4910,2026-05-03,credit_card,108075.81,approved
4911,4911,2026-05-19,digital_wallet,206522.84,approved
4912,4912,2026-12-27,credit_card,223275.37,approved
4913,4913,2026-07-15,debit_card,137974.69,approved
4914,4914,2026-02-11,digital_wallet,4490629.65,approved
4915,4915,2026-11-17,credit_card,548406.35,approved
4916,4916,2026-12-26,digital_wallet,123121.73,approved
4917,4917,2026-09-24,credit_card,0.0,failed
4918,4918,2026-07-31,digital_wallet,403927.97,approved
4919,4919,2026-08-24,transfer,312365.92,approved
4920,4920,2026-02-03,transfer,1226100.1,approved
4921,4921,2026-04-20,debit_card,1812207.16,approved
4922,4922,2026-10-25,credit_card,0.0,failed
4923,4923,2026-10-12,credit_card,109931.68,approved
4924,4924,2026-05-29,credit_card,79608.88,approved
4925,4925,2026-06-03,credit_card,161218.46,approved
4926,4926,2026-12-01,credit_card,174304.73,approved
4927,4927,2026-09-14,credit_card,28131.41,approved
4928,4928,2026-09-30,credit_card,79846.23,approved
4929,4929,2026-10-21,transfer,451462.14,approved
4930,4930,2026-03-02,credit_card,5587376.68,approved
4931,4931,2026-07-27,debit_card,308606.45,approved
4932,4932,2026-03-27,digital_wallet,0.0,failed
4933,4933,2026-02-22,transfer,30080.38,approved
4934,4934,2026-12-27,digital_wallet,194262.98,approved
4935,4935,2026-06-01,transfer,274614.03,approved
4936,4936,2026-12-10,credit_card,303311.82,approved
4937,4937,2026-04-25,debit_card,113743.77,approved
4938,4938,2026-09-04,debit_card,0.0,failed
4939,4939,2026-02-25,debit_card,690422.54,approved
4940,4940,2026-09-16,transfer,99361.39,approved
4941,4941,2026-12-26,credit_card,235218.4,approved
4942,4942,2026-08-27,digital_wallet,337151.31,approved
4943,4943,2026-08-24,credit_card,304214.27,approved
4944,4944,2026-11-20,transfer,224023.57,approved
4945,4945,2026-12-06,digital_wallet,575393.29,approved
4946,4946,2026-08-04,digital_wallet,81699.58,approved
4947,4947,2026-02-24,debit_card,2844593.96,approved
4948,4948,2026-08-01,debit_card,0.0,cancelled
4949,4949,2026-03-15,debit_card,122011.88,approved
4950,4950,2026-01-02,digital_wallet,266108.71,approved
4951,4951,2026-12-13,credit_card,1075639.97,approved
4952,4952,2026-08-20,credit_card,115438.31,approved
4953,4953,2026-06-03,credit_card,593937.27,approved
4954,4954,2026-07-28,digital_wallet,688298.45,approved
4955,4955,2026-08-01,transfer,0.0,failed
4956,4956,2026-02-03,credit_card,29876.54,approved
4957,4957,2026-09-23,credit_card,367216.63,approved
4958,4958,2026-07-05,digital_wallet,1357881.53,approved
4959,4959,2026-12-13,credit_card,548000.55,approved
4960,4960,2026-10-15,credit_card,0.0,failed
4961,4961,2026-12-17,transfer,476140.99,approved
4962,4962,2026-12-30,digital_wallet,391599.76,approved
4963,4963,2026-05-14,digital_wallet,1864519.16,approved
4964,4964,2026-04-08,credit_card,403743.97,approved
4965,4965,2026-10-28,debit_card,402638.84,approved
4966,4966,2026-12-18,transfer,463065.45,approved
4967,4967,2026-09-08,transfer,200215.27,approved
4968,4968,2026-10-28,digital_wallet,118147.83,approved
4969,4969,2026-02-25,digital_wallet,245289.73,approved
4970,4970,2026-08-21,credit_card,110198.32,approved
4971,4971,2026-03-13,credit_card,1299224.63,approved
4972,4972,2026-03-27,transfer,74479.99,approved
4973,4973,2026-08-28,debit_card,946926.28,approved
4974,4974,2026-07-22,debit_card,320560.51,approved
4975,4975,2026-10-16,debit_card,208690.18,approved
4976,4976,2026-02-14,debit_card,235101.34,approved
4977,4977,2026-03-12,transfer,662958.96,approved
4978,4978,2026-09-18,credit_card,255940.91,approved
4979,4979,2026-12-23,transfer,120830.15,approved
4980,4980,2026-11-22,credit_card,123928.5,approved
4981,4981,2026-11-27,digital_wallet,115598.2,approved
4982,4982,2026-08-06,digital_wallet,115492.71,approved
4983,4983,2026-11-14,credit_card,0.0,failed
4984,4984,2026-10-18,credit_card,0.0,failed
4985,4985,2026-09-08,credit_card,356175.71,approved
4986,4986,2026-08-02,credit_card,4288421.62,approved
4987,4987,2026-01-29,transfer,120843.82,approved
4988,4988,2026-10-17,digital_wallet,595848.18,approved
4989,4989,2026-11-27,credit_card,156554.84,approved
4990,4990,2026-02-11,credit_card,2670192.76,approved
4991,4991,2026-04-08,digital_wallet,400676.09,approved
4992,4992,2026-02-08,transfer,181113.43,approved
4993,4993,2026-08-05,credit_card,110496.05,approved
4994,4994,2026-11-30,digital_wallet,276115.83,approved
4995,4995,2026-11-14,transfer,0.0,failed
4996,4996,2026-10-25,transfer,482163.74,approved
4997,4997,2026-05-19,credit_card,300176.75,approved
4998,4998,2026-08-20,debit_card,113848.73,approved
4999,4999,2026-09-18,credit_card,116015.08,approved
5000,5000,2026-09-12,debit_card,545256.53,approved
