shipment_id,order_id,shipment_date,delivery_date,shipping_method,shipping_cost,status
1,1,2024-10-22,2024-10-28,standard,11382.71,delivered
2,2,2024-11-28,2024-12-06,standard,5477.16,delivered
3,3,2024-09-16,2024-09-23,standard,5917.99,delivered
4,4,2024-12-12,2024-12-16,express,10257.42,delivered
5,5,2024-12-31,2025-01-07,standard,5423.98,delivered
6,6,2024-08-09,2024-08-12,express,10229.57,delivered
7,7,2024-12-29,2025-01-03,standard,5271.33,delivered
8,8,2024-10-23,2024-10-26,express,10805.7,delivered
9,9,2024-11-20,2024-11-24,standard,6192.88,delivered
10,10,2024-09-23,2024-09-28,standard,7739.61,delivered
11,11,2024-12-05,2024-12-09,standard,8365.54,delivered
12,12,2024-11-06,2024-11-09,standard,3673.13,delivered
13,13,2024-11-10,2024-11-16,standard,5391.86,delivered
14,14,2024-09-20,2024-09-22,standard,10685.2,delivered
15,15,2024-11-21,2024-11-29,standard,10805.44,delivered
16,16,2024-11-11,2024-11-17,standard,5829.59,delivered
17,17,2024-12-15,2024-12-17,standard,8200.5,delivered
18,18,2024-10-20,2024-10-24,standard,2910.79,delivered
19,19,2024-10-29,2024-10-31,express,19477.56,delivered
20,20,2024-10-14,2024-10-20,standard,12523.75,delivered
21,21,2024-06-19,2024-06-22,standard,2759.01,delivered
22,22,2024-10-27,2024-10-30,express,11756.01,delivered
23,23,2024-06-23,2024-06-30,standard,5841.07,delivered
24,24,2024-08-24,2024-08-26,express,6488.09,delivered
25,25,2024-10-14,2024-10-21,standard,13128.0,delivered
26,26,2024-07-19,2024-07-24,standard,2875.75,delivered
27,27,2024-10-07,2024-10-11,standard,3000.39,delivered
28,29,2024-06-09,2024-06-17,standard,11492.1,delivered
29,30,2024-12-07,2024-12-11,express,7714.27,delivered
30,31,2024-10-23,2024-10-24,express,11819.27,delivered
31,32,2024-10-25,2024-10-30,standard,5737.97,delivered
32,33,2024-07-03,2024-07-05,standard,11957.49,delivered
33,34,2024-10-02,2024-10-10,standard,5454.46,delivered
34,35,2024-09-29,2024-10-03,express,19301.99,delivered
35,36,2024-12-31,2025-01-05,standard,10836.56,delivered
36,37,2024-12-05,2024-12-08,express,18041.45,delivered
37,38,2024-07-11,2024-07-17,standard,14109.27,delivered
38,39,2024-09-12,2024-09-14,standard,4382.09,delivered
39,40,2024-11-06,2024-11-08,standard,5999.21,delivered
40,41,2024-08-09,2024-08-17,standard,8929.89,delivered
41,42,2024-12-19,2024-12-23,standard,3102.33,delivered
42,43,2024-05-20,2024-05-28,standard,12499.11,delivered
43,44,2024-11-30,2024-12-03,standard,4200.33,delivered
44,45,2024-12-13,2024-12-19,standard,7072.28,delivered
45,46,2024-07-16,2024-07-24,standard,5522.08,delivered
46,47,2024-11-22,2024-11-24,standard,10519.07,delivered
47,48,2024-11-16,2024-11-24,standard,5287.83,delivered
48,49,2024-12-27,2025-01-04,standard,3113.67,delivered
49,50,2024-08-21,2024-08-29,standard,9374.75,delivered
50,51,2024-09-16,2024-09-24,standard,4284.44,delivered
51,52,2024-07-26,2024-07-28,express,23898.81,delivered
52,53,2024-09-01,2024-09-08,standard,9926.18,delivered
53,54,2024-10-09,2024-10-17,standard,6288.8,delivered
54,55,2024-03-30,2024-04-04,standard,6818.8,delivered
55,56,2024-09-13,2024-09-16,standard,11019.35,delivered
56,57,2024-10-01,2024-10-07,standard,5318.05,delivered
57,58,2024-10-22,2024-10-25,standard,6287.48,delivered
58,59,2024-09-17,2024-09-19,standard,11877.85,delivered
59,60,2024-06-29,2024-07-02,standard,13683.01,delivered
60,61,2024-12-30,2025-01-02,express,23860.63,delivered
61,62,2024-11-02,2024-11-08,standard,5623.41,delivered
62,63,2024-11-16,2024-11-23,standard,12496.16,delivered
63,64,2024-12-26,2025-01-03,standard,6048.69,delivered
64,65,2024-12-10,2024-12-18,standard,2901.42,delivered
65,66,2024-12-09,2024-12-14,standard,8551.04,delivered
66,67,2024-05-24,2024-05-27,standard,10577.42,delivered
67,68,2024-11-26,2024-12-03,standard,13996.47,delivered
68,69,2024-10-28,2024-11-03,standard,14336.92,delivered
69,70,2024-12-07,2024-12-12,standard,13508.18,delivered
70,71,2024-11-04,2024-11-12,standard,5516.35,delivered
71,72,2024-12-29,2024-12-31,express,18639.98,delivered
72,74,2024-08-10,2024-08-12,standard,5733.06,delivered
73,75,2024-10-14,2024-10-16,express,24519.91,delivered
74,76,2024-12-30,2025-01-07,standard,5682.54,delivered
75,77,2024-09-16,2024-09-21,standard,3942.89,delivered
76,78,2024-07-13,2024-07-21,standard,10489.22,delivered
77,79,2024-10-27,2024-11-02,standard,5027.11,delivered
78,80,2024-07-10,2024-07-17,standard,6066.99,delivered
79,81,2024-11-28,2024-12-02,standard,6722.53,delivered
80,82,2024-07-31,2024-08-05,standard,13418.29,delivered
81,83,2024-09-23,2024-09-27,standard,6642.66,delivered
82,84,2024-05-09,2024-05-11,standard,6447.4,delivered
83,85,2024-10-22,2024-10-26,standard,11241.02,delivered
84,86,2024-10-12,2024-10-14,standard,8914.82,delivered
85,87,2024-10-20,2024-10-24,standard,9315.28,delivered
86,88,2024-12-25,2025-01-02,standard,13786.29,delivered
87,89,2024-05-29,2024-06-05,standard,12524.03,delivered
88,90,2024-12-29,2025-01-05,standard,5713.29,delivered
89,91,2024-11-10,2024-11-18,standard,8788.22,delivered
90,92,2024-10-29,2024-11-04,standard,9863.57,delivered
91,93,2024-10-22,2024-10-26,standard,10655.08,delivered
92,94,2024-10-19,2024-10-21,express,8055.15,delivered
93,95,2024-11-28,2024-12-03,standard,14118.52,delivered
94,96,2024-11-27,2024-12-02,standard,10929.63,delivered
95,97,2024-08-24,2024-09-01,standard,6525.39,delivered
96,98,2024-09-18,2024-09-25,standard,14343.67,delivered
97,99,2024-10-07,2024-10-10,standard,6275.04,delivered
98,100,2024-12-12,2024-12-15,express,18869.13,delivered
99,101,2024-09-08,2024-09-10,standard,5046.32,delivered
100,102,2024-11-11,2024-11-18,standard,8463.46,delivered
101,103,2024-09-24,2024-09-28,standard,9524.4,delivered
102,104,2024-11-07,2024-11-13,standard,14148.46,delivered
103,105,2024-11-04,2024-11-07,standard,11635.37,delivered
104,106,2024-12-13,2024-12-20,standard,5853.5,delivered
105,107,2024-10-12,2024-10-19,standard,5874.82,delivered
106,108,2024-10-02,2024-10-04,standard,5365.5,delivered
107,109,2024-06-16,2024-06-20,standard,9532.89,delivered
108,110,2024-11-24,2024-11-28,standard,6552.4,delivered
109,111,2024-10-13,2024-10-15,express,14061.17,delivered
110,112,2024-11-27,2024-11-30,standard,13669.94,delivered
111,113,2024-10-18,2024-10-22,standard,10055.08,delivered
112,114,2024-09-24,2024-09-26,standard,10567.22,delivered
113,115,2024-10-06,2024-10-10,express,10841.1,delivered
114,116,2024-08-06,2024-08-14,standard,3957.96,delivered
115,117,2024-12-13,2024-12-17,standard,6227.77,delivered
116,118,2024-12-29,2025-01-06,standard,5311.43,delivered
117,119,2024-10-08,2024-10-13,standard,13306.55,delivered
118,120,2024-08-27,2024-09-01,standard,7195.11,delivered
119,121,2024-11-09,2024-11-13,standard,6525.49,delivered
120,122,2024-11-08,2024-11-10,standard,4937.35,delivered
121,123,2024-10-29,2024-11-05,standard,14844.02,delivered
122,124,2024-08-27,2024-09-03,standard,14142.99,delivered
123,125,2024-09-29,2024-10-05,standard,11514.2,delivered
124,126,2024-05-07,2024-05-11,standard,6550.08,delivered
125,127,2024-08-07,2024-08-13,standard,3289.17,delivered
126,128,2024-06-08,2024-06-15,standard,2711.35,delivered
127,129,2024-12-01,2024-12-05,standard,7453.49,delivered
128,130,2024-03-17,2024-03-21,standard,7971.22,delivered
129,131,2024-12-22,2024-12-29,standard,12325.72,delivered
130,132,2024-08-30,2024-09-04,standard,5514.26,delivered
131,133,2024-12-12,2024-12-15,standard,6065.98,delivered
132,134,2024-12-10,2024-12-13,standard,9596.82,delivered
133,135,2024-10-15,2024-10-22,standard,5052.54,delivered
134,136,2024-12-21,2024-12-22,express,21850.2,delivered
135,137,2024-11-29,2024-12-03,standard,5795.01,delivered
136,138,2024-10-13,2024-10-15,standard,6565.14,delivered
137,139,2024-09-17,2024-09-25,standard,5441.65,delivered
138,140,2024-08-09,2024-08-12,standard,8128.55,delivered
139,141,2024-12-05,2024-12-08,standard,9217.63,delivered
140,142,2024-09-11,2024-09-14,standard,4850.96,delivered
141,143,2024-11-17,2024-11-22,standard,9810.62,delivered
142,144,2024-11-05,2024-11-10,standard,5075.92,delivered
143,145,2024-11-17,2024-11-20,standard,4840.76,delivered
144,146,2024-09-07,2024-09-10,standard,14903.41,delivered
145,147,2024-11-28,2024-12-02,standard,5700.3,delivered
146,148,2024-02-22,2024-02-28,standard,9797.81,delivered
147,149,2024-07-15,2024-07-17,standard,8363.7,delivered
148,150,2024-11-09,2024-11-16,standard,7970.03,delivered
149,151,2024-12-23,2024-12-25,standard,6596.53,delivered
150,152,2024-10-28,2024-11-02,standard,14564.16,delivered
151,153,2024-11-15,2024-11-23,standard,6751.29,delivered
152,154,2024-12-01,2024-12-06,standard,7316.72,delivered
153,155,2024-12-10,2024-12-17,standard,3538.01,delivered
154,156,2024-07-07,2024-07-14,standard,13007.7,delivered
155,157,2024-04-01,2024-04-04,standard,10250.32,delivered
156,158,2024-11-19,2024-11-23,standard,13158.33,delivered
157,159,2024-10-24,2024-10-29,standard,10800.86,delivered
158,160,2024-07-28,2024-08-03,standard,13887.48,delivered
159,161,2024-11-18,2024-11-19,express,9305.14,delivered
160,162,2024-10-31,2024-11-04,standard,12234.2,delivered
161,163,2024-11-14,2024-11-19,standard,5761.31,delivered
162,164,2024-12-07,2024-12-11,standard,6211.06,delivered
163,165,2024-04-08,2024-04-10,standard,13786.3,delivered
164,166,2024-12-13,2024-12-17,express,10250.18,delivered
165,167,2024-04-25,2024-04-29,standard,5887.22,delivered
166,168,2024-06-29,2024-07-02,express,22387.25,delivered
167,169,2024-05-13,2024-05-16,standard,13179.67,delivered
168,170,2024-10-01,2024-10-07,standard,5276.17,delivered
169,171,2024-05-05,2024-05-11,standard,6009.3,delivered
170,172,2024-10-10,2024-10-13,standard,8418.72,delivered
171,173,2024-10-04,2024-10-09,standard,11878.86,delivered
172,174,2024-10-10,2024-10-12,standard,10821.7,delivered
173,175,2024-12-24,2024-12-31,standard,14734.89,delivered
174,176,2024-11-12,2024-11-17,standard,2610.64,delivered
175,177,2024-10-09,2024-10-13,standard,11832.95,delivered
176,178,2024-09-19,2024-09-22,express,16770.81,delivered
177,179,2024-12-15,2024-12-18,standard,12728.23,delivered
178,180,2024-10-26,2024-10-30,express,10469.53,delivered
179,181,2024-12-04,2024-12-06,express,10560.56,delivered
180,182,2024-08-20,2024-08-28,standard,12458.37,delivered
181,183,2024-09-14,2024-09-22,standard,9715.32,delivered
182,184,2024-07-31,2024-08-06,standard,6536.58,delivered
183,185,2024-12-08,2024-12-13,standard,5325.26,delivered
184,186,2024-08-30,2024-09-06,standard,3027.89,delivered
185,187,2024-12-21,2024-12-23,standard,6608.25,delivered
186,188,2024-10-10,2024-10-14,standard,6929.58,delivered
187,189,2024-12-27,2025-01-03,standard,14747.0,delivered
188,190,2024-12-21,2024-12-28,standard,6585.18,delivered
189,191,2024-05-27,2024-05-29,standard,5069.07,delivered
190,192,2024-10-21,2024-10-24,standard,12758.05,delivered
191,193,2024-11-03,2024-11-09,standard,2871.29,delivered
192,194,2024-12-03,2024-12-11,standard,3403.87,delivered
193,195,2024-11-11,2024-11-13,standard,6781.97,delivered
194,196,2024-12-19,2024-12-27,standard,11129.44,delivered
195,197,2024-10-25,2024-10-27,express,21751.34,delivered
196,198,2024-03-31,2024-04-05,standard,10974.76,delivered
197,199,2024-09-23,2024-09-26,standard,4473.73,delivered
198,200,2024-09-28,2024-10-04,standard,5270.84,delivered
199,201,2024-11-12,2024-11-20,standard,9336.55,delivered
200,202,2024-10-23,2024-10-30,standard,8323.15,delivered
201,203,2024-12-01,2024-12-05,standard,7205.61,delivered
202,204,2024-12-01,2024-12-03,express,24411.71,delivered
203,205,2024-12-27,2025-01-01,standard,12677.24,delivered
204,206,2024-07-31,2024-08-05,standard,5293.94,delivered
205,207,2024-07-24,2024-07-31,standard,11550.09,delivered
206,208,2024-10-15,2024-10-21,standard,4596.16,delivered
207,209,2024-12-02,2024-12-09,standard,3308.57,delivered
208,210,2024-06-07,2024-06-14,standard,9922.78,delivered
209,211,2024-08-11,2024-08-19,standard,8592.33,delivered
210,212,2024-11-03,2024-11-08,standard,7581.33,delivered
211,213,2024-12-29,2025-01-03,standard,6864.19,delivered
212,214,2024-10-17,2024-10-20,standard,9487.78,delivered
213,215,2024-11-19,2024-11-23,standard,6768.63,delivered
214,216,2024-07-26,2024-08-01,standard,8567.32,delivered
215,217,2024-11-16,2024-11-21,standard,13642.16,delivered
216,218,2024-06-02,2024-06-05,standard,6229.71,delivered
217,219,2024-12-22,2024-12-29,standard,6800.1,delivered
218,220,2024-08-19,2024-08-22,standard,8973.79,delivered
219,221,2024-11-11,2024-11-14,standard,14730.98,delivered
220,222,2024-11-19,2024-11-24,standard,10322.45,delivered
221,223,2024-10-22,2024-10-25,standard,12328.99,delivered
222,224,2024-11-24,2024-12-01,standard,13681.42,delivered
223,225,2024-11-04,2024-11-07,express,20248.72,delivered
224,226,2024-07-22,2024-07-23,express,10455.81,delivered
225,227,2024-11-16,2024-11-24,standard,5464.98,delivered
226,228,2024-10-03,2024-10-06,standard,14994.14,delivered
227,229,2024-11-20,2024-11-26,standard,12823.85,delivered
228,230,2024-08-16,2024-08-18,express,14905.5,delivered
229,231,2024-11-08,2024-11-16,standard,4460.12,delivered
230,232,2024-11-28,2024-12-04,standard,3960.64,delivered
231,233,2024-11-07,2024-11-13,standard,9486.94,delivered
232,234,2024-10-08,2024-10-12,standard,11034.49,delivered
233,235,2024-09-13,2024-09-19,standard,6385.0,delivered
234,236,2024-05-16,2024-05-18,standard,8801.96,delivered
235,237,2024-12-02,2024-12-06,standard,12648.83,delivered
236,238,2024-10-20,2024-10-21,express,7174.67,delivered
237,239,2024-09-26,2024-09-30,express,23905.52,delivered
238,240,2024-11-09,2024-11-16,standard,9858.72,delivered
239,241,2024-12-19,2024-12-24,standard,10391.61,delivered
240,242,2024-11-26,2024-12-02,standard,9135.49,delivered
241,243,2024-08-13,2024-08-21,standard,10251.63,delivered
242,244,2024-10-18,2024-10-23,standard,4410.37,delivered
243,245,2024-07-27,2024-07-30,standard,6123.04,delivered
244,246,2024-10-25,2024-10-27,standard,12937.44,delivered
245,247,2024-08-12,2024-08-14,standard,7368.71,delivered
246,248,2024-12-09,2024-12-12,express,10005.3,delivered
247,249,2024-10-06,2024-10-12,standard,6680.14,delivered
248,250,2024-11-06,2024-11-13,standard,2606.37,delivered
249,251,2024-12-07,2024-12-09,standard,8909.06,delivered
250,252,2024-12-01,2024-12-04,express,20427.17,delivered
251,253,2024-11-17,2024-11-21,standard,14912.56,delivered
252,254,2024-08-11,2024-08-19,standard,12726.23,delivered
253,255,2024-12-14,2024-12-16,standard,7266.56,delivered
254,256,2024-12-22,2024-12-27,standard,13003.57,delivered
255,257,2024-11-19,2024-11-22,express,17994.37,delivered
256,258,2024-07-06,2024-07-11,standard,11618.39,delivered
257,259,2024-07-26,2024-08-02,standard,10622.97,delivered
258,260,2024-12-20,2024-12-28,standard,4911.22,delivered
259,261,2024-12-09,2024-12-14,standard,14812.36,delivered
260,262,2024-11-20,2024-11-27,standard,14924.84,delivered
261,263,2024-09-02,2024-09-06,express,9741.51,delivered
262,264,2024-11-29,2024-12-04,standard,12820.28,delivered
263,265,2024-12-17,2024-12-23,standard,4120.61,delivered
264,266,2024-12-09,2024-12-13,standard,8969.82,delivered
265,267,2024-10-30,2024-11-06,standard,9969.63,delivered
266,268,2024-07-09,2024-07-11,standard,3023.65,delivered
267,269,2024-12-14,2024-12-16,express,10835.55,delivered
268,270,2024-07-11,2024-07-15,standard,3280.86,delivered
269,271,2024-11-10,2024-11-12,express,10934.88,delivered
270,272,2024-09-25,2024-09-26,express,19093.79,delivered
271,273,2024-11-06,2024-11-13,standard,3158.68,delivered
272,274,2024-12-26,2025-01-03,standard,14631.15,delivered
273,275,2024-03-07,2024-03-15,standard,10061.42,delivered
274,276,2024-09-14,2024-09-18,standard,11195.88,delivered
275,277,2024-07-13,2024-07-16,standard,4569.1,delivered
276,278,2024-12-31,2025-01-08,standard,14836.79,delivered
277,279,2024-05-13,2024-05-20,standard,6010.46,delivered
278,280,2024-12-20,2024-12-22,standard,3546.9,delivered
279,281,2024-10-28,2024-11-05,standard,12243.17,delivered
280,282,2024-12-21,2024-12-29,standard,4864.77,delivered
281,283,2024-11-06,2024-11-13,standard,7485.8,delivered
282,284,2024-04-10,2024-04-13,standard,11809.75,delivered
283,285,2024-09-15,2024-09-18,standard,11292.99,delivered
284,286,2024-11-26,2024-11-30,standard,7658.51,delivered
285,287,2024-06-26,2024-06-29,standard,6272.0,delivered
286,288,2024-07-18,2024-07-20,standard,5263.37,delivered
287,289,2024-11-22,2024-11-23,express,6612.9,delivered
288,290,2024-11-25,2024-11-26,express,7676.21,delivered
289,291,2024-12-04,2024-12-08,standard,4729.53,delivered
290,292,2024-05-29,2024-06-03,standard,9506.2,delivered
291,293,2024-07-06,2024-07-07,express,6286.98,delivered
292,294,2024-10-22,2024-10-26,standard,5121.08,delivered
293,295,2024-08-28,2024-09-02,standard,4073.66,delivered
294,296,2024-12-12,2024-12-15,standard,2942.78,delivered
295,297,2024-08-14,2024-08-22,standard,2869.77,delivered
296,298,2024-11-15,2024-11-17,standard,4218.73,delivered
297,299,2024-10-08,2024-10-10,standard,11439.04,delivered
298,300,2024-06-20,2024-06-24,express,14392.33,delivered
299,301,2024-11-19,2024-11-24,standard,3204.87,delivered
300,302,2024-12-19,2024-12-21,standard,8759.93,delivered
301,303,2024-09-16,2024-09-23,standard,14283.18,delivered
302,304,2024-10-26,2024-10-30,standard,5521.55,delivered
303,305,2024-08-22,2024-08-25,standard,11360.71,delivered
304,306,2024-09-30,2024-10-08,standard,6805.95,delivered
305,307,2024-11-11,2024-11-18,standard,10395.56,delivered
306,308,2024-07-31,2024-08-04,standard,6843.08,delivered
307,309,2024-08-13,2024-08-17,standard,12581.85,delivered
308,310,2024-11-28,2024-12-04,standard,2921.91,delivered
309,311,2024-10-26,2024-10-29,standard,10580.42,delivered
310,312,2024-10-01,2024-10-05,express,7163.72,delivered
311,313,2024-10-25,2024-11-01,standard,5271.93,delivered
312,314,2024-10-17,2024-10-22,standard,5052.3,delivered
313,315,2024-04-03,2024-04-05,standard,6811.33,delivered
314,316,2024-09-28,2024-10-05,standard,13766.51,delivered
315,317,2024-07-20,2024-07-23,standard,6487.88,delivered
316,318,2024-12-03,2024-12-11,standard,5032.18,delivered
317,319,2024-12-22,2024-12-24,standard,10882.02,delivered
318,320,2024-06-20,2024-06-23,standard,10614.85,delivered
319,321,2024-07-18,2024-07-22,standard,7698.21,delivered
320,322,2024-11-29,2024-12-05,standard,5856.66,delivered
321,323,2024-11-17,2024-11-21,express,8240.78,delivered
322,324,2024-12-10,2024-12-15,standard,5625.42,delivered
323,325,2024-11-14,2024-11-20,standard,3280.66,delivered
324,326,2024-11-25,2024-12-02,standard,14911.26,delivered
325,327,2024-11-14,2024-11-15,express,9393.3,delivered
326,328,2024-05-02,2024-05-09,standard,5139.16,delivered
327,329,2024-09-13,2024-09-16,standard,6337.28,delivered
328,330,2024-07-26,2024-07-28,standard,9351.8,delivered
329,331,2024-11-12,2024-11-20,standard,6567.61,delivered
330,332,2024-11-29,2024-12-06,standard,3513.51,delivered
331,333,2024-12-27,2024-12-31,express,10201.04,delivered
332,334,2024-05-14,2024-05-18,standard,7756.12,delivered
333,335,2024-10-22,2024-10-25,standard,6301.55,delivered
334,336,2024-08-22,2024-08-26,express,19295.49,delivered
335,337,2024-12-29,2025-01-06,standard,5864.25,delivered
336,338,2024-11-19,2024-11-27,standard,13821.36,delivered
337,339,2024-12-10,2024-12-12,standard,9944.81,delivered
338,340,2024-08-29,2024-08-31,standard,4587.7,delivered
339,341,2024-10-22,2024-10-24,standard,3180.61,delivered
340,342,2024-11-16,2024-11-17,express,17850.86,delivered
341,343,2024-07-07,2024-07-15,standard,12078.35,delivered
342,344,2024-12-12,2024-12-15,standard,6657.75,delivered
343,345,2024-12-18,2024-12-22,standard,5429.38,delivered
344,346,2024-11-06,2024-11-10,standard,9592.4,delivered
345,347,2024-11-17,2024-11-23,standard,6647.06,delivered
346,348,2024-09-08,2024-09-14,standard,11596.29,delivered
347,349,2024-11-11,2024-11-13,express,21260.94,delivered
348,350,2024-06-24,2024-06-29,standard,10387.02,delivered
349,351,2024-12-14,2024-12-18,standard,8804.2,delivered
350,352,2024-11-12,2024-11-17,standard,6067.84,delivered
351,353,2024-06-24,2024-07-02,standard,14150.9,delivered
352,354,2024-10-29,2024-11-01,standard,8167.62,delivered
353,355,2024-11-14,2024-11-21,standard,3133.2,delivered
354,356,2024-04-27,2024-05-01,express,12281.56,delivered
355,357,2024-10-06,2024-10-08,standard,13036.04,delivered
356,358,2024-08-03,2024-08-09,standard,11679.2,delivered
357,359,2024-12-07,2024-12-10,express,12433.5,delivered
358,360,2024-08-15,2024-08-20,standard,13902.58,delivered
359,361,2024-10-02,2024-10-04,standard,13190.64,delivered
360,362,2024-10-01,2024-10-04,standard,13216.37,delivered
361,363,2024-07-21,2024-07-26,standard,8352.08,delivered
362,364,2024-12-03,2024-12-04,express,13598.11,delivered
363,365,2024-12-11,2024-12-15,standard,11511.48,delivered
364,366,2024-04-18,2024-04-20,express,24686.57,delivered
365,367,2024-07-18,2024-07-22,standard,11863.27,delivered
366,368,2024-12-01,2024-12-02,express,22555.62,delivered
367,369,2024-09-10,2024-09-18,standard,8053.11,delivered
368,370,2024-12-11,2024-12-16,standard,14383.05,delivered
369,371,2024-08-18,2024-08-26,standard,3671.29,delivered
370,372,2024-11-22,2024-11-25,standard,4511.75,delivered
371,373,2024-07-26,2024-07-30,standard,14768.0,delivered
372,374,2024-04-25,2024-05-02,standard,14180.77,delivered
373,375,2024-12-26,2024-12-30,standard,12539.62,delivered
374,377,2024-09-04,2024-09-06,standard,3766.85,delivered
375,378,2024-12-19,2024-12-24,standard,2934.41,delivered
376,380,2024-10-08,2024-10-10,standard,7999.19,delivered
377,381,2024-08-06,2024-08-08,express,10006.83,delivered
378,382,2024-04-21,2024-04-27,standard,13381.52,delivered
379,383,2024-12-31,2025-01-03,standard,10733.49,delivered
380,384,2024-12-06,2024-12-08,standard,5819.05,delivered
381,385,2024-10-15,2024-10-19,express,24337.37,delivered
382,386,2024-12-18,2024-12-23,standard,9644.33,delivered
383,387,2024-07-11,2024-07-17,standard,11313.08,delivered
384,388,2024-06-01,2024-06-06,standard,6042.25,delivered
385,389,2024-07-05,2024-07-08,standard,9728.97,delivered
386,390,2024-12-09,2024-12-11,standard,2513.14,delivered
387,391,2024-12-06,2024-12-10,express,17044.63,delivered
388,392,2024-09-28,2024-10-02,standard,9474.68,delivered
389,393,2024-08-08,2024-08-15,standard,5494.97,delivered
390,394,2024-06-09,2024-06-15,standard,4473.42,delivered
391,395,2024-12-05,2024-12-07,standard,13166.82,delivered
392,396,2024-03-01,2024-03-09,standard,10747.8,delivered
393,397,2024-11-05,2024-11-11,standard,14294.27,delivered
394,398,2024-06-30,2024-07-06,standard,12140.33,delivered
395,399,2024-11-18,2024-11-22,express,22317.97,delivered
396,400,2024-12-23,2024-12-31,standard,5595.25,delivered
397,401,2024-10-26,2024-10-28,standard,9562.37,delivered
398,402,2024-08-11,2024-08-13,standard,5710.08,delivered
399,403,2024-12-03,2024-12-04,express,20180.05,delivered
400,404,2024-10-09,2024-10-13,standard,14132.87,delivered
401,405,2024-07-05,2024-07-11,standard,14024.53,delivered
402,406,2024-06-30,2024-07-02,standard,9220.34,delivered
403,407,2024-10-16,2024-10-22,standard,6230.03,delivered
404,408,2024-10-26,2024-11-02,standard,13456.04,delivered
405,409,2024-10-20,2024-10-22,standard,3878.41,delivered
406,410,2024-10-26,2024-10-30,standard,6359.03,delivered
407,411,2024-12-24,2024-12-27,standard,4165.24,delivered
408,412,2024-12-21,2024-12-26,standard,9305.29,delivered
409,413,2024-08-23,2024-08-27,standard,5254.48,delivered
410,414,2024-11-11,2024-11-15,standard,9096.29,delivered
411,415,2024-12-17,2024-12-22,standard,10802.22,delivered
412,416,2024-11-25,2024-12-01,standard,7284.87,delivered
413,417,2024-10-05,2024-10-09,standard,3439.89,delivered
414,418,2024-09-26,2024-09-30,standard,3161.78,delivered
415,419,2024-12-19,2024-12-21,express,15622.05,delivered
416,420,2024-10-21,2024-10-22,express,11323.03,delivered
417,421,2024-09-20,2024-09-27,standard,10414.08,delivered
418,422,2024-07-03,2024-07-09,standard,13336.5,delivered
419,423,2024-10-22,2024-10-25,standard,5576.48,delivered
420,424,2024-08-29,2024-09-02,express,15209.16,delivered
421,425,2024-07-11,2024-07-14,standard,9888.98,delivered
422,426,2024-12-25,2024-12-27,express,18540.66,delivered
423,427,2024-12-18,2024-12-24,standard,9755.46,delivered
424,428,2024-11-03,2024-11-05,express,20832.15,delivered
425,429,2024-12-21,2024-12-29,standard,6248.21,delivered
426,430,2024-09-13,2024-09-15,express,6892.78,delivered
427,431,2024-07-26,2024-08-02,standard,10887.32,delivered
428,432,2024-10-01,2024-10-09,standard,8865.41,delivered
429,433,2024-09-14,2024-09-20,standard,14807.39,delivered
430,434,2024-09-12,2024-09-20,standard,14560.47,delivered
431,435,2024-11-04,2024-11-05,express,22704.53,delivered
432,436,2024-12-01,2024-12-02,express,9062.59,delivered
433,437,2024-05-19,2024-05-26,standard,11877.22,delivered
434,438,2024-11-02,2024-11-08,standard,4114.22,delivered
435,439,2024-06-19,2024-06-26,standard,2539.88,delivered
436,440,2024-12-22,2024-12-24,express,6085.89,delivered
437,441,2024-11-05,2024-11-11,standard,5890.43,delivered
438,442,2024-05-12,2024-05-16,standard,5261.22,delivered
439,443,2024-11-21,2024-11-26,standard,9071.06,delivered
440,444,2024-07-27,2024-08-02,standard,14476.88,delivered
441,445,2024-12-06,2024-12-09,standard,5768.62,delivered
442,446,2024-11-11,2024-11-14,standard,5729.02,delivered
443,447,2024-12-19,2024-12-23,standard,13034.83,delivered
444,448,2024-10-30,2024-11-02,express,8858.62,delivered
445,449,2024-11-17,2024-11-20,express,15367.21,delivered
446,450,2024-10-06,2024-10-10,express,16740.25,delivered
447,451,2024-12-15,2024-12-18,standard,7419.32,delivered
448,452,2024-11-08,2024-11-10,express,9121.02,delivered
449,453,2024-05-11,2024-05-19,standard,7842.74,delivered
450,454,2024-12-21,2024-12-23,standard,8175.87,delivered
451,455,2024-10-07,2024-10-14,standard,12069.76,delivered
452,456,2024-11-22,2024-11-27,standard,12409.04,delivered
453,457,2024-08-26,2024-08-28,standard,13427.12,delivered
454,458,2024-04-11,2024-04-14,express,23649.15,delivered
455,459,2024-09-17,2024-09-25,standard,9938.14,delivered
456,460,2024-11-07,2024-11-15,standard,6669.53,delivered
457,461,2024-07-23,2024-07-26,express,11704.64,delivered
458,462,2024-09-27,2024-10-01,standard,5398.67,delivered
459,463,2024-06-27,2024-07-01,express,16490.94,delivered
460,464,2024-11-16,2024-11-18,standard,5523.55,delivered
461,465,2024-09-23,2024-09-25,express,7271.96,delivered
462,466,2024-12-28,2025-01-01,express,10066.88,delivered
463,467,2024-08-27,2024-09-01,standard,12385.97,delivered
464,468,2024-08-24,2024-08-31,standard,6992.15,delivered
465,469,2024-12-05,2024-12-07,standard,3001.8,delivered
466,470,2024-12-04,2024-12-05,express,15686.41,delivered
467,472,2024-11-15,2024-11-22,standard,10309.38,delivered
468,474,2024-11-11,2024-11-13,standard,8118.64,delivered
469,475,2024-06-13,2024-06-18,standard,3064.98,delivered
470,476,2024-12-23,2024-12-24,express,13983.74,delivered
471,477,2024-07-21,2024-07-29,standard,8480.96,delivered
472,479,2024-11-04,2024-11-07,express,10353.92,delivered
473,480,2024-12-29,2025-01-04,standard,4291.02,delivered
474,481,2024-09-11,2024-09-14,standard,9840.77,delivered
475,482,2024-04-16,2024-04-18,standard,3576.21,delivered
476,483,2024-11-10,2024-11-15,standard,12769.28,delivered
477,484,2024-09-07,2024-09-10,standard,13471.94,delivered
478,485,2024-05-22,2024-05-26,express,23596.31,delivered
479,486,2024-12-22,2024-12-26,express,15060.1,delivered
480,487,2024-08-24,2024-08-27,standard,5605.43,delivered
481,488,2024-07-17,2024-07-24,standard,4370.39,delivered
482,489,2024-12-20,2024-12-26,standard,14623.1,delivered
483,490,2024-12-06,2024-12-09,standard,6803.08,delivered
484,491,2024-04-22,2024-04-26,express,23465.12,delivered
485,492,2024-10-25,2024-10-28,express,8351.15,delivered
486,493,2024-04-25,2024-04-29,standard,6915.15,delivered
487,494,2024-06-28,2024-07-06,standard,5730.82,delivered
488,495,2024-09-04,2024-09-10,standard,14078.99,delivered
489,496,2024-12-27,2024-12-30,standard,5907.9,delivered
490,497,2024-08-21,2024-08-28,standard,11406.15,delivered
491,498,2024-12-14,2024-12-20,standard,4745.03,delivered
492,500,2024-07-15,2024-07-21,standard,7220.76,delivered
493,501,2024-12-30,2025-01-06,standard,9287.02,delivered
494,502,2024-05-26,2024-05-31,standard,7888.85,delivered
495,503,2024-10-28,2024-10-29,express,21415.12,delivered
496,504,2024-10-15,2024-10-19,standard,14509.29,delivered
497,505,2024-05-09,2024-05-15,standard,10640.74,delivered
498,506,2024-11-05,2024-11-08,standard,14182.39,delivered
499,507,2024-05-01,2024-05-07,standard,5360.19,delivered
500,508,2024-12-01,2024-12-06,standard,10816.22,delivered
501,509,2024-06-16,2024-06-20,standard,7824.96,delivered
502,510,2024-07-27,2024-07-28,express,16291.72,delivered
503,511,2024-01-31,2024-02-06,standard,5160.09,delivered
504,512,2024-08-21,2024-08-23,express,11067.37,delivered
505,513,2024-10-19,2024-10-27,standard,13108.79,delivered
506,514,2024-10-26,2024-10-29,standard,6211.55,delivered
507,515,2024-07-24,2024-08-01,standard,14310.1,delivered
508,516,2024-04-02,2024-04-04,standard,5613.31,delivered
509,517,2024-11-04,2024-11-11,standard,5100.91,delivered
510,518,2024-11-10,2024-11-15,standard,8100.85,delivered
511,519,2024-04-23,2024-05-01,standard,5243.34,delivered
512,520,2024-07-27,2024-08-03,standard,3064.1,delivered
513,521,2024-11-01,2024-11-08,standard,8931.95,delivered
514,522,2024-12-26,2024-12-29,standard,12093.21,delivered
515,523,2024-09-28,2024-10-01,standard,9818.67,delivered
516,524,2024-11-24,2024-11-30,standard,10600.92,delivered
517,525,2024-10-21,2024-10-23,standard,4519.66,delivered
518,526,2024-12-08,2024-12-10,standard,6220.3,delivered
519,527,2024-07-25,2024-07-29,standard,5518.95,delivered
520,528,2024-11-15,2024-11-19,standard,6188.74,delivered
521,529,2024-12-22,2024-12-24,standard,3903.93,delivered
522,530,2024-07-03,2024-07-06,standard,5160.62,delivered
523,531,2024-09-21,2024-09-28,standard,6294.75,delivered
524,532,2024-12-13,2024-12-15,standard,10342.91,delivered
525,533,2024-11-06,2024-11-13,standard,6184.92,delivered
526,534,2024-10-04,2024-10-07,express,11276.05,delivered
527,535,2024-12-17,2024-12-24,standard,5527.16,delivered
528,536,2024-11-21,2024-11-24,standard,6247.74,delivered
529,538,2024-12-05,2024-12-11,standard,3880.49,delivered
530,539,2024-10-01,2024-10-06,standard,9045.27,delivered
531,540,2024-10-07,2024-10-09,standard,11854.44,delivered
532,541,2024-12-09,2024-12-11,standard,11417.34,delivered
533,542,2024-11-22,2024-11-29,standard,5204.96,delivered
534,543,2024-09-23,2024-09-24,express,6068.88,delivered
535,544,2024-09-27,2024-10-03,standard,14789.58,delivered
536,545,2024-10-01,2024-10-05,standard,10197.04,delivered
537,546,2024-11-13,2024-11-16,standard,7874.62,delivered
538,547,2024-09-18,2024-09-22,standard,2840.13,delivered
539,548,2024-07-04,2024-07-08,standard,5306.42,delivered
540,549,2024-04-20,2024-04-27,standard,7508.93,delivered
541,550,2024-09-03,2024-09-07,standard,3719.93,delivered
542,551,2024-09-25,2024-09-26,express,12322.43,delivered
543,552,2024-05-26,2024-05-30,express,9525.52,delivered
544,553,2024-02-26,2024-03-03,standard,5123.17,delivered
545,554,2024-07-25,2024-07-26,express,22597.02,delivered
546,555,2024-11-18,2024-11-20,express,10124.8,delivered
547,556,2024-12-26,2024-12-28,standard,9340.21,delivered
548,557,2024-10-29,2024-11-02,standard,10894.54,delivered
549,558,2024-11-19,2024-11-25,standard,5913.91,delivered
550,559,2024-11-08,2024-11-16,standard,8559.71,delivered
551,560,2024-10-30,2024-10-31,express,16371.57,delivered
552,561,2024-12-21,2024-12-29,standard,13384.92,delivered
553,562,2024-12-05,2024-12-09,express,7201.69,delivered
554,563,2024-11-03,2024-11-07,standard,12707.43,delivered
555,564,2024-11-28,2024-11-30,standard,13651.93,delivered
556,565,2024-10-09,2024-10-15,standard,4351.03,delivered
557,566,2024-11-29,2024-12-03,express,9210.15,delivered
558,567,2024-05-04,2024-05-11,standard,12850.98,delivered
559,568,2024-09-28,2024-10-04,standard,9695.26,delivered
560,569,2024-12-17,2024-12-24,standard,5114.92,delivered
561,570,2024-12-22,2024-12-28,standard,12865.22,delivered
562,571,2024-11-06,2024-11-11,standard,4507.91,delivered
563,573,2024-10-10,2024-10-16,standard,5841.39,delivered
564,574,2024-09-29,2024-10-03,express,22139.87,delivered
565,575,2024-10-21,2024-10-29,standard,3543.03,delivered
566,576,2024-09-21,2024-09-25,standard,8488.9,delivered
567,577,2024-12-02,2024-12-05,express,16927.65,delivered
568,579,2024-08-22,2024-08-29,standard,8848.04,delivered
569,580,2024-09-21,2024-09-24,standard,10318.89,delivered
570,581,2024-11-11,2024-11-13,standard,4363.9,delivered
571,582,2024-07-21,2024-07-26,standard,5119.65,delivered
572,583,2024-10-04,2024-10-12,standard,7437.29,delivered
573,584,2024-12-11,2024-12-15,standard,10568.78,delivered
574,585,2024-10-17,2024-10-25,standard,12535.95,delivered
575,586,2024-10-23,2024-10-26,standard,5221.41,delivered
576,587,2024-08-30,2024-09-05,standard,4475.93,delivered
577,588,2024-05-29,2024-05-31,standard,5555.04,delivered
578,589,2024-12-12,2024-12-14,standard,6357.89,delivered
579,590,2024-10-27,2024-10-31,express,10287.85,delivered
580,591,2024-04-23,2024-04-25,standard,4592.75,delivered
581,592,2024-10-13,2024-10-15,standard,4892.1,delivered
582,593,2024-05-02,2024-05-06,standard,5133.68,delivered
583,594,2024-09-25,2024-09-28,standard,5669.74,delivered
584,595,2024-11-29,2024-12-07,standard,2799.54,delivered
585,596,2024-09-22,2024-09-29,standard,9334.72,delivered
586,597,2024-11-17,2024-11-21,standard,4077.34,delivered
587,598,2024-10-27,2024-11-01,standard,12227.38,delivered
588,599,2024-11-09,2024-11-12,standard,5477.58,delivered
589,601,2024-11-14,2024-11-19,standard,5949.32,delivered
590,602,2024-11-03,2024-11-06,standard,12585.02,delivered
591,603,2024-10-20,2024-10-28,standard,11624.84,delivered
592,604,2024-09-02,2024-09-10,standard,11054.12,delivered
593,605,2024-12-19,2024-12-21,express,21374.01,delivered
594,606,2024-10-27,2024-10-31,standard,6853.73,delivered
595,607,2024-12-02,2024-12-06,express,21186.3,delivered
596,608,2024-08-16,2024-08-19,standard,9507.76,delivered
597,609,2024-12-14,2024-12-22,standard,5365.43,delivered
598,610,2024-10-10,2024-10-15,standard,4584.02,delivered
599,611,2024-11-28,2024-12-01,express,21651.86,delivered
600,612,2024-09-16,2024-09-20,express,10641.98,delivered
601,613,2024-05-15,2024-05-23,standard,3688.02,delivered
602,614,2024-12-06,2024-12-10,express,22871.81,delivered
603,615,2024-11-15,2024-11-23,standard,6554.32,delivered
604,616,2024-09-09,2024-09-10,express,9460.21,delivered
605,617,2024-07-23,2024-07-24,express,21222.76,delivered
606,618,2024-12-10,2024-12-13,express,6242.1,delivered
607,619,2024-12-18,2024-12-24,standard,12837.38,delivered
608,620,2024-04-23,2024-04-30,standard,5143.81,delivered
609,621,2024-10-07,2024-10-15,standard,6267.04,delivered
610,622,2024-10-30,2024-11-05,standard,10869.37,delivered
611,623,2024-04-28,2024-05-01,standard,12073.97,delivered
612,624,2024-05-16,2024-05-20,standard,14291.4,delivered
613,625,2024-09-08,2024-09-14,standard,14811.18,delivered
614,626,2024-12-23,2024-12-30,standard,5533.48,delivered
615,627,2024-09-16,2024-09-24,standard,14250.47,delivered
616,628,2024-12-01,2024-12-03,standard,5698.01,delivered
617,629,2024-11-28,2024-12-01,express,13062.5,delivered
618,630,2024-05-20,2024-05-27,standard,5606.05,delivered
619,632,2024-11-10,2024-11-17,standard,14102.13,delivered
620,633,2024-12-18,2024-12-19,express,22506.88,delivered
621,634,2024-11-07,2024-11-11,standard,5519.89,delivered
622,635,2024-12-21,2024-12-26,standard,13809.73,delivered
623,636,2024-12-18,2024-12-22,standard,6487.42,delivered
624,637,2024-11-20,2024-11-22,standard,14972.38,delivered
625,638,2024-06-27,2024-06-29,standard,9650.1,delivered
626,639,2024-11-15,2024-11-21,standard,6889.04,delivered
627,640,2024-06-01,2024-06-03,express,8313.59,delivered
628,641,2024-10-12,2024-10-15,standard,7685.62,delivered
629,642,2024-07-04,2024-07-10,standard,12592.93,delivered
630,643,2024-09-18,2024-09-22,standard,3968.14,delivered
631,644,2024-11-29,2024-12-04,standard,8553.2,delivered
632,645,2024-11-19,2024-11-24,standard,3161.15,delivered
633,646,2024-07-04,2024-07-11,standard,9845.38,delivered
634,647,2024-10-30,2024-11-03,express,18710.49,delivered
635,648,2024-11-06,2024-11-11,standard,9878.34,delivered
636,649,2024-12-08,2024-12-16,standard,5569.79,delivered
637,650,2024-11-08,2024-11-11,standard,11672.12,delivered
638,651,2024-08-29,2024-09-06,standard,6280.49,delivered
639,652,2024-04-23,2024-04-29,standard,4702.27,delivered
640,653,2024-07-30,2024-08-04,standard,4126.32,delivered
641,654,2024-11-24,2024-11-28,standard,5931.01,delivered
642,655,2024-11-27,2024-11-29,express,18515.91,delivered
643,656,2024-06-17,2024-06-22,standard,10526.62,delivered
644,657,2024-08-11,2024-08-16,standard,6653.02,delivered
645,658,2024-11-25,2024-12-02,standard,5217.33,delivered
646,659,2024-11-06,2024-11-13,standard,7527.98,delivered
647,660,2024-10-14,2024-10-22,standard,5079.5,delivered
648,661,2024-10-13,2024-10-20,standard,10200.74,delivered
649,662,2024-10-20,2024-10-28,standard,11002.81,delivered
650,663,2024-07-31,2024-08-02,standard,10543.37,delivered
651,664,2024-11-03,2024-11-09,standard,14446.66,delivered
652,665,2024-11-19,2024-11-27,standard,5064.35,delivered
653,666,2024-09-02,2024-09-05,standard,4808.15,delivered
654,667,2024-11-21,2024-11-28,standard,4640.6,delivered
655,668,2024-07-23,2024-07-27,standard,5268.08,delivered
656,669,2024-12-29,2025-01-03,standard,3753.12,delivered
657,670,2024-11-03,2024-11-06,express,10522.4,delivered
658,671,2024-11-16,2024-11-23,standard,14149.66,delivered
659,672,2024-09-22,2024-09-25,standard,8920.94,delivered
660,673,2024-07-08,2024-07-11,standard,5548.27,delivered
661,674,2024-10-26,2024-11-02,standard,5191.55,delivered
662,675,2024-11-07,2024-11-11,standard,4052.88,delivered
663,676,2024-11-26,2024-12-04,standard,7654.96,delivered
664,677,2024-10-05,2024-10-12,standard,14471.61,delivered
665,678,2024-12-16,2024-12-21,standard,6835.12,delivered
666,679,2024-11-06,2024-11-11,standard,14901.09,delivered
667,680,2024-11-03,2024-11-08,standard,7610.49,delivered
668,681,2024-12-21,2024-12-25,express,15587.63,delivered
669,682,2024-12-11,2024-12-16,standard,3728.27,delivered
670,683,2024-10-05,2024-10-07,express,10075.4,delivered
671,684,2024-11-24,2024-11-27,standard,6771.93,delivered
672,685,2024-09-03,2024-09-06,express,16935.87,delivered
673,686,2024-11-17,2024-11-25,standard,4105.46,delivered
674,687,2024-11-06,2024-11-08,standard,4480.26,delivered
675,688,2024-12-28,2024-12-30,standard,6201.23,delivered
676,689,2024-12-03,2024-12-11,standard,14499.0,delivered
677,690,2024-11-04,2024-11-06,standard,8901.2,delivered
678,691,2024-11-10,2024-11-15,standard,10814.17,delivered
679,692,2024-09-25,2024-09-29,standard,9108.57,delivered
680,693,2024-03-15,2024-03-21,standard,12799.88,delivered
681,694,2024-11-11,2024-11-17,standard,10850.78,delivered
682,695,2024-12-03,2024-12-08,standard,11169.44,delivered
683,696,2024-11-11,2024-11-14,express,10488.96,delivered
684,697,2024-09-19,2024-09-21,standard,5317.78,delivered
685,698,2024-10-01,2024-10-06,standard,2622.63,delivered
686,699,2024-10-17,2024-10-18,express,12068.28,delivered
687,700,2024-09-18,2024-09-25,standard,6531.48,delivered
688,701,2024-06-23,2024-06-26,standard,3202.16,delivered
689,702,2024-04-26,2024-04-28,express,7096.03,delivered
690,703,2024-11-21,2024-11-23,standard,7757.57,delivered
691,705,2024-07-05,2024-07-08,standard,6716.99,delivered
692,706,2024-06-22,2024-06-25,standard,8321.1,delivered
693,707,2024-08-26,2024-09-03,standard,4805.35,delivered
694,708,2024-11-04,2024-11-08,standard,3541.66,delivered
695,709,2024-11-26,2024-12-02,standard,4471.8,delivered
696,710,2024-03-26,2024-04-01,standard,4892.47,delivered
697,711,2024-06-28,2024-07-03,standard,10563.28,delivered
698,712,2024-08-29,2024-09-03,standard,10182.76,delivered
699,713,2024-09-04,2024-09-08,standard,3680.54,delivered
700,714,2024-08-03,2024-08-07,standard,8796.17,delivered
701,715,2024-06-21,2024-06-24,standard,5430.52,delivered
702,716,2024-10-08,2024-10-14,standard,5461.25,delivered
703,717,2024-11-29,2024-12-04,standard,12681.28,delivered
704,718,2024-11-02,2024-11-04,standard,8084.68,delivered
705,719,2024-05-19,2024-05-22,standard,5063.79,delivered
706,720,2024-11-24,2024-11-28,standard,4056.13,delivered
707,721,2024-12-06,2024-12-08,express,10699.79,delivered
708,722,2024-11-17,2024-11-22,standard,11595.06,delivered
709,723,2024-11-21,2024-11-23,express,9736.52,delivered
710,724,2024-11-26,2024-11-28,standard,6602.26,delivered
711,725,2024-12-09,2024-12-12,standard,5841.28,delivered
712,726,2024-12-21,2024-12-25,standard,11024.49,delivered
713,727,2024-12-18,2024-12-25,standard,14746.91,delivered
714,728,2024-12-07,2024-12-08,express,16294.41,delivered
715,729,2024-11-12,2024-11-16,standard,5286.52,delivered
716,731,2024-09-01,2024-09-06,standard,4289.58,delivered
717,732,2024-09-12,2024-09-20,standard,3721.71,delivered
718,733,2024-12-19,2024-12-24,standard,4417.55,delivered
719,734,2024-07-28,2024-08-02,standard,6177.87,delivered
720,735,2024-09-14,2024-09-22,standard,6418.1,delivered
721,736,2024-04-26,2024-05-01,standard,9925.35,delivered
722,737,2024-12-18,2024-12-23,standard,6613.67,delivered
723,738,2024-11-15,2024-11-21,standard,6492.49,delivered
724,739,2024-10-23,2024-10-26,standard,5566.8,delivered
725,740,2024-11-25,2024-11-29,standard,11415.04,delivered
726,741,2024-09-11,2024-09-12,express,13449.91,delivered
727,742,2024-09-19,2024-09-24,standard,11730.92,delivered
728,743,2024-12-28,2025-01-01,standard,4122.14,delivered
729,744,2024-12-16,2024-12-18,standard,3202.91,delivered
730,745,2024-09-26,2024-09-30,standard,5100.13,delivered
731,746,2024-03-17,2024-03-21,standard,4350.36,delivered
732,747,2024-12-02,2024-12-09,standard,5235.32,delivered
733,748,2024-07-07,2024-07-12,standard,11031.92,delivered
734,749,2024-09-04,2024-09-09,standard,6950.09,delivered
735,750,2024-10-08,2024-10-13,standard,2962.79,delivered
736,751,2024-10-27,2024-10-31,standard,8243.29,delivered
737,752,2024-07-29,2024-08-01,standard,5089.12,delivered
738,753,2024-12-20,2024-12-23,standard,11923.54,delivered
739,754,2024-12-21,2024-12-29,standard,5599.43,delivered
740,755,2024-12-28,2024-12-31,express,21012.27,delivered
741,756,2024-09-12,2024-09-13,express,16980.05,delivered
742,757,2024-04-24,2024-05-02,standard,11313.75,delivered
743,758,2024-11-06,2024-11-09,standard,11638.24,delivered
744,759,2024-12-09,2024-12-13,express,9383.52,delivered
745,760,2024-04-12,2024-04-19,standard,13002.06,delivered
746,761,2024-10-06,2024-10-10,express,10361.03,delivered
747,762,2024-11-22,2024-11-24,standard,6268.89,delivered
748,763,2024-12-11,2024-12-15,standard,5816.67,delivered
749,764,2024-11-22,2024-11-30,standard,2691.11,delivered
750,765,2024-10-12,2024-10-15,express,6757.63,delivered
751,766,2024-07-06,2024-07-09,standard,3932.18,delivered
752,767,2024-09-18,2024-09-26,standard,6510.4,delivered
753,768,2024-11-15,2024-11-22,standard,5920.99,delivered
754,769,2024-12-30,2024-12-31,express,9318.67,delivered
755,770,2024-08-05,2024-08-10,standard,3515.77,delivered
756,771,2024-04-28,2024-05-02,standard,13297.23,delivered
757,772,2024-11-10,2024-11-14,standard,6510.93,delivered
758,773,2024-12-29,2024-12-31,standard,9890.36,delivered
759,774,2024-08-04,2024-08-08,standard,5823.28,delivered
760,775,2024-04-29,2024-05-01,standard,6118.43,delivered
761,776,2024-12-18,2024-12-24,standard,11737.02,delivered
762,777,2024-07-19,2024-07-26,standard,3546.44,delivered
763,778,2024-11-01,2024-11-04,standard,7980.76,delivered
764,779,2024-12-28,2025-01-05,standard,14754.73,delivered
765,780,2024-08-10,2024-08-14,standard,14325.45,delivered
766,781,2024-06-10,2024-06-17,standard,11529.5,delivered
767,782,2024-10-02,2024-10-09,standard,13936.35,delivered
768,783,2024-09-08,2024-09-10,express,21556.71,delivered
769,784,2024-07-14,2024-07-16,standard,14751.8,delivered
770,785,2024-10-30,2024-11-02,express,11583.85,delivered
771,786,2024-08-21,2024-08-29,standard,6055.07,delivered
772,787,2024-10-12,2024-10-19,standard,9667.28,delivered
773,788,2024-10-10,2024-10-12,standard,6063.37,delivered
774,789,2024-12-30,2025-01-03,express,24787.08,delivered
775,790,2024-05-19,2024-05-24,standard,8969.48,delivered
776,791,2024-11-06,2024-11-09,standard,6976.39,delivered
777,792,2024-08-28,2024-09-04,standard,13681.69,delivered
778,793,2024-11-19,2024-11-21,standard,11199.69,delivered
779,794,2024-10-05,2024-10-07,standard,2943.67,delivered
780,795,2024-10-02,2024-10-06,standard,11783.92,delivered
781,796,2024-11-26,2024-11-30,standard,6514.46,delivered
782,797,2024-12-24,2024-12-31,standard,12551.34,delivered
783,798,2024-12-24,2024-12-27,standard,11300.93,delivered
784,799,2024-09-30,2024-10-06,standard,3059.56,delivered
785,800,2024-10-05,2024-10-10,standard,2681.28,delivered
786,801,2024-11-07,2024-11-14,standard,11722.51,delivered
787,802,2024-10-05,2024-10-08,express,24737.82,delivered
788,803,2024-10-30,2024-11-05,standard,9398.56,delivered
789,804,2024-11-26,2024-12-04,standard,14024.03,delivered
790,805,2024-11-05,2024-11-13,standard,13204.88,delivered
791,806,2024-12-25,2025-01-01,standard,3481.78,delivered
792,807,2024-09-26,2024-10-04,standard,3613.3,delivered
793,808,2024-11-30,2024-12-08,standard,4652.51,delivered
794,809,2024-09-20,2024-09-22,express,14250.46,delivered
795,810,2024-09-19,2024-09-25,standard,2555.53,delivered
796,811,2024-11-18,2024-11-25,standard,8851.03,delivered
797,812,2024-05-18,2024-05-21,express,7164.98,delivered
798,814,2024-10-09,2024-10-11,standard,10578.74,delivered
799,815,2024-09-19,2024-09-22,standard,3333.75,delivered
800,816,2024-07-25,2024-08-01,standard,9542.78,delivered
801,817,2024-09-30,2024-10-02,express,21351.37,delivered
802,818,2024-09-29,2024-10-07,standard,5779.54,delivered
803,819,2024-09-14,2024-09-17,standard,11723.9,delivered
804,820,2024-06-28,2024-07-06,standard,9136.79,delivered
805,821,2024-09-12,2024-09-15,standard,2686.43,delivered
806,822,2024-09-17,2024-09-19,express,8942.45,delivered
807,823,2024-02-24,2024-02-27,standard,10876.97,delivered
808,824,2024-11-06,2024-11-09,standard,11277.45,delivered
809,825,2024-05-09,2024-05-16,standard,14616.16,delivered
810,826,2024-11-23,2024-12-01,standard,5255.24,delivered
811,827,2024-10-27,2024-10-31,express,20973.43,delivered
812,828,2024-12-12,2024-12-14,standard,14571.97,delivered
813,829,2024-10-07,2024-10-13,standard,5283.75,delivered
814,830,2024-12-23,2024-12-28,standard,14940.82,delivered
815,831,2024-12-15,2024-12-21,standard,14915.33,delivered
816,832,2024-12-15,2024-12-19,standard,9183.9,delivered
817,833,2024-12-30,2025-01-05,standard,9717.4,delivered
818,834,2024-12-03,2024-12-11,standard,5251.99,delivered
819,835,2024-10-03,2024-10-07,standard,11949.53,delivered
820,836,2024-09-25,2024-10-01,standard,9881.78,delivered
821,837,2024-12-24,2024-12-29,standard,10137.08,delivered
822,839,2024-10-07,2024-10-11,standard,10848.28,delivered
823,840,2024-12-13,2024-12-17,standard,5315.57,delivered
824,841,2024-12-01,2024-12-03,standard,6962.94,delivered
825,842,2024-10-14,2024-10-17,standard,11269.68,delivered
826,843,2024-05-31,2024-06-02,standard,3973.39,delivered
827,844,2024-04-28,2024-05-01,standard,9359.95,delivered
828,845,2024-12-02,2024-12-06,standard,5877.88,delivered
829,846,2024-05-10,2024-05-15,standard,8603.75,delivered
830,847,2024-08-07,2024-08-08,express,14403.02,delivered
831,848,2024-12-22,2024-12-30,standard,11625.68,delivered
832,849,2024-07-20,2024-07-22,express,10415.51,delivered
833,850,2024-08-14,2024-08-21,standard,5571.17,delivered
834,853,2024-02-17,2024-02-19,standard,12600.06,delivered
835,854,2024-11-09,2024-11-17,standard,5837.25,delivered
836,855,2024-11-01,2024-11-02,express,12278.29,delivered
837,856,2024-09-20,2024-09-26,standard,9281.84,delivered
838,857,2024-09-26,2024-09-29,standard,7065.81,delivered
839,858,2024-10-17,2024-10-21,standard,10234.07,delivered
840,859,2024-11-29,2024-11-30,express,7942.38,delivered
841,860,2024-12-22,2024-12-30,standard,2615.06,delivered
842,861,2024-08-02,2024-08-05,standard,3926.24,delivered
843,862,2024-12-04,2024-12-12,standard,6357.54,delivered
844,863,2024-06-24,2024-07-01,standard,5571.43,delivered
845,864,2024-11-27,2024-12-05,standard,6199.53,delivered
846,865,2024-08-28,2024-08-31,express,24285.8,delivered
847,866,2024-09-21,2024-09-25,standard,14457.5,delivered
848,867,2024-11-29,2024-12-05,standard,12419.78,delivered
849,868,2024-12-28,2024-12-29,express,6321.81,delivered
850,869,2025-01-01,2025-01-04,express,7009.67,delivered
851,870,2024-10-06,2024-10-12,standard,4800.01,delivered
852,871,2024-12-04,2024-12-07,express,20640.83,delivered
853,872,2024-12-30,2025-01-05,standard,8629.83,delivered
854,873,2024-10-13,2024-10-20,standard,6488.71,delivered
855,874,2024-07-16,2024-07-24,standard,7705.59,delivered
856,875,2024-09-06,2024-09-12,standard,6392.54,delivered
857,876,2024-05-06,2024-05-09,express,15357.89,delivered
858,877,2024-12-06,2024-12-14,standard,10055.21,delivered
859,878,2024-11-07,2024-11-09,express,11100.46,delivered
860,879,2024-12-06,2024-12-12,standard,6032.79,delivered
861,880,2024-07-18,2024-07-22,standard,9580.29,delivered
862,881,2024-05-09,2024-05-16,standard,10960.5,delivered
863,882,2024-11-21,2024-11-24,express,6328.4,delivered
864,883,2024-12-15,2024-12-19,standard,14150.02,delivered
865,884,2024-11-08,2024-11-12,standard,2804.22,delivered
866,885,2024-08-15,2024-08-20,standard,4805.77,delivered
867,886,2024-09-27,2024-09-30,standard,6106.04,delivered
868,887,2024-04-20,2024-04-23,standard,6898.75,delivered
869,888,2024-11-01,2024-11-02,express,16662.75,delivered
870,889,2024-07-29,2024-07-31,express,6059.46,delivered
871,890,2024-10-19,2024-10-21,express,11921.38,delivered
872,891,2024-06-01,2024-06-03,standard,6358.89,delivered
873,892,2024-12-13,2024-12-21,standard,9034.81,delivered
874,893,2024-10-30,2024-11-03,standard,5005.98,delivered
875,894,2024-10-15,2024-10-23,standard,6871.24,delivered
876,895,2024-11-16,2024-11-22,standard,13759.05,delivered
877,896,2024-10-21,2024-10-23,standard,6790.31,delivered
878,897,2024-11-14,2024-11-22,standard,6642.87,delivered
879,898,2024-09-19,2024-09-21,standard,2817.41,delivered
880,899,2024-09-01,2024-09-03,express,6467.14,delivered
881,900,2024-12-09,2024-12-12,express,11123.66,delivered
882,901,2024-11-19,2024-11-23,standard,5143.81,delivered
883,902,2024-12-05,2024-12-13,standard,6452.87,delivered
884,903,2024-07-26,2024-07-30,standard,5654.21,delivered
885,904,2024-12-08,2024-12-12,express,16168.06,delivered
886,905,2024-10-27,2024-10-30,standard,3492.29,delivered
887,906,2024-12-05,2024-12-10,standard,14696.16,delivered
888,907,2024-12-22,2024-12-23,express,10235.74,delivered
889,908,2024-10-14,2024-10-22,standard,9777.42,delivered
890,909,2024-10-01,2024-10-04,standard,9502.82,delivered
891,910,2024-12-12,2024-12-14,express,23861.09,delivered
892,911,2024-11-26,2024-12-04,standard,5286.26,delivered
893,912,2024-12-20,2024-12-22,standard,4416.99,delivered
894,913,2024-12-05,2024-12-07,standard,4867.37,delivered
895,914,2024-07-06,2024-07-09,standard,4626.32,delivered
896,915,2024-11-04,2024-11-12,standard,9123.66,delivered
897,916,2024-11-04,2024-11-05,express,15405.91,delivered
898,917,2024-11-02,2024-11-04,standard,5897.6,delivered
899,919,2024-06-12,2024-06-14,standard,6616.95,delivered
900,920,2024-11-28,2024-12-01,standard,6480.15,delivered
901,921,2024-10-09,2024-10-14,standard,14164.89,delivered
902,922,2024-11-02,2024-11-07,standard,14520.62,delivered
903,923,2024-08-15,2024-08-16,express,7542.38,delivered
904,924,2024-05-20,2024-05-23,standard,9237.7,delivered
905,925,2024-08-04,2024-08-08,standard,8516.5,delivered
906,926,2024-10-26,2024-11-03,standard,5763.0,delivered
907,927,2024-08-25,2024-08-26,express,9608.3,delivered
908,928,2024-11-02,2024-11-09,standard,9459.56,delivered
909,929,2024-10-18,2024-10-24,standard,9642.04,delivered
910,930,2024-11-20,2024-11-24,standard,6128.43,delivered
911,931,2024-08-22,2024-08-30,standard,6061.26,delivered
912,932,2024-12-12,2024-12-19,standard,7996.69,delivered
913,933,2024-10-19,2024-10-22,standard,5500.29,delivered
914,934,2024-11-30,2024-12-02,standard,8579.61,delivered
915,935,2024-09-07,2024-09-12,standard,13569.64,delivered
916,936,2024-11-26,2024-12-01,standard,4382.31,delivered
917,937,2024-07-25,2024-07-30,standard,6193.81,delivered
918,938,2024-10-29,2024-11-06,standard,10554.97,delivered
919,939,2024-10-05,2024-10-09,express,15341.4,delivered
920,940,2024-06-05,2024-06-08,express,10734.14,delivered
921,941,2024-10-10,2024-10-16,standard,12480.16,delivered
922,942,2024-12-14,2024-12-17,express,7837.61,delivered
923,943,2024-12-17,2024-12-24,standard,10322.23,delivered
924,944,2024-10-05,2024-10-09,standard,4670.23,delivered
925,945,2024-12-18,2024-12-25,standard,13983.55,delivered
926,946,2024-04-16,2024-04-19,standard,6837.85,delivered
927,947,2024-10-12,2024-10-14,standard,9078.9,delivered
928,948,2024-08-08,2024-08-13,standard,7574.79,delivered
929,949,2024-11-07,2024-11-14,standard,5874.79,delivered
930,950,2024-11-20,2024-11-28,standard,4760.67,delivered
931,951,2024-11-08,2024-11-15,standard,8363.23,delivered
932,953,2024-12-14,2024-12-20,standard,10180.1,delivered
933,954,2024-11-11,2024-11-14,standard,5748.96,delivered
934,955,2024-11-15,2024-11-18,standard,10049.11,delivered
935,956,2024-10-21,2024-10-29,standard,2664.07,delivered
936,957,2024-12-19,2024-12-27,standard,9379.0,delivered
937,958,2024-10-23,2024-10-28,standard,4520.85,delivered
938,959,2024-10-04,2024-10-10,standard,13848.08,delivered
939,960,2024-09-19,2024-09-21,express,18469.6,delivered
940,961,2024-10-14,2024-10-18,standard,11851.75,delivered
941,962,2024-08-24,2024-08-26,standard,5956.41,delivered
942,963,2024-12-23,2024-12-29,standard,6645.99,delivered
943,964,2024-11-27,2024-12-01,standard,6023.67,delivered
944,965,2024-11-29,2024-12-05,standard,6373.01,delivered
945,967,2024-10-27,2024-11-03,standard,12663.47,delivered
946,968,2024-11-03,2024-11-08,standard,11235.05,delivered
947,969,2024-12-09,2024-12-17,standard,12604.0,delivered
948,970,2024-12-05,2024-12-12,standard,4633.71,delivered
949,971,2024-12-15,2024-12-21,standard,9685.57,delivered
950,972,2024-08-24,2024-08-28,standard,7035.35,delivered
951,973,2024-12-14,2024-12-17,standard,2654.94,delivered
952,974,2024-09-01,2024-09-02,express,18075.45,delivered
953,975,2024-11-30,2024-12-02,express,11612.37,delivered
954,976,2024-11-19,2024-11-23,standard,6721.82,delivered
955,977,2024-07-29,2024-08-04,standard,14294.03,delivered
956,978,2024-10-22,2024-10-28,standard,8872.23,delivered
957,979,2024-04-17,2024-04-21,express,20765.14,delivered
958,980,2024-12-01,2024-12-02,express,11217.2,delivered
959,981,2024-10-25,2024-10-28,standard,12561.92,delivered
960,982,2024-11-20,2024-11-25,standard,7283.31,delivered
961,983,2024-12-22,2024-12-25,standard,6182.38,delivered
962,984,2024-05-06,2024-05-14,standard,2574.97,delivered
963,985,2024-10-18,2024-10-20,standard,10852.97,delivered
964,986,2024-09-28,2024-10-06,standard,10079.49,delivered
965,987,2024-11-19,2024-11-21,standard,5727.68,delivered
966,988,2024-02-27,2024-03-02,express,17126.63,delivered
967,989,2024-12-29,2025-01-01,standard,13629.6,delivered
968,990,2024-06-05,2024-06-10,standard,13777.49,delivered
969,991,2024-09-18,2024-09-26,standard,14718.45,delivered
970,992,2024-12-21,2024-12-25,standard,8049.03,delivered
971,993,2024-12-26,2024-12-30,standard,9716.26,delivered
972,994,2024-10-11,2024-10-14,standard,8430.27,delivered
973,995,2024-07-31,2024-08-03,standard,4571.6,delivered
974,996,2024-09-13,2024-09-15,standard,5742.06,delivered
975,997,2024-05-01,2024-05-03,standard,12744.86,delivered
976,998,2024-06-29,2024-07-03,standard,5271.07,delivered
977,1000,2024-10-19,2024-10-24,standard,4646.43,delivered
978,1001,2024-11-22,2024-11-25,express,19226.05,delivered
979,1002,2024-10-22,2024-10-29,standard,3754.12,delivered
980,1003,2024-09-28,2024-09-30,standard,3755.54,delivered
981,1004,2024-10-28,2024-11-01,standard,5825.72,delivered
982,1005,2024-11-21,2024-11-26,standard,8164.57,delivered
983,1006,2024-12-12,2024-12-14,express,15023.17,delivered
984,1007,2024-09-19,2024-09-23,standard,14483.7,delivered
985,1008,2024-09-05,2024-09-06,express,10212.95,delivered
986,1009,2024-06-29,2024-07-05,standard,14954.22,delivered
987,1010,2024-10-11,2024-10-17,standard,5557.07,delivered
988,1011,2024-10-04,2024-10-05,express,14074.96,delivered
989,1012,2024-07-15,2024-07-20,standard,6333.27,delivered
990,1013,2024-10-21,2024-10-29,standard,2630.25,delivered
991,1014,2024-11-25,2024-12-02,standard,12966.45,delivered
992,1015,2024-03-10,2024-03-12,standard,7359.97,delivered
993,1016,2024-09-29,2024-10-02,standard,13447.98,delivered
994,1017,2024-05-25,2024-05-31,standard,7441.48,delivered
995,1018,2024-11-02,2024-11-05,standard,6314.12,delivered
996,1019,2024-04-18,2024-04-26,standard,10995.97,delivered
997,1020,2024-10-31,2024-11-05,standard,8229.9,delivered
998,1021,2024-12-06,2024-12-14,standard,3037.89,delivered
999,1022,2024-12-22,2024-12-23,express,21209.46,delivered
1000,1023,2024-12-12,2024-12-19,standard,12638.57,delivered
1001,1024,2024-05-27,2024-05-30,standard,12863.32,delivered
1002,1026,2024-11-18,2024-11-25,standard,4714.41,delivered
1003,1027,2024-12-04,2024-12-11,standard,6166.57,delivered
1004,1028,2024-11-27,2024-11-29,express,11785.32,delivered
1005,1029,2024-10-30,2024-11-02,standard,6256.43,delivered
1006,1030,2024-09-07,2024-09-10,standard,5073.92,delivered
1007,1031,2024-04-27,2024-04-30,express,16275.19,delivered
1008,1032,2024-10-09,2024-10-17,standard,7677.92,delivered
1009,1033,2024-07-04,2024-07-08,standard,11444.85,delivered
1010,1034,2024-06-26,2024-06-28,standard,12777.17,delivered
1011,1035,2024-05-25,2024-05-28,express,12055.79,delivered
1012,1036,2024-12-07,2024-12-11,express,11110.74,delivered
1013,1037,2024-11-18,2024-11-21,standard,6563.62,delivered
1014,1038,2024-12-26,2025-01-01,standard,4832.26,delivered
1015,1039,2024-09-08,2024-09-11,standard,4500.82,delivered
1016,1040,2024-10-26,2024-10-28,standard,6246.13,delivered
1017,1041,2024-12-01,2024-12-09,standard,3840.8,delivered
1018,1042,2024-07-20,2024-07-27,standard,8018.0,delivered
1019,1043,2024-10-20,2024-10-26,standard,4747.97,delivered
1020,1044,2024-11-03,2024-11-06,express,10942.48,delivered
1021,1045,2024-09-28,2024-10-01,standard,7651.13,delivered
1022,1046,2024-02-20,2024-02-27,standard,10850.35,delivered
1023,1047,2024-11-23,2024-11-27,standard,14106.65,delivered
1024,1048,2024-09-06,2024-09-10,standard,8157.43,delivered
1025,1049,2024-11-04,2024-11-10,standard,6335.34,delivered
1026,1050,2024-12-05,2024-12-07,express,17604.99,delivered
1027,1051,2024-12-15,2024-12-18,express,16551.37,delivered
1028,1052,2024-11-28,2024-11-30,standard,14982.0,delivered
1029,1053,2024-10-22,2024-10-29,standard,5216.46,delivered
1030,1054,2024-11-09,2024-11-12,express,18087.87,delivered
1031,1055,2024-12-03,2024-12-07,standard,7126.64,delivered
1032,1056,2024-10-27,2024-11-02,standard,13583.3,delivered
1033,1057,2024-11-06,2024-11-10,express,15969.41,delivered
1034,1058,2024-09-06,2024-09-08,express,9970.86,delivered
1035,1059,2024-12-07,2024-12-12,standard,2756.92,delivered
1036,1060,2024-09-05,2024-09-11,standard,6396.92,delivered
1037,1061,2024-10-22,2024-10-23,express,11216.11,delivered
1038,1062,2024-10-23,2024-10-30,standard,6719.48,delivered
1039,1063,2024-07-22,2024-07-28,standard,7542.59,delivered
1040,1065,2024-10-09,2024-10-11,standard,4871.73,delivered
1041,1066,2024-12-02,2024-12-07,standard,6882.32,delivered
1042,1067,2024-11-19,2024-11-25,standard,5174.98,delivered
1043,1068,2024-09-18,2024-09-19,express,15244.22,delivered
1044,1069,2024-10-16,2024-10-18,standard,11256.5,delivered
1045,1070,2024-09-16,2024-09-19,standard,8524.81,delivered
1046,1071,2024-08-08,2024-08-12,standard,14627.33,delivered
1047,1072,2024-10-11,2024-10-18,standard,10787.56,delivered
1048,1073,2024-12-04,2024-12-07,standard,5562.14,delivered
1049,1074,2024-10-14,2024-10-16,standard,3913.73,delivered
1050,1075,2024-12-05,2024-12-09,standard,5704.99,delivered
1051,1076,2024-10-28,2024-11-03,standard,7117.14,delivered
1052,1077,2024-10-11,2024-10-15,standard,11459.28,delivered
1053,1078,2024-12-30,2025-01-01,standard,12548.27,delivered
1054,1079,2024-10-10,2024-10-14,standard,7922.49,delivered
1055,1080,2024-11-27,2024-12-05,standard,14152.9,delivered
1056,1081,2024-09-07,2024-09-10,standard,14069.86,delivered
1057,1082,2024-12-10,2024-12-15,standard,10208.86,delivered
1058,1083,2024-12-05,2024-12-06,express,18618.73,delivered
1059,1084,2024-11-03,2024-11-10,standard,9523.67,delivered
1060,1085,2024-11-04,2024-11-09,standard,3565.82,delivered
1061,1086,2024-09-17,2024-09-23,standard,7183.03,delivered
1062,1088,2024-07-07,2024-07-15,standard,6405.92,delivered
1063,1089,2024-06-12,2024-06-19,standard,9670.18,delivered
1064,1090,2024-11-22,2024-11-27,standard,3737.61,delivered
1065,1091,2024-07-02,2024-07-06,express,17338.58,delivered
1066,1092,2024-08-15,2024-08-18,standard,9492.75,delivered
1067,1093,2024-11-11,2024-11-13,standard,4633.34,delivered
1068,1094,2024-12-11,2024-12-18,standard,4072.85,delivered
1069,1095,2024-09-25,2024-09-28,standard,9577.44,delivered
1070,1096,2024-11-28,2024-12-01,express,23028.29,delivered
1071,1097,2024-10-28,2024-11-05,standard,6773.51,delivered
1072,1098,2024-10-19,2024-10-26,standard,11788.87,delivered
1073,1099,2024-09-30,2024-10-07,standard,14884.9,delivered
1074,1100,2024-11-29,2024-12-06,standard,7132.04,delivered
1075,1101,2024-12-01,2024-12-04,standard,4297.45,delivered
1076,1102,2024-11-04,2024-11-09,standard,6377.34,delivered
1077,1104,2024-10-23,2024-10-26,standard,7437.08,delivered
1078,1105,2024-10-17,2024-10-21,standard,8608.06,delivered
1079,1106,2024-11-16,2024-11-24,standard,3849.43,delivered
1080,1107,2024-10-29,2024-11-01,express,15854.43,delivered
1081,1108,2024-12-04,2024-12-12,standard,6595.97,delivered
1082,1109,2024-10-12,2024-10-19,standard,7771.44,delivered
1083,1110,2024-12-08,2024-12-11,standard,6625.11,delivered
1084,1111,2024-10-21,2024-10-24,express,10574.17,delivered
1085,1113,2024-12-17,2024-12-20,standard,5074.63,delivered
1086,1114,2024-12-03,2024-12-05,standard,7330.19,delivered
1087,1115,2024-09-13,2024-09-16,standard,5326.14,delivered
1088,1116,2024-07-25,2024-07-30,standard,5511.71,delivered
1089,1117,2024-11-08,2024-11-11,standard,8587.43,delivered
1090,1118,2024-09-15,2024-09-18,standard,6625.4,delivered
1091,1119,2024-12-24,2024-12-26,standard,4715.65,delivered
1092,1120,2024-08-11,2024-08-18,standard,8354.07,delivered
1093,1121,2024-12-18,2024-12-22,standard,3082.21,delivered
1094,1122,2024-06-21,2024-06-24,standard,12779.85,delivered
1095,1123,2024-11-06,2024-11-09,standard,12104.22,delivered
1096,1124,2024-07-19,2024-07-23,standard,11664.07,delivered
1097,1125,2024-10-16,2024-10-18,standard,6747.85,delivered
1098,1126,2024-09-18,2024-09-20,standard,11734.2,delivered
1099,1127,2024-12-19,2024-12-25,standard,7482.87,delivered
1100,1128,2024-12-03,2024-12-06,standard,3454.37,delivered
1101,1129,2024-05-10,2024-05-12,standard,5196.51,delivered
1102,1130,2024-10-19,2024-10-27,standard,6990.9,delivered
1103,1131,2024-11-27,2024-11-29,express,10452.13,delivered
1104,1132,2024-08-05,2024-08-07,standard,11237.44,delivered
1105,1133,2024-10-14,2024-10-16,express,17803.48,delivered
1106,1134,2024-09-10,2024-09-13,standard,14364.93,delivered
1107,1135,2024-12-18,2024-12-26,standard,6325.6,delivered
1108,1136,2024-12-01,2024-12-04,standard,10375.81,delivered
1109,1137,2024-04-15,2024-04-20,standard,5445.88,delivered
1110,1139,2024-08-25,2024-08-28,standard,5132.81,delivered
1111,1140,2024-09-29,2024-10-04,standard,11844.35,delivered
1112,1141,2024-12-31,2025-01-04,standard,11482.57,delivered
1113,1142,2024-08-27,2024-08-29,standard,14623.38,delivered
1114,1143,2024-11-21,2024-11-23,standard,13036.93,delivered
1115,1144,2024-11-27,2024-12-04,standard,6399.03,delivered
1116,1145,2024-12-05,2024-12-09,express,14453.44,delivered
1117,1146,2024-12-07,2024-12-11,express,11186.14,delivered
1118,1147,2024-10-15,2024-10-21,standard,14608.29,delivered
1119,1148,2024-10-10,2024-10-17,standard,3940.26,delivered
1120,1149,2024-12-31,2025-01-03,standard,2700.29,delivered
1121,1150,2024-12-21,2024-12-29,standard,13531.76,delivered
1122,1151,2024-09-29,2024-10-01,standard,8614.87,delivered
1123,1152,2024-09-12,2024-09-20,standard,8409.67,delivered
1124,1153,2024-12-07,2024-12-10,standard,5145.56,delivered
1125,1154,2024-10-18,2024-10-21,express,9627.44,delivered
1126,1155,2024-08-24,2024-08-25,express,11593.99,delivered
1127,1156,2024-09-22,2024-09-30,standard,3954.15,delivered
1128,1157,2024-11-01,2024-11-07,standard,14655.18,delivered
1129,1158,2024-07-06,2024-07-10,standard,12595.2,delivered
1130,1159,2024-12-03,2024-12-08,standard,12758.65,delivered
1131,1160,2024-12-13,2024-12-21,standard,5522.79,delivered
1132,1161,2024-06-13,2024-06-16,express,10336.1,delivered
1133,1162,2024-11-21,2024-11-28,standard,9930.3,delivered
1134,1163,2024-12-01,2024-12-04,express,15643.89,delivered
1135,1164,2024-09-26,2024-09-28,standard,5465.06,delivered
1136,1165,2024-07-06,2024-07-13,standard,3011.41,delivered
1137,1166,2024-09-26,2024-09-29,express,17645.89,delivered
1138,1167,2024-12-08,2024-12-14,standard,12563.1,delivered
1139,1168,2024-11-12,2024-11-17,standard,9104.99,delivered
1140,1169,2024-07-24,2024-07-28,express,8170.0,delivered
1141,1170,2024-11-29,2024-12-06,standard,10122.61,delivered
1142,1171,2024-12-12,2024-12-16,express,18103.26,delivered
1143,1172,2024-11-19,2024-11-21,standard,12433.53,delivered
1144,1173,2024-12-17,2024-12-21,express,7807.05,delivered
1145,1174,2024-06-11,2024-06-13,standard,7047.19,delivered
1146,1175,2024-11-14,2024-11-18,standard,7793.39,delivered
1147,1176,2024-12-02,2024-12-05,express,23236.14,delivered
1148,1177,2024-08-17,2024-08-19,standard,9991.09,delivered
1149,1178,2024-09-28,2024-10-05,standard,8601.0,delivered
1150,1179,2024-04-20,2024-04-27,standard,12827.46,delivered
1151,1180,2024-10-19,2024-10-22,standard,6289.87,delivered
1152,1181,2024-11-20,2024-11-26,standard,14200.4,delivered
1153,1182,2024-10-30,2024-11-02,express,8023.27,delivered
1154,1183,2024-12-22,2024-12-28,standard,9009.7,delivered
1155,1184,2024-11-28,2024-12-02,express,15498.27,delivered
1156,1185,2024-07-14,2024-07-19,standard,13093.7,delivered
1157,1186,2024-09-21,2024-09-26,standard,5704.05,delivered
1158,1187,2024-12-27,2024-12-31,standard,10011.63,delivered
1159,1188,2024-12-03,2024-12-07,standard,9194.81,delivered
1160,1189,2024-09-20,2024-09-23,standard,12292.11,delivered
1161,1190,2024-11-15,2024-11-18,standard,5105.52,delivered
1162,1191,2024-10-10,2024-10-14,express,14916.21,delivered
1163,1192,2024-12-06,2024-12-12,standard,11731.11,delivered
1164,1193,2024-12-27,2024-12-31,standard,3357.59,delivered
1165,1194,2024-10-08,2024-10-12,standard,8409.48,delivered
1166,1195,2024-07-09,2024-07-12,standard,4537.39,delivered
1167,1196,2024-10-29,2024-11-03,standard,5230.57,delivered
1168,1197,2024-12-16,2024-12-19,express,6374.67,delivered
1169,1198,2024-11-11,2024-11-18,standard,10354.65,delivered
1170,1199,2024-12-01,2024-12-09,standard,12178.71,delivered
1171,1200,2024-10-02,2024-10-10,standard,5659.71,delivered
1172,1203,2024-08-17,2024-08-21,standard,5135.14,delivered
1173,1204,2024-12-05,2024-12-08,express,17257.75,delivered
1174,1205,2024-08-16,2024-08-22,standard,5028.77,delivered
1175,1206,2024-06-20,2024-06-22,standard,8599.92,delivered
1176,1207,2024-09-15,2024-09-17,standard,8154.16,delivered
1177,1208,2024-12-09,2024-12-13,standard,4238.66,delivered
1178,1209,2024-07-10,2024-07-12,standard,6899.35,delivered
1179,1210,2024-12-20,2024-12-25,standard,11509.72,delivered
1180,1211,2024-06-18,2024-06-24,standard,6910.02,delivered
1181,1212,2024-11-12,2024-11-20,standard,5375.29,delivered
1182,1213,2024-09-29,2024-09-30,express,16873.07,delivered
1183,1214,2024-09-14,2024-09-19,standard,3581.1,delivered
1184,1215,2024-11-20,2024-11-28,standard,6642.7,delivered
1185,1216,2024-09-08,2024-09-16,standard,14355.23,delivered
1186,1217,2024-09-03,2024-09-09,standard,6224.25,delivered
1187,1218,2024-12-10,2024-12-14,standard,2625.28,delivered
1188,1219,2024-07-29,2024-08-05,standard,12426.36,delivered
1189,1220,2024-10-13,2024-10-18,standard,12501.61,delivered
1190,1221,2024-11-28,2024-12-02,standard,3982.89,delivered
1191,1222,2024-11-06,2024-11-13,standard,7035.11,delivered
1192,1223,2024-10-06,2024-10-10,express,7887.53,delivered
1193,1224,2024-11-19,2024-11-24,standard,13565.72,delivered
1194,1225,2024-10-23,2024-10-25,standard,12352.51,delivered
1195,1226,2024-10-18,2024-10-21,express,8018.07,delivered
1196,1227,2024-10-18,2024-10-20,standard,7682.87,delivered
1197,1228,2024-10-13,2024-10-14,express,17727.88,delivered
1198,1229,2024-09-29,2024-10-02,standard,3067.62,delivered
1199,1230,2024-12-23,2024-12-28,standard,5324.87,delivered
1200,1231,2024-09-17,2024-09-18,express,10954.02,delivered
1201,1232,2024-12-23,2024-12-25,express,14804.48,delivered
1202,1233,2024-09-28,2024-10-02,standard,2684.87,delivered
1203,1234,2024-11-09,2024-11-13,standard,7680.47,delivered
1204,1235,2024-07-06,2024-07-13,standard,6703.15,delivered
1205,1236,2024-11-17,2024-11-19,express,11813.67,delivered
1206,1237,2024-09-17,2024-09-24,standard,5873.26,delivered
1207,1238,2024-08-13,2024-08-17,standard,6866.97,delivered
1208,1239,2024-10-29,2024-11-06,standard,6636.76,delivered
1209,1240,2024-10-05,2024-10-07,standard,8886.75,delivered
1210,1241,2024-10-27,2024-11-04,standard,10243.15,delivered
1211,1242,2024-12-11,2024-12-14,express,6215.79,delivered
1212,1243,2024-11-03,2024-11-11,standard,4069.92,delivered
1213,1244,2024-09-30,2024-10-03,express,6545.26,delivered
1214,1245,2024-05-18,2024-05-26,standard,4916.88,delivered
1215,1246,2024-10-26,2024-11-03,standard,2799.97,delivered
1216,1248,2024-09-23,2024-09-24,express,11409.79,delivered
1217,1250,2024-04-30,2024-05-04,standard,9599.42,delivered
1218,1251,2024-12-09,2024-12-10,express,14028.98,delivered
1219,1252,2024-11-30,2024-12-07,standard,6444.36,delivered
1220,1253,2024-11-10,2024-11-12,standard,5084.96,delivered
1221,1254,2024-09-08,2024-09-15,standard,5897.2,delivered
1222,1255,2024-09-16,2024-09-19,standard,5096.21,delivered
1223,1256,2024-12-07,2024-12-14,standard,8864.63,delivered
1224,1257,2024-10-24,2024-10-29,standard,11368.21,delivered
1225,1258,2024-09-25,2024-09-30,standard,6665.12,delivered
1226,1259,2024-12-24,2024-12-28,express,17527.31,delivered
1227,1260,2024-11-22,2024-11-25,standard,7498.88,delivered
1228,1261,2024-05-20,2024-05-28,standard,9828.79,delivered
1229,1262,2024-12-22,2024-12-28,standard,14019.1,delivered
1230,1263,2024-06-03,2024-06-06,express,17802.02,delivered
1231,1264,2024-08-18,2024-08-22,express,21728.99,delivered
1232,1265,2024-10-17,2024-10-24,standard,11728.26,delivered
1233,1266,2024-06-29,2024-07-02,standard,7008.77,delivered
1234,1267,2024-07-22,2024-07-25,standard,12671.71,delivered
1235,1268,2024-07-31,2024-08-03,standard,5844.83,delivered
1236,1269,2024-12-24,2024-12-27,standard,14478.63,delivered
1237,1270,2024-10-28,2024-10-30,standard,9070.77,delivered
1238,1271,2024-08-18,2024-08-22,standard,2907.23,delivered
1239,1272,2024-10-05,2024-10-13,standard,13922.38,delivered
1240,1273,2024-10-17,2024-10-20,standard,7393.7,delivered
1241,1274,2024-09-07,2024-09-13,standard,7961.77,delivered
1242,1275,2024-12-23,2024-12-29,standard,13935.1,delivered
1243,1276,2024-10-18,2024-10-20,standard,3086.43,delivered
1244,1277,2024-10-27,2024-11-01,standard,6317.1,delivered
1245,1278,2024-07-25,2024-07-28,standard,4874.11,delivered
1246,1279,2024-07-25,2024-07-26,express,10164.79,delivered
1247,1280,2024-07-08,2024-07-12,standard,5727.36,delivered
1248,1281,2024-07-01,2024-07-04,standard,5833.97,delivered
1249,1282,2024-11-06,2024-11-07,express,9427.28,delivered
1250,1283,2024-09-28,2024-10-05,standard,6180.84,delivered
1251,1284,2024-11-15,2024-11-21,standard,2943.46,delivered
1252,1285,2024-10-24,2024-10-27,express,16226.61,delivered
1253,1286,2024-11-24,2024-11-26,standard,13868.41,delivered
1254,1287,2024-11-24,2024-11-27,standard,6039.63,delivered
1255,1288,2024-07-03,2024-07-07,express,10061.59,delivered
1256,1289,2024-07-27,2024-08-01,standard,12087.99,delivered
1257,1290,2024-10-07,2024-10-09,standard,12642.52,delivered
1258,1291,2024-09-21,2024-09-22,express,11293.23,delivered
1259,1292,2024-11-29,2024-11-30,express,11712.76,delivered
1260,1293,2024-10-01,2024-10-03,standard,6755.8,delivered
1261,1294,2024-12-09,2024-12-11,standard,10981.87,delivered
1262,1295,2024-12-23,2024-12-24,express,18396.94,delivered
1263,1296,2024-08-15,2024-08-21,standard,13700.25,delivered
1264,1297,2024-07-28,2024-08-04,standard,12367.95,delivered
1265,1298,2024-12-23,2024-12-25,standard,9819.0,delivered
1266,1299,2024-12-28,2025-01-05,standard,14387.19,delivered
1267,1300,2024-06-12,2024-06-15,standard,3865.77,delivered
1268,1301,2024-05-23,2024-05-28,standard,14616.11,delivered
1269,1302,2024-09-25,2024-10-02,standard,6105.43,delivered
1270,1303,2024-12-10,2024-12-12,standard,12394.75,delivered
1271,1304,2024-06-26,2024-07-03,standard,5520.72,delivered
1272,1305,2024-05-25,2024-05-27,standard,7355.66,delivered
1273,1306,2024-10-06,2024-10-11,standard,4841.46,delivered
1274,1307,2024-08-23,2024-08-30,standard,3387.59,delivered
1275,1308,2024-10-02,2024-10-05,standard,5890.1,delivered
1276,1309,2024-05-30,2024-06-02,express,15499.57,delivered
1277,1310,2024-08-24,2024-08-26,express,12504.25,delivered
1278,1311,2024-11-15,2024-11-18,express,16244.27,delivered
1279,1312,2024-12-28,2025-01-05,standard,14314.9,delivered
1280,1313,2024-11-20,2024-11-26,standard,5325.81,delivered
1281,1314,2024-09-30,2024-10-07,standard,13728.3,delivered
1282,1315,2024-10-11,2024-10-17,standard,3917.28,delivered
1283,1316,2024-05-21,2024-05-27,standard,12328.38,delivered
1284,1317,2024-10-23,2024-10-26,standard,6806.37,delivered
1285,1318,2024-08-20,2024-08-22,standard,5751.23,delivered
1286,1319,2024-11-04,2024-11-11,standard,6062.79,delivered
1287,1320,2024-11-28,2024-12-02,standard,4646.72,delivered
1288,1321,2024-09-01,2024-09-04,standard,3019.31,delivered
1289,1322,2024-06-15,2024-06-19,standard,6364.79,delivered
1290,1323,2024-07-28,2024-07-30,standard,7740.83,delivered
1291,1324,2024-11-23,2024-11-24,express,6349.31,delivered
1292,1325,2024-11-22,2024-11-27,standard,6598.75,delivered
1293,1326,2024-11-26,2024-11-29,express,13154.14,delivered
1294,1327,2024-12-16,2024-12-21,standard,11491.54,delivered
1295,1328,2024-07-11,2024-07-19,standard,4422.01,delivered
1296,1329,2024-12-03,2024-12-08,standard,12663.04,delivered
1297,1330,2024-10-06,2024-10-08,express,20095.12,delivered
1298,1331,2024-06-04,2024-06-11,standard,7286.71,delivered
1299,1333,2024-12-14,2024-12-20,standard,6187.29,delivered
1300,1334,2024-11-06,2024-11-13,standard,14559.8,delivered
1301,1335,2024-10-09,2024-10-11,express,14472.26,delivered
1302,1336,2024-10-15,2024-10-23,standard,9708.16,delivered
1303,1337,2024-10-25,2024-10-27,standard,10466.15,delivered
1304,1338,2024-08-01,2024-08-05,express,10582.19,delivered
1305,1339,2024-09-09,2024-09-10,express,22638.02,delivered
1306,1340,2024-07-07,2024-07-14,standard,5310.68,delivered
1307,1341,2024-09-12,2024-09-19,standard,6678.28,delivered
1308,1342,2024-10-07,2024-10-10,express,19322.61,delivered
1309,1343,2024-12-24,2024-12-27,express,15259.64,delivered
1310,1344,2024-07-08,2024-07-15,standard,7082.32,delivered
1311,1345,2024-08-26,2024-09-03,standard,10042.63,delivered
1312,1346,2024-12-14,2024-12-19,standard,3526.75,delivered
1313,1347,2024-09-28,2024-10-02,express,8410.88,delivered
1314,1348,2024-11-26,2024-12-01,standard,5094.2,delivered
1315,1349,2024-04-10,2024-04-15,standard,6385.44,delivered
1316,1350,2024-08-12,2024-08-17,standard,3697.1,delivered
1317,1351,2024-12-15,2024-12-22,standard,5783.27,delivered
1318,1352,2024-09-25,2024-09-27,standard,4514.06,delivered
1319,1353,2024-12-04,2024-12-11,standard,4585.98,delivered
1320,1354,2024-11-02,2024-11-05,standard,4570.53,delivered
1321,1355,2024-08-06,2024-08-14,standard,11009.57,delivered
1322,1356,2024-06-23,2024-07-01,standard,8650.48,delivered
1323,1357,2024-12-07,2024-12-13,standard,6826.25,delivered
1324,1358,2024-12-01,2024-12-09,standard,8356.09,delivered
1325,1359,2024-12-26,2024-12-30,standard,2582.61,delivered
1326,1360,2024-09-19,2024-09-23,standard,2909.21,delivered
1327,1361,2024-05-20,2024-05-23,standard,5166.17,delivered
1328,1362,2024-12-13,2024-12-20,standard,2541.24,delivered
1329,1363,2024-07-18,2024-07-26,standard,5669.91,delivered
1330,1364,2024-11-13,2024-11-17,express,20805.0,delivered
1331,1365,2024-04-13,2024-04-19,standard,6586.38,delivered
1332,1366,2024-08-06,2024-08-14,standard,6583.58,delivered
1333,1367,2024-12-01,2024-12-03,express,17229.92,delivered
1334,1368,2024-11-25,2024-11-28,standard,7826.67,delivered
1335,1369,2024-12-11,2024-12-18,standard,12385.39,delivered
1336,1370,2024-09-26,2024-09-29,standard,6755.99,delivered
1337,1371,2024-11-04,2024-11-06,standard,12199.6,delivered
1338,1372,2024-11-21,2024-11-26,standard,5450.33,delivered
1339,1373,2024-12-16,2024-12-18,express,17627.91,delivered
1340,1374,2024-07-31,2024-08-03,standard,5701.01,delivered
1341,1375,2024-11-15,2024-11-19,standard,5308.86,delivered
1342,1376,2024-12-30,2025-01-05,standard,13178.51,delivered
1343,1377,2024-07-23,2024-07-26,standard,14618.88,delivered
1344,1378,2024-11-22,2024-11-24,standard,6916.51,delivered
1345,1379,2024-12-24,2025-01-01,standard,9713.66,delivered
1346,1380,2024-09-09,2024-09-13,standard,6130.53,delivered
1347,1381,2024-09-18,2024-09-21,express,7578.22,delivered
1348,1382,2024-05-19,2024-05-27,standard,6355.17,delivered
1349,1383,2024-12-06,2024-12-07,express,13791.49,delivered
1350,1384,2024-08-19,2024-08-22,standard,6707.68,delivered
1351,1385,2024-12-24,2024-12-28,standard,10657.47,delivered
1352,1386,2024-07-23,2024-07-26,express,7468.29,delivered
1353,1387,2024-11-05,2024-11-06,express,22889.87,delivered
1354,1388,2024-11-12,2024-11-14,standard,9423.94,delivered
1355,1389,2024-09-28,2024-09-30,standard,11131.7,delivered
1356,1390,2024-10-27,2024-11-03,standard,6575.12,delivered
1357,1391,2024-07-09,2024-07-16,standard,11685.47,delivered
1358,1392,2024-12-02,2024-12-03,express,11486.04,delivered
1359,1393,2024-08-21,2024-08-23,standard,5505.07,delivered
1360,1394,2024-10-22,2024-10-26,standard,6904.13,delivered
1361,1396,2024-04-23,2024-04-28,standard,4681.86,delivered
1362,1397,2024-07-18,2024-07-22,express,10351.49,delivered
1363,1398,2024-08-29,2024-09-04,standard,12583.85,delivered
1364,1399,2024-12-01,2024-12-06,standard,11225.49,delivered
1365,1400,2024-07-13,2024-07-15,standard,14484.25,delivered
1366,1401,2025-09-08,2025-09-10,standard,3610.0,delivered
1367,1402,2025-12-04,2025-12-07,standard,3450.34,delivered
1368,1403,2025-06-17,2025-06-22,express,25194.3,delivered
1369,1404,2026-01-01,2026-01-04,standard,8996.75,delivered
1370,1405,2025-05-10,2025-05-14,express,18637.96,delivered
1371,1406,2025-12-30,2026-01-04,standard,3142.77,delivered
1372,1407,2025-11-16,2025-11-21,standard,8010.73,delivered
1373,1408,2025-03-17,2025-03-23,standard,3050.9,delivered
1374,1409,2025-10-26,2025-10-31,standard,13371.27,delivered
1375,1410,2025-03-04,2025-03-11,standard,13514.4,delivered
1376,1411,2025-07-15,2025-07-21,standard,6632.74,delivered
1377,1412,2025-11-12,2025-11-20,standard,5087.39,delivered
1378,1413,2025-12-16,2025-12-22,standard,12086.25,delivered
1379,1414,2025-07-15,2025-07-19,standard,8941.38,delivered
1380,1415,2025-12-28,2026-01-01,standard,13259.42,delivered
1381,1416,2025-07-15,2025-07-17,express,15952.48,delivered
1382,1418,2025-12-27,2026-01-03,standard,11871.93,delivered
1383,1419,2025-09-19,2025-09-26,standard,4319.01,delivered
1384,1420,2025-07-18,2025-07-24,standard,11347.5,delivered
1385,1421,2025-06-28,2025-07-01,standard,9584.88,delivered
1386,1422,2025-06-08,2025-06-13,standard,7761.42,delivered
1387,1423,2025-12-29,2026-01-01,standard,7263.01,delivered
1388,1424,2025-08-17,2025-08-26,standard,13473.51,delivered
1389,1425,2025-05-19,2025-05-24,standard,11429.11,delivered
1390,1427,2025-01-21,2025-01-28,standard,16303.16,delivered
1391,1428,2025-04-22,2025-04-28,standard,3783.35,delivered
1392,1429,2025-07-13,2025-07-15,standard,4265.24,delivered
1393,1430,2025-08-23,2025-08-25,standard,5879.24,delivered
1394,1431,2025-11-07,2025-11-09,standard,14929.67,delivered
1395,1432,2025-11-28,2025-12-06,standard,10060.4,delivered
1396,1433,2025-10-01,2025-10-07,standard,9441.23,delivered
1397,1434,2025-12-14,2025-12-20,standard,10314.04,delivered
1398,1435,2025-03-28,2025-03-31,express,8983.62,delivered
1399,1436,2025-11-27,2025-11-30,standard,7983.92,delivered
1400,1437,2025-02-12,2025-02-13,express,20554.55,delivered
1401,1438,2025-10-14,2025-10-17,standard,7018.12,delivered
1402,1440,2025-05-25,2025-05-27,express,24421.19,delivered
1403,1441,2025-10-12,2025-10-15,standard,12462.06,delivered
1404,1442,2025-05-24,2025-06-01,standard,14962.48,delivered
1405,1443,2025-12-18,2025-12-26,standard,14859.52,delivered
1406,1444,2025-06-07,2025-06-09,express,11749.29,delivered
1407,1445,2025-05-25,2025-06-01,standard,3330.54,delivered
1408,1446,2025-03-14,2025-03-17,express,22550.82,delivered
1409,1447,2025-06-07,2025-06-14,standard,6869.94,delivered
1410,1448,2025-12-28,2026-01-01,express,12234.71,delivered
1411,1449,2025-11-10,2025-11-12,standard,5693.57,delivered
1412,1450,2025-12-31,2026-01-04,standard,13123.93,delivered
1413,1452,2025-05-23,2025-05-26,standard,12413.52,delivered
1414,1453,2025-08-05,2025-08-09,standard,15533.75,delivered
1415,1454,2025-04-25,2025-05-01,standard,3687.24,delivered
1416,1455,2025-12-25,2025-12-26,express,11904.95,delivered
1417,1456,2025-06-01,2025-06-10,standard,7036.64,delivered
1418,1458,2025-11-20,2025-11-21,express,22563.34,delivered
1419,1459,2025-10-26,2025-10-29,standard,7230.36,delivered
1420,1460,2025-08-03,2025-08-05,standard,15527.33,delivered
1421,1461,2025-04-21,2025-04-22,express,10463.09,delivered
1422,1462,2025-07-29,2025-08-04,standard,6273.28,delivered
1423,1463,2025-10-18,2025-10-21,standard,6420.35,delivered
1424,1464,2025-02-09,2025-02-15,standard,5204.04,delivered
1425,1466,2025-10-21,2025-10-28,standard,12799.38,delivered
1426,1467,2025-10-08,2025-10-14,standard,16512.22,delivered
1427,1468,2025-08-06,2025-08-07,express,8513.56,delivered
1428,1469,2025-05-23,2025-05-27,standard,6671.17,delivered
1429,1470,2025-07-25,2025-07-31,standard,7240.77,delivered
1430,1471,2025-03-20,2025-03-23,express,22784.17,delivered
1431,1472,2025-12-27,2025-12-29,express,17168.87,delivered
1432,1474,2025-07-15,2025-07-17,standard,9707.62,delivered
1433,1475,2025-09-30,2025-10-08,standard,15929.85,delivered
1434,1476,2025-07-30,2025-08-01,standard,13980.27,delivered
1435,1477,2025-02-26,2025-03-01,standard,5533.63,delivered
1436,1478,2025-02-25,2025-02-28,standard,12699.12,delivered
1437,1479,2025-09-07,2025-09-12,standard,6509.21,delivered
1438,1480,2025-09-06,2025-09-11,standard,8989.57,delivered
1439,1481,2025-10-27,2025-11-04,standard,8368.71,delivered
1440,1482,2025-12-30,2026-01-01,express,10845.04,delivered
1441,1483,2025-03-01,2025-03-09,standard,8764.46,delivered
1442,1484,2025-08-26,2025-09-02,standard,8388.17,delivered
1443,1485,2025-12-14,2025-12-20,standard,15649.74,delivered
1444,1486,2025-07-21,2025-07-26,standard,16181.2,delivered
1445,1487,2025-04-04,2025-04-05,express,20422.07,delivered
1446,1488,2025-06-17,2025-06-19,standard,16092.76,delivered
1447,1489,2025-12-29,2026-01-06,standard,16647.12,delivered
1448,1490,2025-03-07,2025-03-13,standard,8477.87,delivered
1449,1491,2025-12-30,2026-01-02,standard,8175.09,delivered
1450,1492,2025-11-18,2025-11-21,express,17154.32,delivered
1451,1493,2025-10-16,2025-10-21,standard,16173.86,delivered
1452,1494,2025-06-08,2025-06-13,standard,7909.47,delivered
1453,1495,2025-12-01,2025-12-08,standard,4730.67,delivered
1454,1496,2025-07-15,2025-07-19,standard,6936.51,delivered
1455,1497,2025-07-18,2025-07-24,standard,8996.06,delivered
1456,1498,2025-12-30,2026-01-05,standard,10197.86,delivered
1457,1499,2025-12-30,2026-01-07,standard,5703.05,delivered
1458,1500,2025-08-21,2025-08-23,express,17211.73,delivered
1459,1501,2025-12-06,2025-12-10,standard,15358.16,delivered
1460,1502,2025-10-21,2025-10-26,standard,13962.71,delivered
1461,1503,2025-04-28,2025-05-05,standard,9898.46,delivered
1462,1504,2025-12-14,2025-12-16,standard,3179.02,delivered
1463,1505,2025-03-04,2025-03-05,express,18179.38,delivered
1464,1506,2025-09-13,2025-09-19,standard,6100.21,delivered
1465,1507,2025-05-11,2025-05-14,express,22442.29,delivered
1466,1508,2025-09-20,2025-09-22,standard,3411.18,delivered
1467,1509,2025-06-12,2025-06-20,standard,6491.39,delivered
1468,1510,2025-06-12,2025-06-13,express,7854.56,delivered
1469,1511,2025-12-31,2026-01-08,standard,3414.32,delivered
1470,1512,2025-05-02,2025-05-10,standard,12855.61,delivered
1471,1513,2025-06-08,2025-06-11,express,24468.0,delivered
1472,1514,2025-12-18,2025-12-26,standard,14388.9,delivered
1473,1515,2025-07-05,2025-07-07,express,11849.43,delivered
1474,1516,2025-09-29,2025-09-30,express,11639.46,delivered
1475,1517,2025-09-13,2025-09-16,express,15554.82,delivered
1476,1519,2025-05-04,2025-05-07,standard,6855.82,delivered
1477,1520,2025-12-31,2026-01-05,standard,9218.4,delivered
1478,1521,2025-07-07,2025-07-09,standard,7403.03,delivered
1479,1522,2025-03-09,2025-03-13,express,16112.17,delivered
1480,1523,2025-09-02,2025-09-09,standard,6741.87,delivered
1481,1524,2025-12-15,2025-12-19,express,12148.92,delivered
1482,1525,2025-11-17,2025-11-24,standard,8965.47,delivered
1483,1526,2025-08-31,2025-09-03,standard,4495.76,delivered
1484,1527,2025-10-30,2025-11-05,standard,14297.44,delivered
1485,1528,2025-10-24,2025-10-27,standard,7207.05,delivered
1486,1529,2025-03-01,2025-03-04,standard,3065.89,delivered
1487,1530,2025-11-17,2025-11-21,express,24737.32,delivered
1488,1531,2025-12-28,2025-12-30,standard,13505.88,delivered
1489,1532,2025-01-14,2025-01-21,standard,6039.58,delivered
1490,1533,2025-08-14,2025-08-21,standard,16106.2,delivered
1491,1535,2025-07-11,2025-07-14,standard,13612.89,delivered
1492,1536,2025-06-23,2025-06-26,standard,11568.22,delivered
1493,1537,2025-05-08,2025-05-10,standard,7300.54,delivered
1494,1538,2025-06-23,2025-06-26,standard,8284.74,delivered
1495,1539,2025-07-07,2025-07-11,standard,15830.58,delivered
1496,1540,2025-12-14,2025-12-18,standard,14145.52,delivered
1497,1541,2025-03-02,2025-03-05,express,14517.56,delivered
1498,1542,2025-06-12,2025-06-16,standard,11006.56,delivered
1499,1543,2025-09-27,2025-10-04,standard,8847.86,delivered
1500,1544,2025-12-27,2026-01-04,standard,7021.68,delivered
1501,1545,2025-07-20,2025-07-25,standard,7693.36,delivered
1502,1546,2025-12-25,2026-01-01,standard,11636.59,delivered
1503,1547,2025-12-10,2025-12-13,standard,16250.54,delivered
1504,1548,2025-09-06,2025-09-09,express,20174.9,delivered
1505,1549,2025-12-08,2025-12-11,express,11504.69,delivered
1506,1550,2025-10-11,2025-10-15,standard,10311.06,delivered
1507,1551,2025-07-07,2025-07-15,standard,10485.6,delivered
1508,1552,2025-10-04,2025-10-07,express,21919.96,delivered
1509,1553,2025-06-12,2025-06-15,standard,8900.81,delivered
1510,1554,2025-12-31,2026-01-02,standard,7892.8,delivered
1511,1555,2025-03-24,2025-03-26,standard,6946.81,delivered
1512,1556,2025-12-31,2026-01-06,standard,11950.54,delivered
1513,1558,2025-12-19,2025-12-26,standard,7572.09,delivered
1514,1559,2025-10-29,2025-11-03,express,26288.48,delivered
1515,1560,2025-10-03,2025-10-07,standard,6462.09,delivered
1516,1561,2025-05-03,2025-05-07,standard,3648.03,delivered
1517,1562,2025-03-10,2025-03-17,standard,9108.69,delivered
1518,1563,2025-06-30,2025-07-06,standard,14478.28,delivered
1519,1564,2025-12-23,2025-12-26,standard,9329.04,delivered
1520,1565,2025-07-28,2025-08-01,standard,15920.33,delivered
1521,1567,2025-10-19,2025-10-21,express,21510.29,delivered
1522,1568,2025-05-20,2025-05-25,standard,6917.07,delivered
1523,1569,2025-09-22,2025-09-24,standard,9435.72,delivered
1524,1570,2025-12-31,2026-01-05,standard,11309.04,delivered
1525,1571,2025-12-28,2025-12-30,standard,13696.82,delivered
1526,1572,2025-11-30,2025-12-03,standard,7323.54,delivered
1527,1573,2025-12-19,2025-12-25,standard,14967.5,delivered
1528,1574,2025-07-14,2025-07-16,standard,5216.26,delivered
1529,1575,2025-09-16,2025-09-21,standard,16723.33,delivered
1530,1576,2025-06-23,2025-06-26,standard,7135.68,delivered
1531,1577,2025-09-15,2025-09-19,standard,3098.49,delivered
1532,1578,2025-04-27,2025-05-04,standard,7962.39,delivered
1533,1579,2025-03-31,2025-04-08,standard,7583.76,delivered
1534,1580,2025-06-20,2025-06-28,standard,7503.89,delivered
1535,1581,2025-10-29,2025-11-03,standard,5898.78,delivered
1536,1582,2025-12-29,2026-01-04,standard,6698.25,delivered
1537,1583,2025-10-03,2025-10-07,express,25200.74,delivered
1538,1584,2025-03-23,2025-03-26,standard,15044.99,delivered
1539,1586,2025-12-05,2025-12-11,standard,10626.91,delivered
1540,1587,2025-05-05,2025-05-13,standard,10850.77,delivered
1541,1588,2025-12-02,2025-12-06,standard,7511.59,delivered
1542,1589,2025-10-13,2025-10-21,standard,9332.31,delivered
1543,1590,2025-08-08,2025-08-12,standard,7566.72,delivered
1544,1591,2025-12-31,2026-01-08,standard,9150.41,delivered
1545,1592,2025-12-30,2026-01-05,standard,4936.61,delivered
1546,1594,2025-10-23,2025-10-26,express,27248.08,delivered
1547,1595,2025-09-15,2025-09-19,standard,5184.79,delivered
1548,1596,2025-02-19,2025-02-24,standard,13417.28,delivered
1549,1597,2025-12-04,2025-12-08,standard,8581.95,delivered
1550,1598,2025-09-22,2025-09-30,standard,10235.97,delivered
1551,1599,2025-07-31,2025-08-03,standard,13318.02,delivered
1552,1600,2025-11-08,2025-11-11,standard,6888.12,delivered
1553,1601,2025-11-14,2025-11-17,express,17617.26,delivered
1554,1602,2025-10-25,2025-10-29,express,12119.8,delivered
1555,1603,2025-10-29,2025-11-06,standard,2876.93,delivered
1556,1604,2025-09-28,2025-10-02,standard,6554.25,delivered
1557,1605,2025-08-06,2025-08-07,express,26786.9,delivered
1558,1606,2025-05-01,2025-05-07,standard,7508.64,delivered
1559,1607,2025-04-23,2025-04-25,express,16030.84,delivered
1560,1608,2025-10-06,2025-10-09,standard,11806.24,delivered
1561,1609,2025-02-01,2025-02-05,standard,6903.1,delivered
1562,1610,2025-05-16,2025-05-18,express,25600.84,delivered
1563,1611,2025-12-26,2025-12-29,standard,9592.54,delivered
1564,1612,2025-06-22,2025-06-29,standard,11060.91,delivered
1565,1613,2025-12-27,2025-12-30,standard,5801.96,delivered
1566,1614,2025-04-11,2025-04-16,standard,15540.71,delivered
1567,1615,2025-12-31,2026-01-07,standard,12982.54,delivered
1568,1616,2025-07-08,2025-07-11,express,12807.59,delivered
1569,1617,2025-03-27,2025-04-04,standard,6224.94,delivered
1570,1618,2025-05-14,2025-05-16,standard,15651.09,delivered
1571,1619,2025-12-27,2026-01-03,standard,15678.99,delivered
1572,1620,2025-09-27,2025-10-04,standard,8608.09,delivered
1573,1621,2025-11-09,2025-11-14,standard,3110.18,delivered
1574,1622,2025-11-07,2025-11-10,express,19101.44,delivered
1575,1623,2025-06-20,2025-06-24,standard,2848.08,delivered
1576,1624,2025-12-26,2025-12-30,standard,9495.03,delivered
1577,1625,2025-03-25,2025-03-29,standard,7332.47,delivered
1578,1626,2025-08-29,2025-08-31,standard,9740.0,delivered
1579,1627,2025-12-19,2025-12-26,standard,16588.67,delivered
1580,1628,2025-09-24,2025-09-26,standard,5735.08,delivered
1581,1629,2025-09-07,2025-09-08,express,8464.58,delivered
1582,1630,2025-05-14,2025-05-16,standard,16558.58,delivered
1583,1631,2025-03-16,2025-03-20,express,9126.73,delivered
1584,1632,2025-12-29,2025-12-31,standard,9027.21,delivered
1585,1633,2025-03-30,2025-04-03,standard,7642.07,delivered
1586,1634,2025-09-07,2025-09-12,standard,7344.42,delivered
1587,1635,2025-04-02,2025-04-08,standard,5593.02,delivered
1588,1636,2025-01-22,2025-01-25,standard,16208.31,delivered
1589,1637,2025-02-09,2025-02-17,standard,7209.3,delivered
1590,1638,2025-06-12,2025-06-18,standard,7573.38,delivered
1591,1639,2025-05-12,2025-05-19,standard,8097.04,delivered
1592,1640,2025-11-17,2025-11-20,standard,11412.1,delivered
1593,1641,2025-07-05,2025-07-10,standard,15992.49,delivered
1594,1642,2025-09-03,2025-09-08,standard,6550.01,delivered
1595,1643,2025-09-24,2025-09-29,standard,13038.21,delivered
1596,1644,2025-12-26,2025-12-30,express,26040.27,delivered
1597,1645,2025-01-04,2025-01-09,standard,15296.15,delivered
1598,1646,2025-08-14,2025-08-17,standard,3687.49,delivered
1599,1647,2025-06-10,2025-06-13,standard,4771.1,delivered
1600,1648,2025-12-15,2025-12-19,standard,10436.65,delivered
1601,1649,2025-07-07,2025-07-12,standard,6984.01,delivered
1602,1650,2025-09-13,2025-09-15,standard,16327.76,delivered
1603,1651,2025-03-20,2025-03-27,standard,2898.84,delivered
1604,1652,2025-12-16,2025-12-19,express,24504.95,delivered
1605,1653,2025-05-31,2025-06-08,standard,11829.85,delivered
1606,1654,2025-05-08,2025-05-14,standard,14256.19,delivered
1607,1655,2025-09-18,2025-09-19,express,20716.25,delivered
1608,1656,2025-11-06,2025-11-10,standard,15633.1,delivered
1609,1657,2025-01-25,2025-01-30,standard,7134.03,delivered
1610,1658,2025-12-20,2025-12-25,standard,10984.81,delivered
1611,1659,2025-10-28,2025-10-30,express,6992.22,delivered
1612,1660,2025-02-05,2025-02-12,standard,12931.76,delivered
1613,1661,2026-01-01,2026-01-05,standard,12625.95,delivered
1614,1662,2025-08-19,2025-08-22,standard,9916.72,delivered
1615,1663,2025-10-15,2025-10-20,standard,5692.57,delivered
1616,1664,2025-12-18,2025-12-24,standard,6748.02,delivered
1617,1665,2025-06-27,2025-06-29,standard,7013.1,delivered
1618,1666,2025-08-06,2025-08-07,express,20029.73,delivered
1619,1667,2025-10-12,2025-10-15,express,18257.21,delivered
1620,1668,2025-12-10,2025-12-13,standard,14379.9,delivered
1621,1669,2025-05-15,2025-05-18,express,11369.21,delivered
1622,1670,2025-12-28,2026-01-04,standard,11873.93,delivered
1623,1671,2025-11-22,2025-11-23,express,26878.18,delivered
1624,1672,2025-06-06,2025-06-09,standard,3107.0,delivered
1625,1673,2025-12-05,2025-12-08,standard,15106.46,delivered
1626,1674,2025-10-09,2025-10-17,standard,11504.93,delivered
1627,1675,2025-08-28,2025-09-02,standard,11552.64,delivered
1628,1676,2026-01-01,2026-01-04,standard,3786.37,delivered
1629,1677,2025-12-07,2025-12-15,standard,16516.4,delivered
1630,1678,2025-12-27,2026-01-04,standard,12913.52,delivered
1631,1679,2025-04-25,2025-05-02,standard,9597.28,delivered
1632,1680,2025-08-22,2025-08-30,standard,7252.58,delivered
1633,1681,2025-02-12,2025-02-15,standard,7660.49,delivered
1634,1682,2025-10-06,2025-10-09,express,25066.35,delivered
1635,1683,2025-08-11,2025-08-17,standard,6639.91,delivered
1636,1684,2025-08-26,2025-09-01,standard,4518.05,delivered
1637,1685,2025-02-12,2025-02-16,standard,6706.81,delivered
1638,1686,2025-12-29,2026-01-02,standard,6219.23,delivered
1639,1687,2025-05-12,2025-05-14,standard,12828.47,delivered
1640,1688,2025-04-22,2025-04-24,standard,10702.9,delivered
1641,1689,2025-11-22,2025-11-27,standard,11340.93,delivered
1642,1690,2025-09-09,2025-09-17,standard,6681.79,delivered
1643,1691,2025-08-01,2025-08-04,standard,3007.79,delivered
1644,1692,2025-07-26,2025-07-27,express,17958.8,delivered
1645,1693,2025-07-13,2025-07-20,standard,12985.79,delivered
1646,1694,2025-12-14,2025-12-16,standard,4274.4,delivered
1647,1695,2025-02-24,2025-03-01,standard,15372.83,delivered
1648,1696,2025-11-29,2025-12-05,standard,8752.91,delivered
1649,1697,2025-10-28,2025-11-03,standard,12063.77,delivered
1650,1698,2025-07-03,2025-07-07,express,18337.16,delivered
1651,1699,2025-04-17,2025-04-24,standard,16707.03,delivered
1652,1700,2025-03-18,2025-03-26,standard,4274.75,delivered
1653,1701,2025-12-27,2026-01-04,standard,16175.37,delivered
1654,1702,2025-05-11,2025-05-19,standard,4191.64,delivered
1655,1703,2025-08-01,2025-08-04,express,7438.27,delivered
1656,1704,2025-10-13,2025-10-21,standard,16054.54,delivered
1657,1705,2025-12-08,2025-12-10,standard,13816.56,delivered
1658,1706,2025-09-10,2025-09-11,express,11783.23,delivered
1659,1707,2025-04-11,2025-04-12,express,26502.77,delivered
1660,1708,2025-10-09,2025-10-14,standard,3428.67,delivered
1661,1709,2025-12-28,2025-12-29,express,19483.69,delivered
1662,1710,2025-04-20,2025-04-23,express,21681.33,delivered
1663,1711,2025-10-15,2025-10-20,standard,10054.56,delivered
1664,1712,2025-05-13,2025-05-14,express,21027.88,delivered
1665,1713,2025-12-20,2025-12-26,standard,13207.57,delivered
1666,1714,2025-04-26,2025-04-29,standard,9630.69,delivered
1667,1715,2025-08-11,2025-08-14,standard,5989.99,delivered
1668,1716,2025-09-21,2025-09-24,standard,7675.96,delivered
1669,1717,2025-06-30,2025-07-04,standard,7957.17,delivered
1670,1718,2025-04-21,2025-04-25,standard,9335.34,delivered
1671,1719,2025-12-29,2026-01-02,standard,7079.15,delivered
1672,1720,2025-12-31,2026-01-04,standard,12335.23,delivered
1673,1721,2025-08-28,2025-09-01,express,14417.09,delivered
1674,1722,2025-05-09,2025-05-17,standard,8141.12,delivered
1675,1723,2025-03-31,2025-04-04,express,25365.39,delivered
1676,1724,2025-06-07,2025-06-11,express,19693.84,delivered
1677,1725,2025-09-19,2025-09-27,standard,6452.15,delivered
1678,1726,2025-02-09,2025-02-17,standard,16150.3,delivered
1679,1727,2025-03-15,2025-03-22,standard,15800.9,delivered
1680,1728,2025-04-06,2025-04-11,standard,4142.54,delivered
1681,1729,2025-07-07,2025-07-12,standard,3406.52,delivered
1682,1730,2025-05-07,2025-05-10,standard,7325.49,delivered
1683,1731,2025-09-18,2025-09-21,standard,13424.72,delivered
1684,1732,2025-06-16,2025-06-17,express,14549.6,delivered
1685,1733,2025-09-23,2025-10-01,standard,14233.12,delivered
1686,1734,2025-12-29,2026-01-05,standard,14249.3,delivered
1687,1735,2025-05-13,2025-05-17,standard,8737.5,delivered
1688,1736,2025-06-24,2025-07-02,standard,9868.33,delivered
1689,1737,2025-12-15,2025-12-17,standard,6493.64,delivered
1690,1738,2025-12-28,2025-12-31,standard,12809.21,delivered
1691,1739,2025-05-11,2025-05-18,standard,10833.62,delivered
1692,1740,2025-04-29,2025-05-05,standard,11661.01,delivered
1693,1742,2025-10-10,2025-10-16,standard,6658.65,delivered
1694,1743,2025-08-13,2025-08-19,standard,13533.23,delivered
1695,1744,2025-01-07,2025-01-15,standard,12863.58,delivered
1696,1745,2025-12-29,2025-12-30,express,7945.29,delivered
1697,1746,2025-11-26,2025-12-03,standard,6306.22,delivered
1698,1747,2025-05-21,2025-05-27,standard,5988.69,delivered
1699,1748,2025-12-04,2025-12-11,standard,5179.47,delivered
1700,1749,2025-04-04,2025-04-06,standard,10037.84,delivered
1701,1750,2025-08-03,2025-08-05,standard,13500.06,delivered
1702,1751,2025-12-27,2025-12-29,standard,6870.9,delivered
1703,1752,2025-07-02,2025-07-06,standard,14661.17,delivered
1704,1753,2025-05-02,2025-05-05,standard,15384.7,delivered
1705,1754,2025-10-19,2025-10-24,standard,8937.37,delivered
1706,1755,2025-10-08,2025-10-16,standard,15417.9,delivered
1707,1756,2025-12-23,2025-12-30,standard,7833.03,delivered
1708,1757,2025-12-26,2026-01-02,standard,10758.34,delivered
1709,1759,2025-09-27,2025-10-05,standard,10160.35,delivered
1710,1760,2025-07-29,2025-08-03,standard,13114.92,delivered
1711,1761,2025-10-05,2025-10-11,standard,4132.6,delivered
1712,1762,2025-05-24,2025-05-26,express,17947.77,delivered
1713,1763,2025-12-28,2025-12-31,standard,4177.58,delivered
1714,1764,2025-03-29,2025-03-31,standard,5703.45,delivered
1715,1765,2025-06-08,2025-06-15,standard,13599.21,delivered
1716,1766,2025-07-07,2025-07-09,standard,7108.82,delivered
1717,1767,2025-04-12,2025-04-14,express,17163.92,delivered
1718,1768,2025-11-22,2025-11-24,express,12474.31,delivered
1719,1769,2025-12-13,2025-12-18,standard,13614.3,delivered
1720,1770,2025-10-29,2025-10-31,express,7533.12,delivered
1721,1771,2025-05-27,2025-06-05,standard,8735.3,delivered
1722,1772,2025-12-07,2025-12-09,standard,15671.6,delivered
1723,1774,2025-08-03,2025-08-08,standard,9502.95,delivered
1724,1775,2025-12-22,2025-12-29,standard,16307.42,delivered
1725,1776,2025-07-04,2025-07-12,standard,9833.25,delivered
1726,1777,2025-12-17,2025-12-21,standard,11698.75,delivered
1727,1778,2025-12-31,2026-01-06,standard,10857.67,delivered
1728,1779,2025-12-20,2025-12-26,standard,7533.11,delivered
1729,1780,2025-09-17,2025-09-22,standard,16675.41,delivered
1730,1781,2025-08-22,2025-08-23,express,9531.54,delivered
1731,1782,2025-10-24,2025-10-28,standard,7956.33,delivered
1732,1783,2025-09-04,2025-09-12,standard,10263.59,delivered
1733,1784,2025-09-23,2025-09-27,standard,9071.78,delivered
1734,1785,2025-07-15,2025-07-22,standard,6762.92,delivered
1735,1786,2025-11-02,2025-11-08,standard,6377.92,delivered
1736,1787,2025-06-24,2025-06-27,express,25846.2,delivered
1737,1788,2025-12-12,2025-12-19,standard,7366.28,delivered
1738,1789,2025-11-18,2025-11-20,express,11438.6,delivered
1739,1790,2025-05-22,2025-05-29,standard,14192.28,delivered
1740,1791,2025-02-02,2025-02-04,standard,7316.92,delivered
1741,1792,2025-11-20,2025-11-27,standard,5420.79,delivered
1742,1793,2025-02-14,2025-02-20,standard,2913.93,delivered
1743,1794,2025-01-25,2025-01-29,express,18751.31,delivered
1744,1795,2025-09-26,2025-10-03,standard,7444.03,delivered
1745,1796,2025-12-19,2025-12-25,standard,11901.58,delivered
1746,1797,2025-07-18,2025-07-25,standard,7051.14,delivered
1747,1798,2025-03-22,2025-03-25,express,26626.74,delivered
1748,1799,2025-12-25,2025-12-27,standard,6646.84,delivered
1749,1800,2025-05-04,2025-05-07,standard,9161.15,delivered
1750,1801,2025-08-02,2025-08-04,express,26686.06,delivered
1751,1802,2025-05-09,2025-05-11,express,17925.97,delivered
1752,1803,2025-12-31,2026-01-07,standard,4876.45,delivered
1753,1804,2025-10-04,2025-10-10,standard,12874.76,delivered
1754,1805,2025-02-17,2025-02-24,standard,10936.68,delivered
1755,1806,2025-07-19,2025-07-24,standard,16378.32,delivered
1756,1807,2025-11-14,2025-11-17,standard,6825.28,delivered
1757,1808,2025-08-17,2025-08-22,standard,11457.39,delivered
1758,1809,2025-07-10,2025-07-16,standard,13125.19,delivered
1759,1810,2025-09-18,2025-09-20,express,10079.85,delivered
1760,1811,2025-12-18,2025-12-21,standard,11187.13,delivered
1761,1812,2025-07-19,2025-07-24,standard,10778.08,delivered
1762,1813,2025-06-25,2025-06-30,standard,7890.21,delivered
1763,1814,2025-11-12,2025-11-20,standard,14368.86,delivered
1764,1815,2025-01-23,2025-01-25,standard,6014.62,delivered
1765,1817,2025-02-23,2025-03-02,standard,6037.83,delivered
1766,1818,2025-07-21,2025-07-25,standard,5699.05,delivered
1767,1819,2025-11-21,2025-11-23,standard,7463.33,delivered
1768,1820,2025-06-29,2025-07-02,express,21852.12,delivered
1769,1821,2025-11-21,2025-11-23,standard,3685.16,delivered
1770,1822,2025-01-25,2025-02-02,standard,10070.02,delivered
1771,1823,2025-08-08,2025-08-14,standard,11674.42,delivered
1772,1824,2025-07-01,2025-07-03,standard,4074.39,delivered
1773,1826,2025-11-11,2025-11-16,standard,10245.04,delivered
1774,1827,2025-12-29,2026-01-01,standard,5621.81,delivered
1775,1828,2025-10-10,2025-10-13,standard,3370.05,delivered
1776,1829,2025-03-16,2025-03-22,standard,5803.99,delivered
1777,1830,2025-12-30,2026-01-05,standard,13199.39,delivered
1778,1831,2025-04-11,2025-04-14,standard,14236.72,delivered
1779,1832,2025-03-08,2025-03-10,express,13196.72,delivered
1780,1833,2025-10-19,2025-10-23,standard,10177.9,delivered
1781,1834,2025-03-27,2025-03-29,standard,5939.78,delivered
1782,1835,2025-08-15,2025-08-16,express,25286.82,delivered
1783,1836,2025-10-07,2025-10-13,standard,4817.62,delivered
1784,1837,2025-12-26,2026-01-02,standard,12809.98,delivered
1785,1839,2025-12-29,2026-01-02,standard,7524.8,delivered
1786,1840,2025-10-02,2025-10-04,standard,12035.23,delivered
1787,1841,2025-01-27,2025-01-31,express,9206.02,delivered
1788,1842,2025-12-31,2026-01-06,standard,16693.96,delivered
1789,1843,2025-07-06,2025-07-09,standard,3910.03,delivered
1790,1844,2025-08-05,2025-08-09,standard,7486.91,delivered
1791,1845,2025-11-29,2025-12-03,express,17417.5,delivered
1792,1846,2025-01-15,2025-01-17,standard,8556.36,delivered
1793,1847,2025-04-24,2025-04-28,express,6857.61,delivered
1794,1848,2025-06-10,2025-06-15,standard,13293.12,delivered
1795,1849,2025-03-12,2025-03-15,standard,4329.69,delivered
1796,1850,2025-10-27,2025-11-02,standard,7827.87,delivered
1797,1851,2025-07-31,2025-08-08,standard,7109.74,delivered
1798,1852,2025-10-27,2025-10-30,standard,4582.1,delivered
1799,1853,2025-09-09,2025-09-15,standard,6790.25,delivered
1800,1854,2025-11-10,2025-11-13,standard,4626.65,delivered
1801,1855,2025-05-28,2025-06-03,standard,5661.85,delivered
1802,1856,2025-07-23,2025-07-28,standard,4764.47,delivered
1803,1857,2025-12-14,2025-12-19,standard,10515.78,delivered
1804,1858,2025-07-21,2025-07-28,standard,4431.09,delivered
1805,1859,2025-05-27,2025-05-29,express,25228.4,delivered
1806,1860,2025-02-02,2025-02-10,standard,9328.62,delivered
1807,1861,2025-12-31,2026-01-07,standard,12811.32,delivered
1808,1862,2025-02-23,2025-02-25,express,8955.45,delivered
1809,1864,2025-12-03,2025-12-06,standard,5919.42,delivered
1810,1866,2025-08-14,2025-08-18,express,11237.41,delivered
1811,1867,2025-04-19,2025-04-23,express,16992.42,delivered
1812,1868,2025-12-31,2026-01-08,standard,3509.48,delivered
1813,1869,2025-06-03,2025-06-10,standard,5610.56,delivered
1814,1870,2025-09-03,2025-09-07,express,9474.18,delivered
1815,1871,2025-07-19,2025-07-26,standard,9147.23,delivered
1816,1873,2025-03-29,2025-04-06,standard,13920.58,delivered
1817,1874,2025-06-01,2025-06-03,express,8984.66,delivered
1818,1875,2025-10-22,2025-10-26,standard,15778.83,delivered
1819,1876,2025-03-15,2025-03-22,standard,5789.39,delivered
1820,1877,2025-11-14,2025-11-22,standard,9766.34,delivered
1821,1878,2025-07-01,2025-07-09,standard,4015.68,delivered
1822,1879,2025-09-20,2025-09-28,standard,13473.96,delivered
1823,1880,2025-10-08,2025-10-11,standard,8544.26,delivered
1824,1881,2025-08-02,2025-08-05,standard,6748.39,delivered
1825,1882,2025-06-15,2025-06-18,standard,15575.47,delivered
1826,1883,2025-11-08,2025-11-10,express,21292.43,delivered
1827,1884,2025-05-29,2025-06-06,standard,6041.86,delivered
1828,1885,2025-07-14,2025-07-22,standard,5956.8,delivered
1829,1886,2025-04-08,2025-04-13,standard,14379.96,delivered
1830,1887,2025-06-30,2025-07-08,standard,8738.42,delivered
1831,1888,2025-05-17,2025-05-24,standard,15695.68,delivered
1832,1889,2025-04-13,2025-04-17,standard,7414.0,delivered
1833,1890,2025-06-13,2025-06-20,standard,5837.35,delivered
1834,1891,2025-03-16,2025-03-22,standard,13323.92,delivered
1835,1892,2025-07-13,2025-07-21,standard,8404.97,delivered
1836,1893,2025-12-25,2025-12-30,standard,4931.19,delivered
1837,1895,2025-11-24,2025-11-28,standard,16641.04,delivered
1838,1896,2025-06-13,2025-06-17,standard,15132.44,delivered
1839,1897,2025-08-29,2025-09-06,standard,10954.69,delivered
1840,1898,2025-12-03,2025-12-07,standard,16536.69,delivered
1841,1899,2025-12-31,2026-01-03,standard,8769.01,delivered
1842,1900,2025-12-11,2025-12-12,express,22491.52,delivered
1843,1901,2025-04-15,2025-04-21,standard,12853.9,delivered
1844,1902,2025-04-05,2025-04-08,standard,5789.52,delivered
1845,1903,2025-12-28,2026-01-02,standard,11311.24,delivered
1846,1904,2025-08-04,2025-08-07,standard,8432.61,delivered
1847,1905,2025-07-23,2025-07-26,express,19623.46,delivered
1848,1906,2025-09-29,2025-10-01,standard,7468.09,delivered
1849,1907,2025-02-25,2025-02-27,express,24860.81,delivered
1850,1908,2025-09-28,2025-10-02,standard,12143.8,delivered
1851,1909,2025-08-23,2025-08-26,express,18858.56,delivered
1852,1910,2025-09-20,2025-09-21,express,13141.08,delivered
1853,1911,2025-12-05,2025-12-11,standard,9565.02,delivered
1854,1912,2025-03-26,2025-04-02,standard,6521.96,delivered
1855,1913,2025-04-08,2025-04-11,standard,2818.03,delivered
1856,1915,2025-06-07,2025-06-13,standard,9960.92,delivered
1857,1916,2025-10-15,2025-10-23,standard,4930.7,delivered
1858,1917,2025-04-04,2025-04-08,standard,3100.51,delivered
1859,1918,2025-07-31,2025-08-07,standard,4583.17,delivered
1860,1920,2025-10-22,2025-10-26,express,17961.08,delivered
1861,1921,2025-12-04,2025-12-06,standard,5259.98,delivered
1862,1922,2025-10-31,2025-11-02,standard,3338.69,delivered
1863,1923,2025-01-24,2025-01-31,standard,3305.85,delivered
1864,1924,2025-02-25,2025-03-01,express,11235.97,delivered
1865,1925,2025-07-17,2025-07-22,standard,16470.72,delivered
1866,1926,2025-04-24,2025-05-02,standard,6193.89,delivered
1867,1927,2025-04-02,2025-04-05,standard,15255.34,delivered
1868,1928,2025-11-14,2025-11-21,standard,7301.91,delivered
1869,1929,2025-12-24,2025-12-29,standard,6557.34,delivered
1870,1930,2025-10-14,2025-10-17,standard,12417.26,delivered
1871,1931,2025-08-14,2025-08-22,standard,6070.07,delivered
1872,1932,2025-05-06,2025-05-12,standard,8906.92,delivered
1873,1933,2025-10-24,2025-11-01,standard,11606.54,delivered
1874,1934,2025-11-15,2025-11-17,standard,9476.44,delivered
1875,1935,2025-12-07,2025-12-13,standard,7836.8,delivered
1876,1936,2025-11-24,2025-11-28,standard,10706.6,delivered
1877,1937,2025-11-16,2025-11-24,standard,8586.55,delivered
1878,1938,2025-10-05,2025-10-14,standard,13763.7,delivered
1879,1939,2025-04-06,2025-04-08,express,8412.02,delivered
1880,1941,2025-06-09,2025-06-17,standard,13395.59,delivered
1881,1942,2025-09-15,2025-09-18,standard,5940.66,delivered
1882,1943,2025-07-25,2025-07-30,standard,4446.77,delivered
1883,1944,2025-12-28,2026-01-01,standard,10244.62,delivered
1884,1945,2025-06-12,2025-06-15,standard,11576.38,delivered
1885,1947,2025-04-18,2025-04-26,standard,6565.76,delivered
1886,1948,2025-07-16,2025-07-20,standard,11556.42,delivered
1887,1949,2025-08-25,2025-09-02,standard,6352.61,delivered
1888,1950,2025-09-02,2025-09-04,standard,9297.25,delivered
1889,1951,2025-09-27,2025-09-30,express,21265.19,delivered
1890,1952,2025-08-06,2025-08-10,standard,5045.11,delivered
1891,1953,2025-12-27,2026-01-04,standard,10059.34,delivered
1892,1954,2025-12-27,2026-01-01,standard,12231.78,delivered
1893,1955,2025-12-29,2026-01-03,standard,4416.32,delivered
1894,1956,2025-10-25,2025-10-31,standard,11688.25,delivered
1895,1957,2025-11-04,2025-11-09,standard,13552.33,delivered
1896,1958,2025-07-25,2025-07-29,standard,16138.6,delivered
1897,1959,2025-05-05,2025-05-13,standard,9072.45,delivered
1898,1960,2025-09-30,2025-10-06,standard,15690.79,delivered
1899,1961,2025-06-13,2025-06-21,standard,7793.64,delivered
1900,1962,2025-06-10,2025-06-15,standard,15631.29,delivered
1901,1963,2025-02-28,2025-03-06,standard,4080.27,delivered
1902,1964,2025-04-29,2025-05-04,standard,5188.56,delivered
1903,1965,2025-09-23,2025-09-26,standard,7926.79,delivered
1904,1966,2025-03-15,2025-03-23,standard,14021.01,delivered
1905,1967,2025-11-10,2025-11-13,standard,15392.12,delivered
1906,1968,2025-07-04,2025-07-07,standard,15711.09,delivered
1907,1969,2025-04-06,2025-04-08,express,10245.91,delivered
1908,1970,2025-05-07,2025-05-10,standard,16345.72,delivered
1909,1971,2025-04-28,2025-05-02,standard,15616.19,delivered
1910,1972,2025-12-02,2025-12-10,standard,15094.03,delivered
1911,1973,2025-11-10,2025-11-12,express,10544.63,delivered
1912,1974,2025-02-28,2025-03-03,standard,14924.32,delivered
1913,1975,2025-11-11,2025-11-17,standard,12896.68,delivered
1914,1976,2025-11-11,2025-11-13,standard,7891.45,delivered
1915,1978,2025-12-27,2026-01-04,standard,2874.94,delivered
1916,1979,2025-08-09,2025-08-11,express,14998.47,delivered
1917,1980,2025-12-07,2025-12-09,express,8229.57,delivered
1918,1981,2025-12-13,2025-12-18,standard,3472.09,delivered
1919,1983,2025-07-22,2025-07-28,standard,9254.79,delivered
1920,1984,2025-06-01,2025-06-05,standard,3486.71,delivered
1921,1985,2025-06-09,2025-06-14,standard,4643.49,delivered
1922,1986,2025-04-12,2025-04-15,standard,7090.34,delivered
1923,1987,2025-12-28,2026-01-02,standard,5880.17,delivered
1924,1988,2025-12-29,2026-01-02,standard,14372.08,delivered
1925,1989,2025-09-10,2025-09-15,standard,14023.78,delivered
1926,1990,2025-08-07,2025-08-15,standard,11373.57,delivered
1927,1991,2025-12-27,2026-01-02,standard,14027.7,delivered
1928,1992,2025-11-09,2025-11-11,standard,16066.81,delivered
1929,1993,2025-07-06,2025-07-14,standard,3392.7,delivered
1930,1994,2025-02-07,2025-02-09,express,6734.68,delivered
1931,1995,2025-12-31,2026-01-05,standard,3820.44,delivered
1932,1996,2025-12-31,2026-01-03,express,7291.49,delivered
1933,1998,2025-05-19,2025-05-25,standard,13122.66,delivered
1934,1999,2025-01-23,2025-01-30,standard,12821.69,delivered
1935,2000,2025-07-28,2025-07-31,express,12273.71,delivered
1936,2001,2025-05-29,2025-06-04,standard,9591.48,delivered
1937,2002,2025-11-30,2025-12-03,express,23333.78,delivered
1938,2003,2025-12-05,2025-12-10,standard,6915.77,delivered
1939,2004,2025-08-24,2025-08-26,standard,16455.49,delivered
1940,2005,2025-01-18,2025-01-20,express,11935.27,delivered
1941,2006,2025-12-26,2025-12-29,standard,14549.62,delivered
1942,2007,2025-04-26,2025-05-04,standard,13160.52,delivered
1943,2008,2025-11-11,2025-11-17,standard,5064.45,delivered
1944,2009,2025-10-25,2025-11-02,standard,10206.06,delivered
1945,2010,2025-08-19,2025-08-24,standard,7798.42,delivered
1946,2011,2025-12-22,2025-12-24,express,27988.74,delivered
1947,2012,2025-03-27,2025-03-31,standard,4841.71,delivered
1948,2013,2025-11-02,2025-11-07,standard,3861.32,delivered
1949,2014,2025-05-01,2025-05-04,standard,8477.26,delivered
1950,2015,2025-09-25,2025-09-29,express,16286.16,delivered
1951,2016,2025-04-29,2025-05-03,express,20241.67,delivered
1952,2017,2025-12-21,2025-12-26,standard,7484.31,delivered
1953,2018,2025-07-25,2025-07-28,standard,15221.32,delivered
1954,2019,2025-12-28,2026-01-02,standard,13628.13,delivered
1955,2020,2025-12-31,2026-01-05,standard,14946.11,delivered
1956,2021,2025-03-16,2025-03-20,express,14709.33,delivered
1957,2022,2025-10-16,2025-10-23,standard,2930.07,delivered
1958,2023,2025-02-16,2025-02-24,standard,9402.33,delivered
1959,2024,2025-10-19,2025-10-23,express,14081.58,delivered
1960,2025,2025-12-12,2025-12-17,standard,4833.99,delivered
1961,2026,2025-07-07,2025-07-08,express,19354.26,delivered
1962,2027,2025-12-31,2026-01-03,standard,12963.94,delivered
1963,2028,2025-09-29,2025-09-30,express,23634.51,delivered
1964,2029,2025-08-25,2025-09-01,standard,13357.27,delivered
1965,2030,2025-07-04,2025-07-12,standard,6023.17,delivered
1966,2031,2025-06-05,2025-06-09,standard,15111.25,delivered
1967,2032,2025-07-16,2025-07-20,standard,8480.38,delivered
1968,2033,2025-08-05,2025-08-09,standard,6186.31,delivered
1969,2034,2025-12-28,2025-12-30,express,10165.26,delivered
1970,2035,2025-11-01,2025-11-08,standard,13108.65,delivered
1971,2036,2025-08-18,2025-08-21,express,12814.19,delivered
1972,2037,2025-05-29,2025-06-06,standard,14908.62,delivered
1973,2038,2025-07-02,2025-07-05,standard,14546.24,delivered
1974,2039,2025-07-29,2025-08-03,standard,5695.12,delivered
1975,2040,2025-11-14,2025-11-22,standard,6051.12,delivered
1976,2041,2025-05-22,2025-05-28,standard,12931.76,delivered
1977,2042,2025-05-02,2025-05-05,standard,3641.89,delivered
1978,2043,2025-04-14,2025-04-20,standard,5974.11,delivered
1979,2044,2025-05-22,2025-05-25,standard,8597.87,delivered
1980,2045,2025-07-21,2025-07-29,standard,4857.44,delivered
1981,2046,2025-12-11,2025-12-14,express,17611.23,delivered
1982,2047,2025-07-15,2025-07-19,standard,10644.37,delivered
1983,2048,2025-12-10,2025-12-17,standard,10870.1,delivered
1984,2049,2025-02-10,2025-02-14,express,15778.8,delivered
1985,2050,2025-11-10,2025-11-14,standard,6778.24,delivered
1986,2051,2025-12-13,2025-12-17,standard,5940.45,delivered
1987,2052,2025-12-17,2025-12-18,express,23863.9,delivered
1988,2053,2025-10-24,2025-10-30,standard,5803.37,delivered
1989,2054,2025-12-29,2026-01-06,standard,6709.3,delivered
1990,2055,2025-10-27,2025-11-04,standard,9071.21,delivered
1991,2056,2025-07-29,2025-08-01,express,8172.79,delivered
1992,2058,2025-12-30,2026-01-08,standard,5849.78,delivered
1993,2059,2025-01-20,2025-01-28,standard,14077.1,delivered
1994,2060,2025-08-08,2025-08-17,standard,5733.33,delivered
1995,2061,2025-10-12,2025-10-18,standard,12610.45,delivered
1996,2062,2025-11-25,2025-11-28,standard,12242.86,delivered
1997,2063,2025-02-27,2025-03-07,standard,7833.73,delivered
1998,2064,2025-01-09,2025-01-13,standard,13073.14,delivered
1999,2065,2025-10-04,2025-10-12,standard,12562.25,delivered
2000,2066,2025-08-04,2025-08-05,express,27011.16,delivered
2001,2067,2025-08-18,2025-08-22,standard,15853.3,delivered
2002,2068,2025-10-18,2025-10-25,standard,6380.35,delivered
2003,2069,2025-11-17,2025-11-18,express,22421.29,delivered
2004,2070,2025-10-10,2025-10-13,standard,15849.97,delivered
2005,2071,2025-10-05,2025-10-12,standard,10529.62,delivered
2006,2072,2025-08-11,2025-08-17,standard,5371.49,delivered
2007,2073,2025-03-20,2025-03-27,standard,15391.62,delivered
2008,2074,2025-10-05,2025-10-12,standard,9532.81,delivered
2009,2075,2025-07-28,2025-07-31,standard,15699.51,delivered
2010,2076,2025-05-30,2025-06-04,standard,8675.93,delivered
2011,2077,2025-08-11,2025-08-18,standard,15623.0,delivered
2012,2078,2025-11-22,2025-11-25,express,12711.45,delivered
2013,2079,2025-09-02,2025-09-08,standard,12367.48,delivered
2014,2080,2025-10-25,2025-11-02,standard,2841.51,delivered
2015,2081,2025-08-04,2025-08-06,express,11471.85,delivered
2016,2082,2025-09-13,2025-09-16,standard,5725.43,delivered
2017,2083,2025-09-24,2025-09-27,standard,7813.91,delivered
2018,2084,2025-11-05,2025-11-08,standard,7193.61,delivered
2019,2085,2025-04-11,2025-04-17,standard,16257.7,delivered
2020,2086,2025-10-25,2025-11-02,standard,7573.32,delivered
2021,2087,2025-10-26,2025-10-29,standard,9113.83,delivered
2022,2088,2025-10-12,2025-10-14,express,13556.79,delivered
2023,2089,2025-09-09,2025-09-12,standard,3698.29,delivered
2024,2090,2025-10-17,2025-10-22,standard,7192.95,delivered
2025,2091,2025-12-22,2025-12-23,express,25692.92,delivered
2026,2093,2025-08-18,2025-08-26,standard,15927.44,delivered
2027,2094,2025-10-14,2025-10-19,standard,4673.89,delivered
2028,2095,2025-11-07,2025-11-09,standard,15923.35,delivered
2029,2096,2025-05-19,2025-05-25,standard,5068.63,delivered
2030,2097,2025-04-18,2025-04-21,standard,6607.69,delivered
2031,2098,2025-02-26,2025-03-04,standard,14756.36,delivered
2032,2099,2025-10-09,2025-10-12,standard,5884.88,delivered
2033,2100,2025-09-11,2025-09-19,standard,5549.26,delivered
2034,2101,2025-12-31,2026-01-03,express,21116.26,delivered
2035,2102,2025-03-16,2025-03-19,standard,10267.14,delivered
2036,2103,2025-09-24,2025-09-29,standard,9807.91,delivered
2037,2104,2025-10-17,2025-10-20,standard,5471.65,delivered
2038,2105,2025-01-25,2025-01-29,standard,5195.48,delivered
2039,2106,2025-07-25,2025-07-26,express,19730.77,delivered
2040,2107,2025-03-20,2025-03-24,express,20356.14,delivered
2041,2108,2025-11-24,2025-11-29,standard,10243.74,delivered
2042,2109,2025-12-26,2026-01-03,standard,10074.47,delivered
2043,2110,2025-12-25,2025-12-31,standard,7181.47,delivered
2044,2111,2025-11-10,2025-11-15,standard,5959.74,delivered
2045,2112,2025-01-21,2025-01-25,standard,8013.4,delivered
2046,2113,2025-10-26,2025-11-02,standard,6749.12,delivered
2047,2114,2025-01-04,2025-01-11,standard,11672.69,delivered
2048,2115,2025-06-12,2025-06-19,standard,6443.49,delivered
2049,2116,2025-02-24,2025-02-27,standard,16409.58,delivered
2050,2117,2025-11-25,2025-11-28,standard,9227.74,delivered
2051,2118,2025-09-05,2025-09-13,standard,11070.54,delivered
2052,2119,2025-05-10,2025-05-17,standard,10045.64,delivered
2053,2120,2025-08-04,2025-08-08,express,17974.26,delivered
2054,2121,2025-10-04,2025-10-05,express,16856.12,delivered
2055,2122,2025-03-01,2025-03-05,express,13205.93,delivered
2056,2123,2025-01-06,2025-01-11,standard,5555.81,delivered
2057,2124,2025-03-27,2025-03-30,standard,5129.77,delivered
2058,2125,2025-07-18,2025-07-26,standard,11942.69,delivered
2059,2126,2025-10-01,2025-10-09,standard,8094.79,delivered
2060,2127,2025-05-26,2025-05-28,standard,6975.81,delivered
2061,2128,2025-01-26,2025-01-30,standard,7707.25,delivered
2062,2129,2025-12-30,2026-01-03,standard,6738.71,delivered
2063,2130,2025-10-24,2025-10-26,express,13030.72,delivered
2064,2131,2025-12-30,2026-01-02,standard,10239.05,delivered
2065,2132,2025-01-08,2025-01-15,standard,9364.99,delivered
2066,2133,2025-12-28,2025-12-31,standard,8008.8,delivered
2067,2134,2025-07-27,2025-07-30,express,17542.76,delivered
2068,2135,2025-08-04,2025-08-11,standard,7353.94,delivered
2069,2136,2025-11-18,2025-11-20,express,16599.02,delivered
2070,2137,2025-05-05,2025-05-07,standard,6330.16,delivered
2071,2138,2025-01-08,2025-01-11,standard,9440.39,delivered
2072,2139,2025-11-24,2025-11-29,express,16570.09,delivered
2073,2140,2025-10-09,2025-10-12,standard,16645.22,delivered
2074,2141,2025-04-19,2025-04-22,standard,4576.25,delivered
2075,2143,2025-06-02,2025-06-05,standard,4963.78,delivered
2076,2144,2025-01-08,2025-01-16,standard,11631.16,delivered
2077,2145,2025-08-26,2025-08-29,standard,6306.84,delivered
2078,2146,2025-11-13,2025-11-15,standard,7800.93,delivered
2079,2147,2025-11-13,2025-11-15,standard,9679.99,delivered
2080,2148,2026-01-01,2026-01-06,standard,14704.53,delivered
2081,2149,2025-12-22,2025-12-27,standard,7540.05,delivered
2082,2150,2025-03-12,2025-03-15,express,13173.53,delivered
2083,2151,2025-02-12,2025-02-15,standard,11837.91,delivered
2084,2152,2025-07-07,2025-07-10,standard,8465.89,delivered
2085,2154,2025-02-28,2025-03-02,standard,7108.18,delivered
2086,2155,2025-04-06,2025-04-12,standard,6271.18,delivered
2087,2156,2025-12-28,2026-01-05,standard,8562.09,delivered
2088,2157,2025-10-07,2025-10-14,standard,14618.78,delivered
2089,2158,2025-09-01,2025-09-03,express,24112.06,delivered
2090,2159,2025-08-23,2025-08-24,express,26194.71,delivered
2091,2160,2025-11-15,2025-11-21,standard,14050.08,delivered
2092,2161,2025-12-30,2026-01-02,express,27063.52,delivered
2093,2162,2025-04-15,2025-04-18,express,18718.15,delivered
2094,2163,2025-12-31,2026-01-01,express,24614.71,delivered
2095,2164,2025-09-21,2025-09-24,standard,3014.09,delivered
2096,2165,2025-05-15,2025-05-18,standard,13489.34,delivered
2097,2166,2025-11-12,2025-11-17,standard,8158.49,delivered
2098,2167,2025-06-08,2025-06-16,standard,10635.37,delivered
2099,2168,2025-06-29,2025-07-04,standard,4264.44,delivered
2100,2169,2025-08-10,2025-08-13,express,13894.45,delivered
2101,2170,2025-06-09,2025-06-12,express,18492.3,delivered
2102,2171,2025-09-29,2025-10-05,standard,11989.13,delivered
2103,2172,2025-03-31,2025-04-08,standard,14626.67,delivered
2104,2173,2025-04-29,2025-05-07,standard,14413.96,delivered
2105,2174,2025-09-25,2025-09-28,express,21851.71,delivered
2106,2175,2025-11-20,2025-11-23,standard,6180.14,delivered
2107,2176,2025-11-27,2025-11-29,express,13262.1,delivered
2108,2177,2025-06-01,2025-06-05,express,13216.05,delivered
2109,2178,2025-12-26,2025-12-29,standard,5766.1,delivered
2110,2179,2025-02-08,2025-02-12,standard,2905.06,delivered
2111,2180,2025-11-17,2025-11-18,express,21690.34,delivered
2112,2181,2025-10-24,2025-10-28,express,12474.33,delivered
2113,2182,2025-05-28,2025-06-04,standard,6844.29,delivered
2114,2183,2025-08-05,2025-08-09,standard,6223.15,delivered
2115,2184,2025-07-06,2025-07-12,standard,15632.05,delivered
2116,2185,2025-01-24,2025-01-30,standard,10275.51,delivered
2117,2186,2025-09-08,2025-09-16,standard,5723.51,delivered
2118,2187,2025-07-06,2025-07-14,standard,7785.49,delivered
2119,2188,2025-10-02,2025-10-09,standard,3963.94,delivered
2120,2189,2025-03-11,2025-03-19,standard,5835.48,delivered
2121,2190,2025-02-03,2025-02-11,standard,9848.15,delivered
2122,2191,2026-01-01,2026-01-09,standard,4199.69,delivered
2123,2192,2025-11-28,2025-12-06,standard,6701.92,delivered
2124,2193,2025-06-20,2025-06-26,standard,6916.6,delivered
2125,2194,2025-09-10,2025-09-15,standard,4615.06,delivered
2126,2195,2025-12-29,2026-01-04,standard,14482.41,delivered
2127,2196,2025-10-21,2025-10-24,standard,13207.01,delivered
2128,2197,2025-12-01,2025-12-05,express,6910.34,delivered
2129,2198,2025-02-08,2025-02-16,standard,6800.16,delivered
2130,2199,2025-12-15,2025-12-17,standard,16204.06,delivered
2131,2200,2025-07-26,2025-07-29,express,11278.03,delivered
2132,2201,2025-12-25,2025-12-29,express,7257.82,delivered
2133,2202,2025-12-28,2025-12-30,standard,15341.9,delivered
2134,2203,2025-03-27,2025-03-30,express,25439.87,delivered
2135,2204,2025-11-21,2025-11-27,standard,6393.12,delivered
2136,2205,2025-12-29,2026-01-02,express,12215.51,delivered
2137,2206,2025-04-17,2025-04-20,standard,4506.95,delivered
2138,2207,2025-01-21,2025-01-24,express,12439.34,delivered
2139,2208,2025-12-26,2026-01-03,standard,10676.96,delivered
2140,2209,2025-01-31,2025-02-04,standard,3606.1,delivered
2141,2210,2025-12-02,2025-12-07,standard,11310.59,delivered
2142,2211,2025-08-02,2025-08-10,standard,6796.69,delivered
2143,2212,2026-01-01,2026-01-04,express,27617.66,delivered
2144,2213,2025-08-08,2025-08-15,standard,7627.41,delivered
2145,2214,2025-11-18,2025-11-20,standard,5962.6,delivered
2146,2215,2025-02-22,2025-02-25,standard,6203.26,delivered
2147,2216,2025-03-12,2025-03-14,standard,14252.39,delivered
2148,2217,2025-12-28,2025-12-29,express,26319.18,delivered
2149,2218,2025-07-08,2025-07-10,standard,10429.95,delivered
2150,2219,2025-01-08,2025-01-10,express,27229.82,delivered
2151,2220,2025-09-01,2025-09-03,standard,4540.92,delivered
2152,2221,2025-08-18,2025-08-20,express,12253.59,delivered
2153,2222,2025-02-27,2025-03-06,standard,12081.38,delivered
2154,2223,2025-10-22,2025-10-25,standard,15442.0,delivered
2155,2224,2025-11-16,2025-11-18,standard,3308.45,delivered
2156,2225,2025-12-04,2025-12-06,standard,7349.93,delivered
2157,2226,2025-12-27,2025-12-29,standard,7453.34,delivered
2158,2227,2025-06-06,2025-06-14,standard,14365.74,delivered
2159,2228,2025-09-14,2025-09-18,standard,6847.6,delivered
2160,2229,2025-10-08,2025-10-10,standard,6768.68,delivered
2161,2230,2025-03-07,2025-03-10,standard,10356.01,delivered
2162,2231,2025-12-30,2026-01-03,express,19911.67,delivered
2163,2232,2025-05-15,2025-05-16,express,24989.15,delivered
2164,2233,2026-01-01,2026-01-03,standard,16412.48,delivered
2165,2234,2025-11-22,2025-11-27,express,13234.86,delivered
2166,2235,2025-11-14,2025-11-16,standard,15660.1,delivered
2167,2236,2025-12-31,2026-01-08,standard,16705.9,delivered
2168,2237,2025-12-30,2026-01-02,standard,3311.94,delivered
2169,2238,2025-09-12,2025-09-14,standard,14389.47,delivered
2170,2239,2025-10-22,2025-10-24,standard,12487.26,delivered
2171,2240,2025-10-17,2025-10-22,standard,6689.92,delivered
2172,2241,2025-08-01,2025-08-04,express,12469.65,delivered
2173,2242,2025-11-05,2025-11-07,standard,3855.48,delivered
2174,2243,2025-09-26,2025-10-02,standard,6819.34,delivered
2175,2244,2025-12-13,2025-12-21,standard,16595.34,delivered
2176,2245,2025-03-12,2025-03-18,standard,6041.17,delivered
2177,2246,2026-01-01,2026-01-04,standard,16016.08,delivered
2178,2247,2025-10-18,2025-10-26,standard,13122.4,delivered
2179,2248,2025-05-17,2025-05-21,express,16102.63,delivered
2180,2249,2025-12-26,2026-01-02,standard,4954.35,delivered
2181,2250,2025-12-26,2025-12-29,standard,11156.56,delivered
2182,2251,2025-10-01,2025-10-08,standard,12607.47,delivered
2183,2252,2025-05-12,2025-05-17,standard,2886.44,delivered
2184,2253,2025-07-13,2025-07-14,express,6803.25,delivered
2185,2254,2025-12-30,2026-01-01,express,26069.76,delivered
2186,2255,2025-11-15,2025-11-22,standard,13446.87,delivered
2187,2256,2025-07-11,2025-07-14,standard,7596.23,delivered
2188,2257,2025-06-25,2025-07-03,standard,16500.74,delivered
2189,2258,2025-09-05,2025-09-08,express,22125.16,delivered
2190,2260,2025-08-28,2025-08-30,express,27244.47,delivered
2191,2261,2025-11-07,2025-11-09,standard,14372.71,delivered
2192,2262,2025-07-12,2025-07-17,standard,14902.53,delivered
2193,2263,2025-05-20,2025-05-21,express,17416.06,delivered
2194,2264,2026-01-01,2026-01-06,standard,11505.75,delivered
2195,2265,2025-05-28,2025-06-05,standard,5098.77,delivered
2196,2266,2025-07-29,2025-07-31,standard,16136.03,delivered
2197,2267,2025-12-28,2026-01-01,express,13825.19,delivered
2198,2268,2025-12-29,2026-01-06,standard,8610.53,delivered
2199,2269,2025-12-26,2025-12-31,standard,7735.36,delivered
2200,2270,2025-10-28,2025-11-02,standard,6732.6,delivered
2201,2271,2025-08-30,2025-09-06,standard,10465.51,delivered
2202,2272,2025-09-21,2025-09-24,standard,12248.4,delivered
2203,2273,2025-12-18,2025-12-20,express,20646.35,delivered
2204,2274,2025-06-11,2025-06-14,standard,8570.55,delivered
2205,2275,2025-10-05,2025-10-07,standard,11288.05,delivered
2206,2276,2025-01-31,2025-02-05,standard,2877.69,delivered
2207,2277,2025-02-03,2025-02-05,standard,4941.33,delivered
2208,2278,2025-04-17,2025-04-25,standard,8914.49,delivered
2209,2279,2025-03-03,2025-03-08,standard,13501.63,delivered
2210,2280,2025-12-29,2026-01-05,standard,7981.38,delivered
2211,2281,2025-11-13,2025-11-22,standard,8061.2,delivered
2212,2282,2025-11-02,2025-11-05,standard,8134.22,delivered
2213,2283,2025-09-06,2025-09-09,standard,3173.83,delivered
2214,2284,2025-03-03,2025-03-11,standard,6865.84,delivered
2215,2285,2026-01-01,2026-01-09,standard,10844.04,delivered
2216,2286,2025-06-02,2025-06-09,standard,8926.34,delivered
2217,2287,2025-10-18,2025-10-22,standard,12693.0,delivered
2218,2288,2025-12-29,2026-01-04,standard,7414.12,delivered
2219,2289,2025-02-13,2025-02-21,standard,7611.43,delivered
2220,2290,2025-07-19,2025-07-25,standard,11615.29,delivered
2221,2291,2025-12-25,2025-12-26,express,10926.05,delivered
2222,2292,2025-05-01,2025-05-03,standard,5819.88,delivered
2223,2293,2025-06-23,2025-06-30,standard,4324.44,delivered
2224,2294,2025-09-29,2025-10-06,standard,9884.02,delivered
2225,2295,2025-08-13,2025-08-19,standard,8793.78,delivered
2226,2296,2025-04-15,2025-04-17,standard,4367.0,delivered
2227,2297,2025-02-22,2025-02-26,standard,6672.6,delivered
2228,2298,2025-02-05,2025-02-11,standard,6405.16,delivered
2229,2299,2025-12-28,2026-01-01,standard,11084.02,delivered
2230,2300,2025-07-27,2025-07-29,standard,10905.27,delivered
2231,2301,2025-06-25,2025-06-29,standard,4757.67,delivered
2232,2302,2025-11-17,2025-11-23,standard,7287.73,delivered
2233,2304,2025-12-30,2026-01-03,express,13474.36,delivered
2234,2305,2025-06-10,2025-06-13,standard,7859.09,delivered
2235,2306,2025-02-11,2025-02-17,standard,13867.75,delivered
2236,2308,2025-08-09,2025-08-12,standard,14679.46,delivered
2237,2309,2025-07-23,2025-07-28,standard,16709.58,delivered
2238,2310,2025-07-20,2025-07-26,standard,15870.91,delivered
2239,2311,2025-08-21,2025-08-26,standard,8216.09,delivered
2240,2313,2025-11-03,2025-11-11,standard,12936.28,delivered
2241,2314,2025-05-07,2025-05-08,express,12930.72,delivered
2242,2315,2025-12-03,2025-12-08,standard,14035.84,delivered
2243,2316,2025-12-30,2026-01-06,standard,13975.1,delivered
2244,2317,2025-01-07,2025-01-14,standard,7536.73,delivered
2245,2318,2025-04-26,2025-04-29,standard,14716.62,delivered
2246,2319,2025-06-12,2025-06-15,standard,6493.93,delivered
2247,2320,2025-06-02,2025-06-05,standard,13919.1,delivered
2248,2321,2025-11-01,2025-11-08,standard,12772.6,delivered
2249,2322,2025-08-30,2025-09-02,express,20021.07,delivered
2250,2323,2025-10-10,2025-10-15,standard,5953.71,delivered
2251,2324,2025-09-15,2025-09-20,standard,8042.46,delivered
2252,2325,2025-11-10,2025-11-15,standard,11985.42,delivered
2253,2326,2025-07-23,2025-07-31,standard,5259.26,delivered
2254,2327,2025-08-24,2025-08-31,standard,5817.67,delivered
2255,2328,2025-11-29,2025-12-02,express,24527.66,delivered
2256,2329,2025-12-30,2026-01-01,standard,12550.26,delivered
2257,2330,2025-08-18,2025-08-22,standard,16074.8,delivered
2258,2331,2025-08-05,2025-08-09,standard,9812.85,delivered
2259,2332,2025-09-25,2025-10-02,standard,10991.19,delivered
2260,2333,2025-10-29,2025-11-04,standard,14548.92,delivered
2261,2334,2025-04-17,2025-04-20,standard,7552.8,delivered
2262,2335,2025-12-30,2026-01-06,standard,5224.5,delivered
2263,2336,2025-12-27,2025-12-29,standard,6191.64,delivered
2264,2337,2025-10-06,2025-10-10,standard,5807.18,delivered
2265,2338,2025-03-07,2025-03-13,standard,6732.89,delivered
2266,2339,2025-06-19,2025-06-22,standard,5577.2,delivered
2267,2340,2025-06-23,2025-06-25,express,11594.84,delivered
2268,2341,2025-08-17,2025-08-21,standard,10276.26,delivered
2269,2342,2025-04-29,2025-05-02,express,15748.14,delivered
2270,2343,2025-07-09,2025-07-13,standard,4203.6,delivered
2271,2344,2025-11-02,2025-11-09,standard,4870.32,delivered
2272,2345,2025-04-05,2025-04-12,standard,5947.57,delivered
2273,2346,2025-05-23,2025-05-29,standard,10087.83,delivered
2274,2347,2025-11-04,2025-11-10,standard,13050.29,delivered
2275,2348,2025-04-08,2025-04-14,standard,10472.13,delivered
2276,2349,2025-10-09,2025-10-14,standard,15306.01,delivered
2277,2350,2025-09-01,2025-09-04,standard,6585.44,delivered
2278,2351,2025-07-14,2025-07-22,standard,11054.57,delivered
2279,2352,2025-09-27,2025-09-30,express,16887.39,delivered
2280,2353,2025-08-27,2025-09-01,standard,15673.58,delivered
2281,2354,2025-12-31,2026-01-02,standard,4273.71,delivered
2282,2355,2025-02-12,2025-02-17,standard,11560.3,delivered
2283,2356,2025-09-26,2025-10-04,standard,4052.51,delivered
2284,2357,2025-04-30,2025-05-04,standard,11928.0,delivered
2285,2358,2025-01-04,2025-01-09,standard,5612.57,delivered
2286,2359,2025-07-29,2025-07-31,standard,5805.51,delivered
2287,2360,2025-05-11,2025-05-14,standard,7257.74,delivered
2288,2361,2025-11-07,2025-11-11,express,18268.77,delivered
2289,2362,2025-08-21,2025-08-24,express,11258.88,delivered
2290,2363,2025-09-27,2025-09-30,standard,10372.32,delivered
2291,2364,2025-07-14,2025-07-17,standard,6907.64,delivered
2292,2365,2025-12-30,2026-01-05,standard,7486.17,delivered
2293,2366,2025-11-15,2025-11-20,standard,4533.56,delivered
2294,2367,2025-11-17,2025-11-22,standard,7379.81,delivered
2295,2368,2025-12-02,2025-12-05,standard,13360.58,delivered
2296,2369,2025-12-23,2025-12-26,standard,6892.42,delivered
2297,2370,2025-10-27,2025-10-30,express,27910.95,delivered
2298,2371,2025-02-24,2025-02-25,express,8879.95,delivered
2299,2372,2025-04-29,2025-05-05,standard,7169.04,delivered
2300,2373,2025-05-08,2025-05-12,standard,3812.29,delivered
2301,2374,2025-12-30,2026-01-06,standard,9220.35,delivered
2302,2375,2025-09-30,2025-10-08,standard,10390.16,delivered
2303,2376,2025-08-30,2025-09-03,express,14174.79,delivered
2304,2377,2025-12-03,2025-12-09,standard,16787.06,delivered
2305,2378,2025-09-29,2025-10-04,standard,14793.56,delivered
2306,2379,2025-03-12,2025-03-14,standard,12335.41,delivered
2307,2380,2025-10-07,2025-10-08,express,25687.99,delivered
2308,2381,2025-05-05,2025-05-08,express,22179.82,delivered
2309,2382,2025-12-28,2025-12-31,standard,6337.39,delivered
2310,2384,2025-09-28,2025-10-06,standard,9588.2,delivered
2311,2385,2025-09-05,2025-09-07,express,12115.98,delivered
2312,2386,2025-07-12,2025-07-17,standard,14271.72,delivered
2313,2387,2025-08-13,2025-08-18,standard,7544.76,delivered
2314,2388,2025-11-02,2025-11-04,standard,11447.22,delivered
2315,2389,2025-04-06,2025-04-09,express,11929.06,delivered
2316,2390,2025-05-08,2025-05-13,standard,11926.31,delivered
2317,2391,2025-05-30,2025-06-06,standard,8548.08,delivered
2318,2392,2025-08-01,2025-08-05,standard,16274.12,delivered
2319,2393,2025-09-14,2025-09-19,standard,16176.52,delivered
2320,2394,2025-05-23,2025-05-27,standard,5620.97,delivered
2321,2395,2025-02-16,2025-02-23,standard,15846.64,delivered
2322,2396,2025-11-08,2025-11-12,standard,9170.54,delivered
2323,2397,2025-03-21,2025-03-24,standard,11559.74,delivered
2324,2398,2025-08-20,2025-08-21,express,23925.7,delivered
2325,2399,2026-01-01,2026-01-08,standard,6849.96,delivered
2326,2400,2025-12-28,2025-12-30,express,27242.45,delivered
2327,2401,2025-09-24,2025-10-02,standard,5615.75,delivered
2328,2402,2025-11-14,2025-11-18,standard,2824.19,delivered
2329,2403,2025-01-13,2025-01-17,express,21751.8,delivered
2330,2404,2025-10-13,2025-10-16,express,7995.21,delivered
2331,2406,2025-10-05,2025-10-13,standard,10381.3,delivered
2332,2407,2025-09-03,2025-09-07,express,9487.72,delivered
2333,2408,2025-06-22,2025-06-28,standard,14867.39,delivered
2334,2409,2025-08-06,2025-08-07,express,27581.71,delivered
2335,2410,2025-11-21,2025-11-28,standard,6457.82,delivered
2336,2411,2025-05-16,2025-05-23,standard,13762.94,delivered
2337,2412,2026-01-01,2026-01-08,standard,6662.1,delivered
2338,2414,2025-10-23,2025-10-26,standard,12109.28,delivered
2339,2416,2025-08-22,2025-08-24,express,7878.88,delivered
2340,2417,2025-02-26,2025-03-01,standard,10319.01,delivered
2341,2418,2025-09-25,2025-09-30,standard,5609.89,delivered
2342,2419,2025-12-28,2025-12-30,standard,5483.87,delivered
2343,2420,2025-09-07,2025-09-09,standard,16477.65,delivered
2344,2421,2025-06-28,2025-06-30,standard,5503.6,delivered
2345,2422,2025-12-31,2026-01-08,standard,7496.79,delivered
2346,2423,2025-11-05,2025-11-11,standard,11201.03,delivered
2347,2424,2025-10-03,2025-10-06,standard,13233.19,delivered
2348,2425,2025-12-26,2025-12-29,standard,11124.96,delivered
2349,2426,2025-06-25,2025-06-26,express,19766.2,delivered
2350,2427,2025-12-09,2025-12-16,standard,4342.99,delivered
2351,2428,2025-07-07,2025-07-12,standard,10486.44,delivered
2352,2429,2025-08-17,2025-08-25,standard,8521.35,delivered
2353,2430,2025-06-06,2025-06-13,standard,7826.8,delivered
2354,2431,2025-07-28,2025-08-03,standard,4676.58,delivered
2355,2432,2025-08-25,2025-08-28,standard,10936.61,delivered
2356,2433,2025-09-30,2025-10-02,standard,5658.51,delivered
2357,2434,2025-06-27,2025-06-29,standard,3610.01,delivered
2358,2435,2025-07-24,2025-07-30,standard,3733.23,delivered
2359,2436,2025-10-01,2025-10-09,standard,15556.71,delivered
2360,2437,2025-09-22,2025-09-30,standard,10199.57,delivered
2361,2438,2025-08-20,2025-08-23,standard,13373.54,delivered
2362,2439,2025-12-31,2026-01-06,standard,6770.02,delivered
2363,2440,2025-12-23,2025-12-29,standard,13464.79,delivered
2364,2441,2025-03-16,2025-03-19,standard,13604.38,delivered
2365,2442,2025-02-15,2025-02-23,standard,11874.59,delivered
2366,2443,2025-12-28,2026-01-04,standard,9945.91,delivered
2367,2444,2025-10-14,2025-10-18,standard,7919.21,delivered
2368,2446,2025-12-23,2025-12-25,express,11071.75,delivered
2369,2447,2025-02-28,2025-03-08,standard,13496.9,delivered
2370,2448,2025-12-31,2026-01-04,standard,6324.64,delivered
2371,2449,2025-12-22,2025-12-25,standard,3062.05,delivered
2372,2450,2025-11-01,2025-11-06,standard,9934.39,delivered
2373,2451,2025-11-28,2025-11-30,express,24529.82,delivered
2374,2452,2025-05-10,2025-05-14,express,14816.58,delivered
2375,2453,2025-12-31,2026-01-08,standard,13009.52,delivered
2376,2454,2025-10-01,2025-10-06,standard,14726.51,delivered
2377,2455,2025-02-12,2025-02-16,standard,3409.92,delivered
2378,2456,2025-07-25,2025-08-02,standard,5294.56,delivered
2379,2457,2025-02-10,2025-02-12,standard,5153.64,delivered
2380,2458,2025-10-03,2025-10-08,standard,7549.84,delivered
2381,2459,2025-03-30,2025-04-03,standard,9158.58,delivered
2382,2460,2025-07-19,2025-07-23,standard,3742.7,delivered
2383,2461,2025-12-17,2025-12-20,standard,4150.77,delivered
2384,2462,2025-08-07,2025-08-11,standard,7070.41,delivered
2385,2463,2025-08-15,2025-08-17,standard,6470.94,delivered
2386,2464,2025-09-27,2025-10-03,standard,2969.39,delivered
2387,2465,2025-09-20,2025-09-23,standard,14717.41,delivered
2388,2466,2025-12-29,2026-01-02,standard,6420.48,delivered
2389,2467,2025-10-06,2025-10-10,standard,6716.2,delivered
2390,2468,2025-05-27,2025-06-04,standard,6700.58,delivered
2391,2469,2025-12-29,2025-12-31,standard,2944.12,delivered
2392,2470,2025-08-23,2025-08-26,express,7427.7,delivered
2393,2471,2025-12-25,2025-12-29,standard,11985.35,delivered
2394,2472,2025-03-01,2025-03-10,standard,12090.12,delivered
2395,2473,2025-05-16,2025-05-17,express,27834.78,delivered
2396,2474,2025-03-07,2025-03-08,express,8416.19,delivered
2397,2475,2025-12-31,2026-01-03,express,24462.85,delivered
2398,2476,2025-03-22,2025-03-30,standard,11869.61,delivered
2399,2477,2025-06-20,2025-06-24,express,23044.29,delivered
2400,2478,2025-12-29,2026-01-06,standard,11118.92,delivered
2401,2479,2025-05-13,2025-05-17,standard,13236.12,delivered
2402,2480,2025-02-16,2025-02-18,standard,11837.82,delivered
2403,2481,2025-12-31,2026-01-04,standard,3708.44,delivered
2404,2482,2025-07-25,2025-07-28,standard,6409.47,delivered
2405,2483,2025-05-17,2025-05-21,express,12083.93,delivered
2406,2484,2025-12-29,2026-01-01,standard,10996.4,delivered
2407,2485,2025-05-15,2025-05-21,standard,9964.15,delivered
2408,2486,2025-10-10,2025-10-12,standard,9671.83,delivered
2409,2487,2025-11-02,2025-11-09,standard,4517.01,delivered
2410,2488,2025-07-05,2025-07-07,standard,12110.48,delivered
2411,2489,2025-07-24,2025-07-25,express,13016.22,delivered
2412,2490,2025-09-10,2025-09-12,standard,9150.56,delivered
2413,2491,2025-12-30,2026-01-01,express,25681.91,delivered
2414,2492,2025-07-06,2025-07-14,standard,13672.42,delivered
2415,2493,2025-06-07,2025-06-10,express,14665.7,delivered
2416,2494,2025-09-27,2025-10-04,standard,12956.24,delivered
2417,2495,2025-10-22,2025-10-30,standard,7803.78,delivered
2418,2496,2025-05-06,2025-05-09,standard,8387.66,delivered
2419,2497,2025-12-28,2026-01-02,standard,7660.21,delivered
2420,2499,2025-01-20,2025-01-22,express,12654.67,delivered
2421,2500,2025-06-13,2025-06-15,standard,14204.38,delivered
2422,2501,2025-09-04,2025-09-08,express,12033.23,delivered
2423,2502,2025-07-19,2025-07-22,standard,8537.94,delivered
2424,2503,2025-09-10,2025-09-16,standard,8409.01,delivered
2425,2504,2025-12-28,2026-01-06,standard,16406.69,delivered
2426,2505,2025-10-31,2025-11-01,express,27427.17,delivered
2427,2506,2025-04-30,2025-05-06,standard,8866.58,delivered
2428,2507,2025-07-19,2025-07-23,standard,12197.24,delivered
2429,2508,2025-07-21,2025-07-24,standard,7565.73,delivered
2430,2509,2025-03-11,2025-03-19,standard,11093.15,delivered
2431,2511,2025-11-21,2025-11-24,standard,10031.24,delivered
2432,2512,2025-08-07,2025-08-11,express,13352.67,delivered
2433,2513,2025-06-16,2025-06-24,standard,13428.63,delivered
2434,2514,2025-06-30,2025-07-06,standard,16632.11,delivered
2435,2515,2025-08-28,2025-09-02,express,20008.0,delivered
2436,2516,2025-11-08,2025-11-12,standard,13706.51,delivered
2437,2517,2025-07-17,2025-07-21,standard,11974.76,delivered
2438,2518,2025-11-03,2025-11-09,standard,15761.17,delivered
2439,2519,2025-03-14,2025-03-19,standard,13048.36,delivered
2440,2520,2025-03-15,2025-03-22,standard,2889.7,delivered
2441,2521,2025-11-10,2025-11-15,standard,13401.24,delivered
2442,2522,2025-12-30,2025-12-31,express,24868.95,delivered
2443,2523,2025-06-19,2025-06-24,standard,6006.03,delivered
2444,2524,2025-06-05,2025-06-06,express,12688.09,delivered
2445,2525,2025-01-14,2025-01-16,express,18706.82,delivered
2446,2526,2025-12-12,2025-12-18,standard,7671.39,delivered
2447,2528,2025-06-26,2025-06-28,standard,7740.82,delivered
2448,2529,2025-08-19,2025-08-24,standard,15250.29,delivered
2449,2530,2025-09-28,2025-10-05,standard,15877.49,delivered
2450,2531,2025-06-02,2025-06-06,standard,6571.52,delivered
2451,2532,2025-01-04,2025-01-06,standard,9357.51,delivered
2452,2533,2025-10-03,2025-10-06,standard,12146.64,delivered
2453,2534,2025-03-27,2025-03-31,standard,5902.23,delivered
2454,2535,2025-03-23,2025-03-25,standard,4790.13,delivered
2455,2536,2025-04-20,2025-04-23,standard,6760.53,delivered
2456,2537,2025-10-21,2025-10-25,standard,3468.15,delivered
2457,2538,2025-12-06,2025-12-10,standard,6412.63,delivered
2458,2540,2025-12-27,2026-01-03,standard,8612.96,delivered
2459,2541,2025-11-08,2025-11-16,standard,13715.64,delivered
2460,2542,2025-12-25,2025-12-26,express,8983.63,delivered
2461,2543,2025-03-15,2025-03-18,standard,14777.71,delivered
2462,2544,2025-05-26,2025-05-29,standard,12962.8,delivered
2463,2545,2025-05-08,2025-05-14,standard,15547.59,delivered
2464,2546,2025-11-01,2025-11-07,standard,11468.51,delivered
2465,2548,2025-02-16,2025-02-20,standard,6472.14,delivered
2466,2549,2025-05-22,2025-05-24,standard,13133.67,delivered
2467,2550,2025-09-19,2025-09-20,express,18021.01,delivered
2468,2551,2025-12-03,2025-12-06,express,11796.65,delivered
2469,2552,2025-08-21,2025-08-23,standard,5549.69,delivered
2470,2553,2025-12-21,2025-12-22,express,21161.63,delivered
2471,2554,2025-09-08,2025-09-10,standard,16488.15,delivered
2472,2555,2025-08-29,2025-09-04,standard,5822.65,delivered
2473,2556,2025-12-31,2026-01-09,standard,13379.61,delivered
2474,2557,2025-09-27,2025-09-29,express,22949.56,delivered
2475,2558,2025-12-27,2026-01-01,standard,5636.36,delivered
2476,2559,2025-09-15,2025-09-19,standard,7693.39,delivered
2477,2560,2025-10-21,2025-10-24,standard,16642.77,delivered
2478,2561,2025-05-29,2025-06-06,standard,13146.01,delivered
2479,2562,2025-09-27,2025-10-03,standard,2945.16,delivered
2480,2563,2025-05-19,2025-05-25,standard,9131.14,delivered
2481,2564,2025-11-27,2025-12-02,standard,11618.41,delivered
2482,2565,2025-06-28,2025-07-02,standard,7176.33,delivered
2483,2566,2025-12-28,2025-12-30,express,23910.92,delivered
2484,2567,2025-11-15,2025-11-23,standard,3340.47,delivered
2485,2568,2025-08-08,2025-08-11,standard,9079.88,delivered
2486,2569,2025-07-01,2025-07-06,standard,6191.67,delivered
2487,2570,2025-11-11,2025-11-12,express,7239.41,delivered
2488,2571,2025-02-24,2025-02-26,standard,11893.26,delivered
2489,2572,2025-12-28,2026-01-01,express,18257.05,delivered
2490,2573,2025-06-04,2025-06-07,express,13781.01,delivered
2491,2574,2025-04-04,2025-04-13,standard,6664.16,delivered
2492,2575,2025-05-02,2025-05-07,standard,7467.08,delivered
2493,2576,2025-02-17,2025-02-19,express,17731.76,delivered
2494,2577,2025-06-25,2025-06-29,standard,13456.78,delivered
2495,2578,2025-07-29,2025-08-06,standard,5409.41,delivered
2496,2580,2025-02-25,2025-03-04,standard,16000.39,delivered
2497,2581,2025-07-20,2025-07-27,standard,6863.3,delivered
2498,2582,2025-06-01,2025-06-09,standard,6209.04,delivered
2499,2583,2025-11-22,2025-11-30,standard,11578.3,delivered
2500,2584,2025-08-22,2025-08-27,standard,6992.6,delivered
2501,2585,2025-02-25,2025-03-01,express,14984.85,delivered
2502,2586,2025-12-20,2025-12-23,standard,10330.34,delivered
2503,2587,2025-11-13,2025-11-20,standard,11076.99,delivered
2504,2588,2025-08-18,2025-08-21,express,11206.32,delivered
2505,2589,2025-08-27,2025-09-02,standard,8346.58,delivered
2506,2591,2025-12-30,2026-01-02,standard,13392.35,delivered
2507,2592,2025-07-29,2025-08-05,standard,4987.24,delivered
2508,2593,2025-12-24,2025-12-27,express,22598.27,delivered
2509,2594,2026-01-01,2026-01-09,standard,3437.7,delivered
2510,2595,2025-08-05,2025-08-10,standard,12637.37,delivered
2511,2596,2026-01-01,2026-01-02,express,16187.11,delivered
2512,2597,2025-08-16,2025-08-24,standard,9034.69,delivered
2513,2598,2025-07-12,2025-07-16,express,8901.17,delivered
2514,2599,2025-08-05,2025-08-09,express,13725.81,delivered
2515,2600,2025-08-10,2025-08-13,standard,8642.98,delivered
2516,2601,2025-08-09,2025-08-12,standard,15416.01,delivered
2517,2602,2025-06-12,2025-06-18,standard,3672.5,delivered
2518,2603,2025-11-24,2025-12-03,standard,16108.45,delivered
2519,2604,2025-12-31,2026-01-04,express,24387.99,delivered
2520,2605,2025-08-30,2025-09-07,standard,7914.74,delivered
2521,2606,2025-01-22,2025-01-23,express,23558.43,delivered
2522,2607,2025-12-05,2025-12-13,standard,3337.25,delivered
2523,2608,2025-06-30,2025-07-04,express,16301.38,delivered
2524,2609,2025-01-05,2025-01-11,standard,3415.1,delivered
2525,2610,2025-07-09,2025-07-14,standard,12430.49,delivered
2526,2611,2025-02-24,2025-02-27,standard,12677.92,delivered
2527,2612,2025-07-15,2025-07-22,standard,7652.18,delivered
2528,2613,2025-11-14,2025-11-20,standard,9391.04,delivered
2529,2614,2025-08-08,2025-08-11,standard,10446.81,delivered
2530,2615,2025-07-17,2025-07-18,express,25251.37,delivered
2531,2616,2025-09-13,2025-09-18,express,14025.61,delivered
2532,2617,2025-07-13,2025-07-22,standard,11558.55,delivered
2533,2618,2025-12-30,2026-01-06,standard,9675.9,delivered
2534,2619,2025-09-25,2025-09-27,express,21715.71,delivered
2535,2621,2025-06-13,2025-06-20,standard,6285.33,delivered
2536,2622,2025-10-05,2025-10-11,standard,11892.14,delivered
2537,2623,2025-07-10,2025-07-12,standard,14954.43,delivered
2538,2624,2025-12-28,2025-12-30,express,12407.91,delivered
2539,2625,2025-07-01,2025-07-06,standard,10653.5,delivered
2540,2626,2025-11-22,2025-11-30,standard,5160.78,delivered
2541,2627,2025-03-08,2025-03-12,express,11808.16,delivered
2542,2628,2025-11-08,2025-11-13,standard,10879.32,delivered
2543,2629,2025-12-31,2026-01-06,standard,3851.68,delivered
2544,2630,2025-05-07,2025-05-12,standard,10663.96,delivered
2545,2631,2025-04-25,2025-04-27,standard,12186.21,delivered
2546,2632,2025-01-14,2025-01-20,standard,8715.61,delivered
2547,2633,2025-04-18,2025-04-24,standard,14050.73,delivered
2548,2634,2025-12-29,2025-12-30,express,27725.5,delivered
2549,2635,2025-12-13,2025-12-20,standard,10734.14,delivered
2550,2636,2025-10-04,2025-10-11,standard,4552.74,delivered
2551,2637,2025-06-19,2025-06-26,standard,15498.42,delivered
2552,2638,2025-11-01,2025-11-09,standard,7175.79,delivered
2553,2639,2025-06-28,2025-07-06,standard,14328.57,delivered
2554,2640,2025-08-09,2025-08-16,standard,13819.28,delivered
2555,2641,2025-12-31,2026-01-08,standard,7517.31,delivered
2556,2642,2025-10-29,2025-10-30,express,7318.19,delivered
2557,2643,2025-10-27,2025-10-30,express,19834.64,delivered
2558,2644,2025-07-14,2025-07-18,express,20203.72,delivered
2559,2645,2025-08-04,2025-08-11,standard,5761.28,delivered
2560,2646,2026-01-01,2026-01-03,standard,14931.77,delivered
2561,2647,2025-02-15,2025-02-20,standard,12034.82,delivered
2562,2648,2025-08-12,2025-08-15,standard,8345.71,delivered
2563,2650,2025-04-17,2025-04-21,express,19474.53,delivered
2564,2651,2025-10-31,2025-11-08,standard,9479.61,delivered
2565,2652,2025-07-31,2025-08-05,standard,5240.64,delivered
2566,2653,2026-01-01,2026-01-02,express,18002.2,delivered
2567,2654,2025-05-24,2025-05-27,express,25911.13,delivered
2568,2655,2025-08-02,2025-08-08,standard,14168.48,delivered
2569,2656,2025-12-29,2026-01-01,standard,6834.61,delivered
2570,2657,2025-05-02,2025-05-08,standard,4672.03,delivered
2571,2658,2025-10-24,2025-10-27,express,8752.83,delivered
2572,2659,2025-10-10,2025-10-13,standard,12144.74,delivered
2573,2660,2025-06-22,2025-06-29,standard,10070.28,delivered
2574,2661,2025-08-02,2025-08-06,standard,5949.11,delivered
2575,2662,2025-05-30,2025-06-02,standard,4807.48,delivered
2576,2663,2025-06-16,2025-06-22,standard,6320.8,delivered
2577,2664,2025-02-11,2025-02-17,standard,16398.77,delivered
2578,2665,2025-10-14,2025-10-22,standard,6751.91,delivered
2579,2666,2025-11-21,2025-11-24,standard,15178.62,delivered
2580,2667,2025-09-13,2025-09-17,express,9474.17,delivered
2581,2668,2025-10-21,2025-10-28,standard,14862.34,delivered
2582,2669,2025-09-08,2025-09-10,standard,5663.87,delivered
2583,2670,2025-04-28,2025-05-06,standard,6330.86,delivered
2584,2671,2025-06-25,2025-06-30,standard,6522.34,delivered
2585,2673,2025-04-14,2025-04-16,express,20944.73,delivered
2586,2674,2025-05-18,2025-05-20,standard,15972.11,delivered
2587,2675,2025-12-02,2025-12-09,standard,14973.72,delivered
2588,2676,2025-11-15,2025-11-24,standard,14663.95,delivered
2589,2677,2025-02-04,2025-02-06,standard,6973.4,delivered
2590,2678,2025-06-22,2025-06-26,standard,8278.78,delivered
2591,2679,2025-04-22,2025-04-25,standard,11447.47,delivered
2592,2681,2025-11-14,2025-11-17,standard,13355.33,delivered
2593,2682,2025-04-05,2025-04-11,standard,10390.25,delivered
2594,2683,2025-03-25,2025-03-29,standard,9392.16,delivered
2595,2684,2025-11-13,2025-11-19,standard,14410.07,delivered
2596,2685,2025-10-15,2025-10-19,standard,13475.15,delivered
2597,2686,2025-08-18,2025-08-20,standard,10274.21,delivered
2598,2687,2025-09-26,2025-10-02,standard,6489.12,delivered
2599,2688,2025-12-29,2026-01-06,standard,7775.41,delivered
2600,2689,2025-12-02,2025-12-06,standard,10228.09,delivered
2601,2690,2025-10-05,2025-10-07,standard,6425.34,delivered
2602,2691,2025-08-27,2025-09-02,standard,7439.5,delivered
2603,2692,2025-11-11,2025-11-15,standard,9309.31,delivered
2604,2693,2025-08-17,2025-08-21,express,17045.57,delivered
2605,2694,2025-08-07,2025-08-09,standard,5965.74,delivered
2606,2695,2025-12-03,2025-12-06,standard,9991.83,delivered
2607,2696,2025-03-23,2025-03-25,standard,13873.01,delivered
2608,2697,2025-10-28,2025-11-02,standard,7516.43,delivered
2609,2698,2025-11-11,2025-11-17,standard,11886.29,delivered
2610,2699,2025-07-07,2025-07-11,express,17363.39,delivered
2611,2700,2025-08-11,2025-08-19,standard,7254.33,delivered
2612,2701,2025-05-18,2025-05-24,standard,2993.68,delivered
2613,2702,2025-11-03,2025-11-12,standard,14960.82,delivered
2614,2703,2025-04-22,2025-05-01,standard,12402.12,delivered
2615,2704,2025-10-27,2025-10-30,express,15406.71,delivered
2616,2705,2025-07-31,2025-08-04,standard,6015.42,delivered
2617,2706,2025-06-20,2025-06-28,standard,5488.37,delivered
2618,2707,2025-11-18,2025-11-22,express,26128.62,delivered
2619,2708,2025-10-03,2025-10-07,standard,11724.91,delivered
2620,2709,2025-09-17,2025-09-24,standard,3574.53,delivered
2621,2710,2025-10-10,2025-10-13,express,10395.81,delivered
2622,2711,2025-12-20,2025-12-21,express,27842.55,delivered
2623,2712,2025-04-16,2025-04-20,standard,12713.13,delivered
2624,2713,2025-09-22,2025-09-25,standard,3322.13,delivered
2625,2714,2025-05-22,2025-05-25,standard,12828.95,delivered
2626,2715,2025-02-23,2025-02-24,express,9299.64,delivered
2627,2716,2025-10-21,2025-10-29,standard,7376.3,delivered
2628,2717,2025-11-03,2025-11-06,standard,9577.06,delivered
2629,2718,2025-11-05,2025-11-10,standard,10883.79,delivered
2630,2719,2025-12-25,2025-12-28,standard,2884.99,delivered
2631,2720,2025-10-08,2025-10-11,standard,13393.67,delivered
2632,2721,2025-10-28,2025-11-05,standard,13241.82,delivered
2633,2722,2025-12-05,2025-12-08,standard,10000.98,delivered
2634,2723,2025-09-14,2025-09-21,standard,6721.6,delivered
2635,2724,2025-06-04,2025-06-07,standard,6022.92,delivered
2636,2725,2025-10-01,2025-10-05,standard,11861.49,delivered
2637,2727,2025-10-19,2025-10-28,standard,15487.42,delivered
2638,2728,2025-12-27,2025-12-31,standard,13935.43,delivered
2639,2730,2025-11-02,2025-11-05,standard,12286.0,delivered
2640,2732,2025-10-24,2025-10-29,standard,10844.97,delivered
2641,2733,2025-12-24,2026-01-01,standard,2946.12,delivered
2642,2734,2025-09-30,2025-10-04,standard,6929.37,delivered
2643,2735,2025-10-22,2025-10-26,standard,8139.69,delivered
2644,2736,2025-04-21,2025-04-28,standard,12849.25,delivered
2645,2737,2025-08-15,2025-08-17,standard,10428.39,delivered
2646,2738,2025-09-05,2025-09-11,standard,3433.6,delivered
2647,2739,2025-04-16,2025-04-19,standard,9518.2,delivered
2648,2740,2025-09-03,2025-09-07,express,7290.49,delivered
2649,2741,2025-09-23,2025-09-25,standard,14276.9,delivered
2650,2743,2025-12-29,2025-12-31,standard,16566.52,delivered
2651,2744,2025-01-31,2025-02-02,standard,14762.83,delivered
2652,2745,2025-09-06,2025-09-13,standard,4987.75,delivered
2653,2746,2025-11-06,2025-11-14,standard,7100.79,delivered
2654,2747,2025-12-09,2025-12-11,standard,11496.97,delivered
2655,2748,2026-01-01,2026-01-04,standard,15297.42,delivered
2656,2749,2025-12-27,2025-12-31,express,7711.92,delivered
2657,2750,2025-10-03,2025-10-06,express,26611.68,delivered
2658,2751,2025-07-22,2025-07-28,standard,10512.98,delivered
2659,2752,2025-12-27,2025-12-30,standard,7345.64,delivered
2660,2753,2025-04-20,2025-04-24,standard,5971.7,delivered
2661,2754,2025-12-03,2025-12-11,standard,14369.47,delivered
2662,2755,2025-07-28,2025-08-03,standard,12026.83,delivered
2663,2756,2025-06-28,2025-07-05,standard,8219.1,delivered
2664,2758,2025-05-09,2025-05-16,standard,7327.29,delivered
2665,2759,2025-08-17,2025-08-25,standard,10013.47,delivered
2666,2760,2025-07-22,2025-07-29,standard,16512.16,delivered
2667,2761,2025-12-31,2026-01-04,standard,8306.19,delivered
2668,2762,2025-10-05,2025-10-08,express,16549.65,delivered
2669,2763,2025-10-13,2025-10-14,express,17055.33,delivered
2670,2764,2025-12-30,2026-01-03,standard,5739.06,delivered
2671,2765,2025-09-05,2025-09-12,standard,12164.44,delivered
2672,2766,2025-09-16,2025-09-20,standard,5589.1,delivered
2673,2767,2025-09-29,2025-10-02,express,26946.0,delivered
2674,2768,2025-05-22,2025-05-24,standard,8605.84,delivered
2675,2769,2025-12-26,2025-12-30,standard,5637.84,delivered
2676,2770,2025-11-08,2025-11-11,standard,12568.61,delivered
2677,2771,2025-09-21,2025-09-28,standard,12294.09,delivered
2678,2772,2025-09-17,2025-09-25,standard,3487.38,delivered
2679,2773,2025-03-28,2025-04-05,standard,5645.08,delivered
2680,2774,2025-10-14,2025-10-21,standard,6053.82,delivered
2681,2775,2025-12-26,2025-12-31,standard,15555.54,delivered
2682,2777,2025-10-24,2025-10-30,standard,5151.63,delivered
2683,2778,2025-05-26,2025-05-30,express,12904.22,delivered
2684,2779,2025-06-16,2025-06-19,express,21663.53,delivered
2685,2780,2025-08-18,2025-08-23,standard,13819.47,delivered
2686,2781,2025-10-22,2025-10-30,standard,15489.07,delivered
2687,2782,2025-08-02,2025-08-10,standard,11007.56,delivered
2688,2783,2025-08-15,2025-08-22,standard,16072.49,delivered
2689,2784,2025-08-03,2025-08-06,standard,12488.57,delivered
2690,2785,2025-08-09,2025-08-11,standard,5535.7,delivered
2691,2786,2025-11-30,2025-12-07,standard,6295.05,delivered
2692,2788,2025-11-05,2025-11-07,express,27895.34,delivered
2693,2789,2025-05-15,2025-05-23,standard,7724.05,delivered
2694,2790,2025-07-02,2025-07-04,standard,15782.78,delivered
2695,2791,2025-12-27,2025-12-29,express,12834.73,delivered
2696,2792,2025-12-28,2026-01-05,standard,3728.27,delivered
2697,2793,2025-09-02,2025-09-04,standard,3249.98,delivered
2698,2794,2025-11-03,2025-11-06,standard,9301.01,delivered
2699,2795,2025-11-11,2025-11-13,standard,14018.26,delivered
2700,2796,2025-03-03,2025-03-11,standard,10371.83,delivered
2701,2797,2025-06-02,2025-06-10,standard,4638.28,delivered
2702,2798,2025-12-28,2025-12-31,standard,6777.33,delivered
2703,2799,2025-10-17,2025-10-24,standard,8831.94,delivered
2704,2800,2025-06-22,2025-06-26,express,7132.26,delivered
2705,2801,2025-12-30,2026-01-07,standard,7761.46,delivered
2706,2802,2025-12-26,2026-01-01,standard,3848.72,delivered
2707,2803,2025-06-18,2025-06-20,express,22914.88,delivered
2708,2804,2025-06-26,2025-07-03,standard,13501.03,delivered
2709,2805,2025-09-26,2025-10-02,standard,7531.53,delivered
2710,2806,2025-08-29,2025-09-03,standard,14539.86,delivered
2711,2807,2025-12-28,2026-01-05,standard,12222.94,delivered
2712,2808,2025-03-05,2025-03-06,express,12417.98,delivered
2713,2809,2025-12-08,2025-12-10,standard,5230.67,delivered
2714,2810,2025-12-31,2026-01-07,standard,12699.37,delivered
2715,2811,2025-12-09,2025-12-14,standard,2960.48,delivered
2716,2812,2025-08-04,2025-08-06,standard,8860.08,delivered
2717,2813,2025-02-09,2025-02-12,standard,16426.09,delivered
2718,2814,2025-11-09,2025-11-12,standard,13226.95,delivered
2719,2815,2025-04-10,2025-04-17,standard,15362.33,delivered
2720,2816,2025-10-11,2025-10-14,standard,10394.64,delivered
2721,2817,2025-12-29,2026-01-03,standard,4497.89,delivered
2722,2818,2025-09-18,2025-09-20,standard,11053.54,delivered
2723,2819,2025-12-20,2025-12-27,standard,10135.03,delivered
2724,2820,2025-09-12,2025-09-15,standard,5524.71,delivered
2725,2821,2025-03-07,2025-03-12,standard,6017.97,delivered
2726,2822,2025-05-08,2025-05-12,standard,7690.73,delivered
2727,2823,2025-07-28,2025-08-01,standard,6415.23,delivered
2728,2824,2025-12-29,2026-01-01,standard,10776.99,delivered
2729,2825,2025-10-11,2025-10-13,standard,4687.23,delivered
2730,2826,2025-10-01,2025-10-07,standard,3814.32,delivered
2731,2827,2025-10-22,2025-10-26,express,13894.27,delivered
2732,2828,2025-08-28,2025-09-01,standard,12919.67,delivered
2733,2829,2025-12-31,2026-01-04,standard,5733.71,delivered
2734,2830,2025-09-14,2025-09-22,standard,16110.26,delivered
2735,2831,2025-12-27,2026-01-01,standard,8206.33,delivered
2736,2832,2025-10-03,2025-10-08,standard,14087.49,delivered
2737,2833,2025-02-08,2025-02-12,standard,6398.03,delivered
2738,2834,2025-01-02,2025-01-06,standard,3894.86,delivered
2739,2835,2025-08-14,2025-08-16,express,9160.22,delivered
2740,2836,2025-12-31,2026-01-08,standard,13581.81,delivered
2741,2837,2025-07-13,2025-07-17,standard,3105.48,delivered
2742,2839,2025-08-20,2025-08-25,standard,14973.32,delivered
2743,2840,2025-09-09,2025-09-17,standard,8877.08,delivered
2744,2841,2025-07-22,2025-07-29,standard,12496.85,delivered
2745,2842,2025-12-01,2025-12-04,standard,15654.3,delivered
2746,2843,2025-06-25,2025-06-28,express,13418.24,delivered
2747,2844,2025-01-05,2025-01-09,standard,10488.66,delivered
2748,2845,2025-01-06,2025-01-14,standard,10735.75,delivered
2749,2846,2025-11-22,2025-11-27,standard,13396.92,delivered
2750,2847,2025-11-15,2025-11-22,standard,13435.91,delivered
2751,2848,2025-07-30,2025-07-31,express,20992.24,delivered
2752,2849,2025-10-13,2025-10-15,standard,6383.55,delivered
2753,2850,2025-09-29,2025-10-06,standard,12881.75,delivered
2754,2851,2025-06-11,2025-06-13,express,11831.55,delivered
2755,2852,2025-07-07,2025-07-08,express,22770.67,delivered
2756,2853,2025-05-12,2025-05-18,standard,3140.21,delivered
2757,2854,2025-11-06,2025-11-14,standard,6063.5,delivered
2758,2855,2025-11-08,2025-11-15,standard,10190.66,delivered
2759,2856,2025-03-16,2025-03-22,standard,16747.91,delivered
2760,2857,2025-07-23,2025-07-30,standard,6648.75,delivered
2761,2858,2025-02-11,2025-02-14,standard,15761.1,delivered
2762,2859,2025-05-04,2025-05-07,standard,4912.05,delivered
2763,2860,2025-05-25,2025-05-27,standard,9874.04,delivered
2764,2861,2025-12-28,2026-01-03,standard,7089.65,delivered
2765,2862,2025-02-25,2025-03-04,standard,13874.29,delivered
2766,2863,2025-05-31,2025-06-02,standard,7748.36,delivered
2767,2864,2025-06-20,2025-06-27,standard,7214.92,delivered
2768,2865,2025-09-09,2025-09-10,express,12959.94,delivered
2769,2866,2025-09-21,2025-09-27,standard,5922.72,delivered
2770,2867,2025-02-26,2025-03-06,standard,8822.76,delivered
2771,2868,2025-01-28,2025-02-01,express,10037.6,delivered
2772,2869,2025-09-06,2025-09-08,standard,11939.14,delivered
2773,2870,2025-08-08,2025-08-14,standard,8755.22,delivered
2774,2871,2025-01-06,2025-01-12,standard,6164.67,delivered
2775,2872,2025-10-19,2025-10-22,standard,6542.71,delivered
2776,2873,2025-12-29,2025-12-31,express,18356.35,delivered
2777,2874,2025-06-28,2025-07-06,standard,9080.87,delivered
2778,2875,2025-07-22,2025-07-29,standard,13448.2,delivered
2779,2876,2025-11-21,2025-11-23,express,11138.21,delivered
2780,2877,2025-10-19,2025-10-27,standard,3912.82,delivered
2781,2878,2025-08-10,2025-08-18,standard,14814.73,delivered
2782,2879,2025-11-19,2025-11-24,standard,6586.27,delivered
2783,2880,2025-08-30,2025-09-06,standard,3881.59,delivered
2784,2881,2025-09-26,2025-10-02,standard,12413.13,delivered
2785,2882,2025-06-22,2025-06-25,standard,14470.62,delivered
2786,2883,2025-07-09,2025-07-12,standard,2838.56,delivered
2787,2884,2025-10-09,2025-10-13,standard,8370.61,delivered
2788,2885,2025-12-18,2025-12-23,standard,6945.11,delivered
2789,2886,2025-02-10,2025-02-13,standard,5632.55,delivered
2790,2887,2025-02-25,2025-03-01,standard,8461.63,delivered
2791,2888,2025-10-21,2025-10-24,standard,7038.78,delivered
2792,2889,2025-02-19,2025-02-21,express,9156.79,delivered
2793,2890,2025-11-13,2025-11-15,standard,6428.68,delivered
2794,2891,2025-09-27,2025-10-05,standard,16404.48,delivered
2795,2892,2025-09-28,2025-10-05,standard,7352.87,delivered
2796,2893,2025-11-12,2025-11-15,standard,8836.1,delivered
2797,2894,2025-11-18,2025-11-23,standard,12267.58,delivered
2798,2895,2025-12-29,2025-12-30,express,17762.76,delivered
2799,2896,2025-02-25,2025-03-04,standard,5793.76,delivered
2800,2897,2025-04-09,2025-04-12,standard,3599.05,delivered
2801,2898,2025-04-20,2025-04-25,standard,15499.7,delivered
2802,2899,2025-09-10,2025-09-15,standard,2871.0,delivered
2803,2900,2025-02-04,2025-02-09,standard,6418.32,delivered
2804,2901,2025-12-28,2026-01-03,standard,7903.89,delivered
2805,2902,2025-08-05,2025-08-07,standard,10660.82,delivered
2806,2903,2025-12-29,2026-01-02,express,24392.95,delivered
2807,2904,2025-11-01,2025-11-03,express,20704.23,delivered
2808,2905,2025-06-23,2025-06-29,standard,8430.33,delivered
2809,2906,2025-12-27,2026-01-01,standard,10317.77,delivered
2810,2907,2025-12-09,2025-12-11,express,7058.44,delivered
2811,2908,2025-10-08,2025-10-12,express,20866.22,delivered
2812,2909,2025-03-23,2025-03-28,standard,10636.21,delivered
2813,2910,2025-10-30,2025-11-03,standard,13115.34,delivered
2814,2911,2025-08-25,2025-08-29,standard,16733.49,delivered
2815,2912,2025-07-18,2025-07-25,standard,14319.36,delivered
2816,2913,2025-04-25,2025-04-28,express,13012.92,delivered
2817,2914,2025-09-14,2025-09-19,standard,11174.76,delivered
2818,2915,2025-04-27,2025-05-02,standard,16259.86,delivered
2819,2916,2025-07-04,2025-07-11,standard,16274.43,delivered
2820,2917,2025-11-03,2025-11-06,express,21419.95,delivered
2821,2918,2025-07-17,2025-07-25,standard,12756.3,delivered
2822,2919,2025-07-13,2025-07-14,express,11993.4,delivered
2823,2920,2025-05-31,2025-06-06,standard,5814.94,delivered
2824,2921,2025-02-15,2025-02-17,standard,5760.48,delivered
2825,2922,2025-04-05,2025-04-07,standard,13311.47,delivered
2826,2923,2025-07-15,2025-07-22,standard,6313.47,delivered
2827,2924,2025-09-07,2025-09-10,standard,4169.05,delivered
2828,2925,2025-08-20,2025-08-27,standard,4269.93,delivered
2829,2926,2025-01-30,2025-02-05,standard,7735.33,delivered
2830,2927,2025-07-27,2025-07-30,standard,6682.98,delivered
2831,2928,2025-12-13,2025-12-17,standard,13145.6,delivered
2832,2929,2025-09-02,2025-09-10,standard,15485.32,delivered
2833,2930,2025-12-30,2026-01-05,standard,15248.18,delivered
2834,2931,2025-12-31,2026-01-06,standard,3007.14,delivered
2835,2933,2025-02-23,2025-02-26,standard,4682.68,delivered
2836,2934,2025-06-01,2025-06-03,express,8698.3,delivered
2837,2935,2025-09-19,2025-09-26,standard,15560.47,delivered
2838,2936,2025-06-15,2025-06-17,standard,4846.86,delivered
2839,2937,2025-10-18,2025-10-23,standard,5750.7,delivered
2840,2938,2025-08-02,2025-08-04,standard,9083.23,delivered
2841,2939,2025-12-14,2025-12-21,standard,6958.46,delivered
2842,2940,2025-03-10,2025-03-13,standard,15367.0,delivered
2843,2941,2025-10-26,2025-10-30,standard,10306.61,delivered
2844,2942,2025-07-03,2025-07-05,standard,16228.13,delivered
2845,2943,2025-11-30,2025-12-03,standard,11797.44,delivered
2846,2944,2025-01-31,2025-02-08,standard,15063.43,delivered
2847,2945,2025-12-28,2026-01-02,standard,15776.25,delivered
2848,2946,2025-07-10,2025-07-16,standard,8989.63,delivered
2849,2947,2025-02-17,2025-02-20,standard,4424.67,delivered
2850,2948,2025-05-23,2025-05-26,standard,16430.58,delivered
2851,2949,2025-08-21,2025-08-29,standard,8345.09,delivered
2852,2950,2025-01-17,2025-01-19,standard,10572.06,delivered
2853,2951,2025-12-26,2026-01-01,standard,8966.95,delivered
2854,2952,2025-12-26,2026-01-03,standard,10022.36,delivered
2855,2953,2025-11-05,2025-11-11,standard,14858.89,delivered
2856,2954,2025-06-06,2025-06-08,standard,2909.07,delivered
2857,2955,2025-07-18,2025-07-22,express,8371.8,delivered
2858,2956,2025-04-23,2025-04-27,express,14971.27,delivered
2859,2957,2025-09-03,2025-09-11,standard,10083.64,delivered
2860,2958,2025-10-05,2025-10-10,standard,12076.44,delivered
2861,2959,2025-10-28,2025-10-31,express,8742.63,delivered
2862,2960,2025-10-27,2025-11-01,standard,7978.0,delivered
2863,2961,2025-09-02,2025-09-05,express,27220.54,delivered
2864,2962,2025-12-09,2025-12-17,standard,10874.72,delivered
2865,2963,2025-10-02,2025-10-07,standard,7459.45,delivered
2866,2964,2025-07-18,2025-07-23,standard,11092.6,delivered
2867,2965,2025-12-27,2026-01-03,standard,3418.44,delivered
2868,2966,2025-12-14,2025-12-20,standard,11448.97,delivered
2869,2967,2025-07-30,2025-08-02,express,21856.2,delivered
2870,2968,2025-08-30,2025-09-05,standard,5179.87,delivered
2871,2969,2025-03-03,2025-03-05,standard,16636.01,delivered
2872,2970,2025-11-13,2025-11-14,express,19999.02,delivered
2873,2971,2025-07-20,2025-07-26,standard,6435.67,delivered
2874,2973,2025-03-14,2025-03-18,express,18779.25,delivered
2875,2974,2025-10-12,2025-10-15,express,27946.49,delivered
2876,2975,2025-07-02,2025-07-10,standard,4323.94,delivered
2877,2976,2025-11-12,2025-11-19,standard,2833.23,delivered
2878,2977,2025-07-30,2025-08-04,standard,15148.26,delivered
2879,2978,2025-07-30,2025-07-31,express,19969.62,delivered
2880,2979,2025-05-08,2025-05-09,express,12170.47,delivered
2881,2980,2025-08-05,2025-08-08,standard,12339.76,delivered
2882,2981,2025-11-13,2025-11-15,standard,5713.6,delivered
2883,2982,2025-09-06,2025-09-08,standard,13145.42,delivered
2884,2983,2025-12-02,2025-12-07,standard,12294.73,delivered
2885,2984,2025-11-23,2025-11-26,express,15035.62,delivered
2886,2986,2025-09-23,2025-09-26,standard,7135.14,delivered
2887,2987,2025-10-19,2025-10-22,standard,12277.36,delivered
2888,2988,2025-06-24,2025-06-26,standard,2904.67,delivered
2889,2989,2025-05-03,2025-05-06,express,11299.68,delivered
2890,2991,2025-06-21,2025-06-25,express,7779.88,delivered
2891,2992,2025-10-13,2025-10-18,standard,9080.53,delivered
2892,2993,2025-11-27,2025-12-05,standard,4521.74,delivered
2893,2994,2025-10-16,2025-10-20,express,26067.89,delivered
2894,2995,2025-05-08,2025-05-12,standard,11103.83,delivered
2895,2996,2025-04-07,2025-04-11,standard,13034.67,delivered
2896,2997,2025-02-04,2025-02-11,standard,6222.13,delivered
2897,2998,2025-12-27,2025-12-31,standard,16504.41,delivered
2898,2999,2025-06-20,2025-06-24,standard,15860.89,delivered
2899,3000,2025-08-14,2025-08-18,standard,5024.21,delivered
2900,3001,2025-06-28,2025-07-03,standard,14721.54,delivered
2901,3002,2025-11-18,2025-11-20,standard,6188.97,delivered
2902,3003,2025-11-17,2025-11-21,express,20363.97,delivered
2903,3004,2025-05-06,2025-05-12,standard,7381.73,delivered
2904,3005,2025-09-21,2025-09-22,express,14273.95,delivered
2905,3006,2025-09-18,2025-09-26,standard,5994.62,delivered
2906,3007,2025-10-17,2025-10-25,standard,15927.75,delivered
2907,3008,2025-09-15,2025-09-17,express,15243.51,delivered
2908,3009,2025-10-17,2025-10-20,express,11594.63,delivered
2909,3010,2025-03-12,2025-03-18,standard,10083.48,delivered
2910,3011,2025-02-18,2025-02-23,standard,12337.19,delivered
2911,3012,2025-09-03,2025-09-06,express,12464.17,delivered
2912,3013,2025-12-31,2026-01-03,standard,6459.79,delivered
2913,3014,2025-12-26,2025-12-28,standard,11075.41,delivered
2914,3015,2025-10-01,2025-10-05,standard,16184.25,delivered
2915,3016,2025-01-08,2025-01-10,standard,10154.82,delivered
2916,3017,2025-03-06,2025-03-13,standard,14433.55,delivered
2917,3018,2025-07-14,2025-07-19,standard,6795.21,delivered
2918,3019,2025-05-17,2025-05-21,standard,13689.94,delivered
2919,3020,2025-07-25,2025-07-28,standard,15750.19,delivered
2920,3021,2025-07-22,2025-07-29,standard,6864.23,delivered
2921,3022,2025-12-31,2026-01-02,standard,13426.79,delivered
2922,3023,2025-11-18,2025-11-21,express,12277.51,delivered
2923,3024,2025-10-21,2025-10-28,standard,9842.02,delivered
2924,3025,2025-03-07,2025-03-13,standard,13107.58,delivered
2925,3027,2025-06-04,2025-06-06,standard,3945.6,delivered
2926,3028,2025-10-21,2025-10-22,express,20262.23,delivered
2927,3029,2025-07-29,2025-08-06,standard,12447.15,delivered
2928,3031,2025-12-12,2025-12-15,standard,7514.33,delivered
2929,3032,2025-02-16,2025-02-22,standard,6238.42,delivered
2930,3033,2025-12-31,2026-01-08,standard,2960.28,delivered
2931,3035,2025-01-14,2025-01-22,standard,7805.74,delivered
2932,3036,2025-05-13,2025-05-18,express,19731.88,delivered
2933,3037,2025-12-31,2026-01-04,standard,7441.27,delivered
2934,3038,2025-04-18,2025-04-23,standard,7778.74,delivered
2935,3039,2025-07-25,2025-07-30,standard,16217.16,delivered
2936,3040,2025-01-26,2025-02-02,standard,9509.01,delivered
2937,3041,2025-09-09,2025-09-15,standard,5174.97,delivered
2938,3042,2025-12-30,2025-12-31,express,24071.76,delivered
2939,3043,2025-11-11,2025-11-15,express,8312.35,delivered
2940,3044,2025-09-03,2025-09-10,standard,7524.19,delivered
2941,3045,2025-01-31,2025-02-07,standard,12949.01,delivered
2942,3046,2025-07-13,2025-07-17,express,6770.68,delivered
2943,3047,2025-06-27,2025-06-28,express,19117.75,delivered
2944,3048,2025-12-31,2026-01-03,standard,13479.03,delivered
2945,3049,2025-09-17,2025-09-19,standard,15611.57,delivered
2946,3050,2025-03-18,2025-03-21,standard,7478.36,delivered
2947,3051,2026-10-30,2026-11-24,standard,13933.45,delivered
2948,3052,2026-12-03,2026-12-15,standard,15901.96,delivered
2949,3053,2026-08-12,2026-08-27,standard,19589.95,delivered
2950,3054,2026-05-28,2026-06-05,standard,13054.09,delivered
2951,3056,2026-08-30,2026-09-12,standard,12064.8,delivered
2952,3057,2026-04-11,2026-04-15,standard,13433.76,delivered
2953,3058,2026-11-02,2026-11-19,standard,17230.04,delivered
2954,3059,2026-07-28,2026-08-07,express,20716.22,delivered
2955,3060,2026-09-28,2026-10-07,standard,18358.9,delivered
2956,3061,2026-09-24,2026-10-12,express,17010.22,delivered
2957,3062,2026-10-11,2026-10-26,standard,21072.88,delivered
2958,3063,2026-02-15,2026-02-20,standard,6576.33,delivered
2959,3064,2026-09-16,2026-10-16,standard,10348.09,delivered
2960,3065,2026-10-19,2026-11-02,standard,21205.45,delivered
2961,3066,2026-07-19,2026-07-29,standard,17559.84,delivered
2962,3067,2026-01-02,2026-01-06,standard,7677.64,delivered
2963,3069,2026-12-03,2026-12-18,standard,10784.39,delivered
2964,3071,2026-04-07,2026-04-09,standard,16871.31,delivered
2965,3072,2026-01-20,2026-01-29,standard,11520.43,delivered
2966,3073,2026-07-06,2026-07-14,standard,8539.28,delivered
2967,3075,2026-05-31,2026-06-10,standard,4185.58,delivered
2968,3076,2026-05-23,2026-06-04,standard,14216.61,delivered
2969,3077,2026-08-28,2026-09-27,standard,18808.7,delivered
2970,3078,2026-10-25,2026-11-04,standard,24063.95,delivered
2971,3079,2026-11-07,2026-11-26,standard,6103.39,delivered
2972,3080,2026-12-30,,standard,19465.57,in_transit
2973,3081,2026-06-15,2026-06-24,standard,15781.49,delivered
2974,3082,2026-04-14,2026-04-18,standard,19528.98,delivered
2975,3083,2026-09-24,2026-10-11,standard,16799.93,delivered
2976,3084,2026-09-09,2026-09-29,standard,22648.42,delivered
2977,3085,2026-06-13,2026-06-20,standard,14148.66,delivered
2978,3086,2026-12-26,,standard,10274.49,in_transit
2979,3088,2026-08-04,2026-08-17,standard,13250.37,delivered
2980,3089,2026-08-28,2026-09-24,express,20319.88,delivered
2981,3090,2026-11-21,2026-12-12,standard,18246.4,delivered
2982,3091,2026-02-01,2026-02-07,standard,11755.06,delivered
2983,3092,2026-11-20,2026-12-07,standard,11905.53,delivered
2984,3093,2026-05-27,2026-06-02,standard,19451.73,delivered
2985,3094,2026-04-28,2026-05-06,standard,16787.68,delivered
2986,3095,2026-09-05,2026-09-25,express,27792.02,delivered
2987,3096,2026-09-27,2026-10-20,express,32063.96,delivered
2988,3097,2026-03-20,2026-03-25,standard,11211.98,delivered
2989,3098,2026-03-12,2026-03-20,standard,9380.92,delivered
2990,3099,2026-03-29,2026-04-03,standard,13024.68,delivered
2991,3100,2026-12-07,2026-12-18,standard,11800.69,delivered
2992,3101,2026-07-22,2026-08-05,standard,20389.99,delivered
2993,3102,2026-01-20,2026-01-29,standard,14258.1,delivered
2994,3104,2026-01-29,2026-02-03,express,31321.51,delivered
2995,3105,2026-08-19,2026-08-31,standard,10910.24,delivered
2996,3106,2026-12-08,2026-12-25,standard,20272.59,delivered
2997,3107,2026-04-21,2026-04-26,standard,7591.0,delivered
2998,3108,2026-11-29,2026-12-13,express,16592.48,delivered
2999,3109,2026-08-18,2026-09-09,standard,21798.73,delivered
3000,3110,2026-10-01,2026-10-20,standard,19901.23,delivered
3001,3111,2026-02-04,2026-02-09,standard,9983.95,delivered
3002,3112,2026-08-07,2026-08-19,standard,17971.85,delivered
3003,3113,2026-06-28,2026-07-08,standard,16957.19,delivered
3004,3114,2026-07-25,2026-08-09,standard,3925.36,delivered
3005,3115,2026-10-03,2026-10-23,express,42971.76,delivered
3006,3116,2026-09-07,2026-09-27,standard,14921.04,delivered
3007,3117,2026-04-26,2026-04-28,standard,16411.16,delivered
3008,3118,2026-08-10,2026-08-26,standard,7534.55,delivered
3009,3119,2026-11-04,2026-11-19,standard,19484.49,delivered
3010,3120,2026-05-27,2026-06-01,standard,12080.61,delivered
3011,3121,2026-12-16,2026-12-28,standard,10231.02,delivered
3012,3122,2026-10-12,2026-10-23,express,20508.92,delivered
3013,3123,2026-07-02,2026-07-11,standard,8785.35,delivered
3014,3125,2026-10-21,2026-11-12,standard,12826.95,delivered
3015,3126,2026-07-14,2026-07-20,standard,10129.62,delivered
3016,3127,2026-11-01,2026-11-14,standard,15632.4,delivered
3017,3129,2026-03-19,2026-03-24,standard,9049.83,delivered
3018,3131,2026-11-11,2026-11-27,standard,15130.0,delivered
3019,3132,2026-10-28,2026-11-09,standard,23560.48,delivered
3020,3133,2026-12-28,,standard,13282.69,in_transit
3021,3134,2026-04-08,2026-04-10,express,32654.29,delivered
3022,3135,2026-06-13,2026-06-19,express,15595.64,delivered
3023,3138,2026-10-18,2026-11-07,express,40488.34,delivered
3024,3139,2026-01-12,2026-01-21,standard,8745.81,delivered
3025,3140,2026-07-17,2026-07-27,standard,8547.86,delivered
3026,3141,2026-08-03,2026-08-08,standard,7790.67,delivered
3027,3142,2026-05-16,2026-05-20,express,27652.3,delivered
3028,3143,2026-09-11,2026-09-28,standard,8084.93,delivered
3029,3144,2026-11-26,2026-12-12,express,19186.51,delivered
3030,3145,2026-11-15,2026-12-07,standard,15685.65,delivered
3031,3146,2026-12-11,2026-12-23,standard,14547.67,delivered
3032,3147,2026-07-28,2026-08-11,standard,13258.29,delivered
3033,3148,2026-05-12,2026-05-18,express,24292.71,delivered
3034,3149,2026-01-02,2026-01-08,standard,16691.49,delivered
3035,3150,2026-10-23,2026-11-07,express,28714.57,delivered
3036,3152,2026-05-29,2026-06-01,standard,8038.36,delivered
3037,3153,2026-08-06,2026-08-21,standard,14546.71,delivered
3038,3154,2026-03-29,2026-04-01,standard,16671.71,delivered
3039,3155,2026-03-23,2026-03-29,standard,10754.35,delivered
3040,3156,2026-07-28,2026-08-10,standard,8911.5,delivered
3041,3157,2026-09-10,2026-09-25,standard,22051.29,delivered
3042,3158,2026-06-15,2026-06-26,standard,20046.97,delivered
3043,3160,2026-02-20,2026-02-23,express,25576.79,delivered
3044,3161,2026-02-26,2026-02-27,express,22006.36,delivered
3045,3162,2026-08-11,2026-08-24,standard,16673.75,delivered
3046,3163,2026-02-08,2026-02-15,standard,8856.05,delivered
3047,3165,2026-12-27,,express,29550.67,in_transit
3048,3166,2026-04-02,2026-04-11,standard,3724.29,delivered
3049,3167,2026-12-18,2026-12-27,standard,8658.22,delivered
3050,3168,2026-12-23,,standard,8277.55,in_transit
3051,3169,2026-07-24,2026-08-03,standard,21247.74,delivered
3052,3170,2026-09-02,2026-09-13,express,25750.17,delivered
3053,3171,2026-10-03,2026-10-20,express,12453.71,delivered
3054,3173,2026-05-27,2026-05-31,express,32247.79,delivered
3055,3174,2026-06-30,2026-07-07,standard,12415.7,delivered
3056,3175,2026-10-21,2026-11-05,standard,5733.95,delivered
3057,3176,2026-02-03,2026-02-10,standard,12154.86,delivered
3058,3177,2026-08-19,2026-09-02,express,20331.74,delivered
3059,3178,2026-02-08,2026-02-16,standard,17576.67,delivered
3060,3179,2026-07-17,2026-07-31,standard,19464.59,delivered
3061,3180,2026-02-23,2026-03-02,standard,10446.87,delivered
3062,3182,2026-11-19,2026-12-07,standard,12534.2,delivered
3063,3183,2026-10-19,2026-11-08,standard,15568.18,delivered
3064,3184,2026-02-01,2026-02-07,standard,8623.19,delivered
3065,3185,2026-08-24,2026-09-14,standard,16739.22,delivered
3066,3186,2026-11-24,2026-12-03,express,14171.58,delivered
3067,3187,2026-07-14,2026-08-02,standard,16747.7,delivered
3068,3188,2026-06-21,2026-06-29,standard,14700.31,delivered
3069,3189,2026-09-19,2026-10-06,express,15662.44,delivered
3070,3190,2026-02-22,2026-02-24,express,9104.42,delivered
3071,3191,2026-11-15,2026-12-05,standard,18564.78,delivered
3072,3192,2026-04-26,2026-05-05,standard,10268.85,delivered
3073,3193,2026-04-14,2026-04-21,standard,14491.02,delivered
3074,3194,2026-12-03,2026-12-16,standard,21620.95,delivered
3075,3195,2026-08-17,2026-09-01,standard,12106.86,delivered
3076,3196,2026-09-24,2026-10-21,standard,8949.69,delivered
3077,3197,2026-10-06,2026-10-22,standard,22608.0,delivered
3078,3198,2026-12-22,,standard,23783.02,in_transit
3079,3199,2026-05-09,2026-05-12,standard,16543.72,delivered
3080,3200,2026-05-06,2026-05-14,standard,6286.75,delivered
3081,3201,2026-06-27,2026-07-06,standard,9433.76,delivered
3082,3202,2026-07-30,2026-08-11,standard,18211.73,delivered
3083,3203,2026-04-03,2026-04-10,standard,9065.8,delivered
3084,3205,2026-09-12,2026-10-09,standard,10864.7,delivered
3085,3206,2026-08-25,2026-09-03,express,19084.8,delivered
3086,3207,2026-11-02,2026-11-17,standard,24210.88,delivered
3087,3208,2026-10-29,2026-11-18,express,35274.15,delivered
3088,3210,2026-02-14,2026-02-15,express,15322.6,delivered
3089,3211,2026-08-28,2026-09-12,standard,9481.0,delivered
3090,3212,2026-02-13,2026-02-17,express,29612.65,delivered
3091,3213,2026-03-06,2026-03-15,standard,7295.75,delivered
3092,3215,2026-07-02,2026-07-08,standard,7537.04,delivered
3093,3216,2026-05-04,2026-05-05,express,25577.51,delivered
3094,3217,2026-10-09,2026-10-27,standard,15782.0,delivered
3095,3218,2026-02-18,2026-02-23,standard,18003.87,delivered
3096,3219,2026-12-07,2026-12-19,express,21838.76,delivered
3097,3220,2026-05-23,2026-05-31,standard,17818.08,delivered
3098,3221,2026-11-01,2026-11-15,standard,9597.7,delivered
3099,3222,2026-03-24,2026-03-26,standard,12203.58,delivered
3100,3223,2026-06-26,2026-07-04,standard,17115.52,delivered
3101,3224,2026-05-02,2026-05-04,express,18906.83,delivered
3102,3226,2026-05-10,2026-05-19,standard,15821.82,delivered
3103,3227,2026-12-06,2026-12-14,standard,10575.19,delivered
3104,3228,2026-04-08,2026-04-11,express,26123.65,delivered
3105,3229,2026-02-07,2026-02-15,standard,6325.86,delivered
3106,3230,2026-03-04,2026-03-07,standard,4846.05,delivered
3107,3231,2026-12-02,2026-12-20,express,16498.38,delivered
3108,3232,2026-12-25,,standard,8552.08,in_transit
3109,3233,2026-05-01,2026-05-05,standard,16944.25,delivered
3110,3234,2026-11-20,2026-12-06,express,24615.05,delivered
3111,3235,2026-12-13,2026-12-26,express,10594.15,delivered
3112,3236,2026-12-28,,standard,8903.98,in_transit
3113,3237,2026-08-27,2026-09-10,standard,21104.47,delivered
3114,3238,2026-01-17,2026-01-20,standard,18700.06,delivered
3115,3239,2026-11-15,2026-11-30,standard,6912.95,delivered
3116,3240,2026-11-23,2026-12-08,standard,23170.75,delivered
3117,3241,2026-03-01,2026-03-05,standard,3899.62,delivered
3118,3242,2026-02-06,2026-02-11,standard,6367.38,delivered
3119,3243,2026-10-06,2026-10-24,standard,18367.63,delivered
3120,3245,2026-05-21,2026-05-23,standard,8753.01,delivered
3121,3247,2026-07-22,2026-08-03,standard,21938.22,delivered
3122,3248,2026-03-21,2026-03-23,express,24863.95,delivered
3123,3249,2026-09-25,2026-10-18,standard,21475.57,delivered
3124,3250,2026-10-30,2026-11-17,standard,21234.14,delivered
3125,3251,2026-04-14,2026-04-18,standard,5094.87,delivered
3126,3252,2026-09-27,2026-10-17,standard,14513.12,delivered
3127,3253,2026-01-14,2026-01-20,standard,8663.62,delivered
3128,3254,2026-12-31,,standard,20423.09,in_transit
3129,3255,2026-08-06,2026-08-17,express,27991.49,delivered
3130,3256,2026-11-30,2026-12-20,standard,10932.9,delivered
3131,3257,2026-06-27,2026-07-01,express,21639.57,delivered
3132,3258,2026-08-06,2026-08-19,express,22142.46,delivered
3133,3260,2026-04-09,2026-04-15,standard,15324.4,delivered
3134,3261,2026-02-08,2026-02-15,standard,16351.57,delivered
3135,3262,2026-07-01,2026-07-11,express,30803.31,delivered
3136,3263,2026-02-11,2026-02-15,standard,16719.7,delivered
3137,3264,2026-11-11,2026-11-27,standard,8527.99,delivered
3138,3266,2026-02-26,2026-02-28,standard,11698.26,delivered
3139,3267,2026-08-14,2026-08-30,standard,12218.45,delivered
3140,3268,2026-04-02,2026-04-08,standard,7414.86,delivered
3141,3269,2026-08-02,2026-08-20,standard,8782.26,delivered
3142,3270,2026-11-23,2026-12-13,standard,11510.08,delivered
3143,3271,2026-11-04,2026-11-18,standard,20129.73,delivered
3144,3272,2026-03-29,2026-04-04,standard,9060.05,delivered
3145,3273,2026-03-08,2026-03-12,standard,8135.36,delivered
3146,3274,2026-05-04,2026-05-10,standard,7934.55,delivered
3147,3276,2026-06-07,2026-06-19,standard,8803.73,delivered
3148,3277,2026-05-26,2026-05-31,standard,17531.4,delivered
3149,3278,2026-09-28,2026-10-19,standard,14789.98,delivered
3150,3279,2026-12-23,,standard,18030.52,in_transit
3151,3280,2026-09-15,2026-10-07,standard,10271.13,delivered
3152,3281,2026-02-04,2026-02-12,standard,12325.7,delivered
3153,3283,2026-08-19,2026-08-29,standard,13877.5,delivered
3154,3284,2026-04-12,2026-04-19,standard,16195.19,delivered
3155,3285,2026-12-27,,standard,6635.67,in_transit
3156,3286,2026-12-29,,standard,23589.15,in_transit
3157,3287,2026-03-31,2026-04-08,standard,18600.5,delivered
3158,3289,2026-01-27,2026-01-31,standard,7270.55,delivered
3159,3290,2026-03-20,2026-03-26,standard,7805.15,delivered
3160,3291,2026-12-20,,standard,17691.64,in_transit
3161,3293,2026-10-08,2026-10-26,standard,19316.57,delivered
3162,3294,2026-11-15,2026-11-27,express,16370.2,delivered
3163,3295,2026-05-29,2026-06-03,standard,11658.39,delivered
3164,3296,2026-03-27,2026-04-05,standard,8646.93,delivered
3165,3297,2026-12-20,,standard,6685.44,in_transit
3166,3298,2026-08-03,2026-08-15,standard,23038.24,delivered
3167,3299,2026-02-18,2026-02-25,standard,10996.57,delivered
3168,3300,2026-07-31,2026-08-08,express,35650.68,delivered
3169,3301,2026-07-01,2026-07-10,express,13027.96,delivered
3170,3302,2026-01-21,2026-01-31,standard,12145.38,delivered
3171,3303,2026-03-09,2026-03-12,standard,13513.7,delivered
3172,3306,2026-11-19,2026-12-03,standard,19263.92,delivered
3173,3307,2026-10-13,2026-10-27,express,19348.94,delivered
3174,3309,2026-07-15,2026-07-26,standard,18650.49,delivered
3175,3310,2026-01-14,2026-01-19,standard,8894.43,delivered
3176,3311,2026-05-30,2026-06-05,express,15988.46,delivered
3177,3312,2026-11-24,2026-12-11,standard,17662.89,delivered
3178,3313,2026-12-02,2026-12-21,standard,24466.04,delivered
3179,3314,2026-08-28,2026-09-13,standard,6537.54,delivered
3180,3315,2026-05-20,2026-05-22,express,26153.76,delivered
3181,3316,2026-03-27,2026-03-31,express,15541.32,delivered
3182,3317,2026-12-22,,standard,20263.76,in_transit
3183,3318,2026-05-11,2026-05-16,standard,12768.37,delivered
3184,3319,2026-09-22,2026-10-15,express,14692.39,delivered
3185,3320,2026-04-20,2026-04-27,standard,19053.7,delivered
3186,3321,2026-10-17,2026-10-27,standard,19937.38,delivered
3187,3322,2026-12-13,2026-12-25,standard,16135.6,delivered
3188,3323,2026-03-01,2026-03-05,standard,19021.05,delivered
3189,3324,2026-01-15,2026-01-21,standard,12189.48,delivered
3190,3326,2026-09-04,2026-09-29,standard,11763.03,delivered
3191,3327,2026-09-02,2026-09-22,standard,19293.84,delivered
3192,3328,2026-04-07,2026-04-16,standard,16462.41,delivered
3193,3329,2026-09-10,2026-09-30,standard,21497.23,delivered
3194,3330,2026-04-26,2026-05-02,standard,10666.56,delivered
3195,3331,2026-07-17,2026-07-31,standard,10639.47,delivered
3196,3332,2026-06-13,2026-06-20,standard,10177.47,delivered
3197,3333,2026-12-14,2026-12-28,standard,20455.18,delivered
3198,3335,2026-07-09,2026-07-28,standard,14803.6,delivered
3199,3336,2026-08-05,2026-08-18,standard,19741.32,delivered
3200,3337,2026-02-05,2026-02-12,standard,11402.52,delivered
3201,3338,2026-04-21,2026-04-25,standard,19107.01,delivered
3202,3339,2026-05-31,2026-06-09,standard,18781.89,delivered
3203,3340,2026-10-16,2026-11-01,standard,19170.57,delivered
3204,3341,2026-06-14,2026-06-21,express,23936.24,delivered
3205,3342,2026-03-20,2026-03-24,standard,17097.67,delivered
3206,3343,2026-09-11,2026-09-28,standard,7812.61,delivered
3207,3345,2026-11-09,2026-11-25,standard,8796.83,delivered
3208,3346,2026-07-28,2026-08-08,standard,19794.56,delivered
3209,3347,2026-09-11,2026-10-07,standard,10411.37,delivered
3210,3348,2026-09-08,2026-10-01,standard,15382.92,delivered
3211,3349,2026-11-12,2026-11-27,express,10378.33,delivered
3212,3350,2026-08-03,2026-08-15,express,21461.1,delivered
3213,3351,2026-11-10,2026-11-30,standard,5860.57,delivered
3214,3352,2026-01-10,2026-01-16,standard,10867.42,delivered
3215,3353,2026-10-09,2026-10-27,express,19339.22,delivered
3216,3354,2026-12-20,2026-12-31,express,19515.33,delivered
3217,3355,2026-10-09,2026-10-31,standard,21233.12,delivered
3218,3356,2026-05-21,2026-05-28,standard,9885.69,delivered
3219,3357,2026-07-09,2026-07-23,standard,12918.73,delivered
3220,3359,2026-11-02,2026-11-23,standard,21152.87,delivered
3221,3360,2026-07-10,2026-07-19,express,26327.46,delivered
3222,3361,2026-05-16,2026-05-22,express,30344.17,delivered
3223,3362,2026-12-23,,standard,19759.54,in_transit
3224,3363,2026-08-10,2026-08-29,standard,20359.95,delivered
3225,3364,2026-12-06,2026-12-22,standard,23179.89,delivered
3226,3366,2026-06-02,2026-06-07,express,9235.16,delivered
3227,3368,2026-03-13,2026-03-14,express,15957.96,delivered
3228,3369,2026-01-13,2026-01-19,standard,12612.76,delivered
3229,3370,2026-05-06,2026-05-09,standard,17663.19,delivered
3230,3371,2026-08-23,2026-09-07,standard,12757.59,delivered
3231,3372,2026-03-28,2026-04-03,standard,7423.36,delivered
3232,3373,2026-04-18,2026-04-24,standard,7935.04,delivered
3233,3374,2026-12-16,2026-12-31,standard,8427.42,delivered
3234,3375,2026-11-12,2026-12-01,express,29593.32,delivered
3235,3376,2026-11-20,2026-12-06,standard,8470.12,delivered
3236,3377,2026-01-25,2026-01-31,standard,11162.11,delivered
3237,3378,2026-12-07,2026-12-19,standard,12309.47,delivered
3238,3379,2026-07-28,2026-08-09,standard,8268.73,delivered
3239,3380,2026-05-20,2026-05-25,express,21305.1,delivered
3240,3381,2026-10-31,2026-11-16,standard,4429.66,delivered
3241,3382,2026-08-18,2026-09-06,standard,16681.87,delivered
3242,3383,2026-04-03,2026-04-08,standard,9429.28,delivered
3243,3384,2026-09-02,2026-09-12,standard,11417.32,delivered
3244,3385,2026-02-10,2026-02-13,standard,17832.22,delivered
3245,3386,2026-04-08,2026-04-13,standard,16511.86,delivered
3246,3387,2026-09-19,2026-10-10,standard,5268.15,delivered
3247,3388,2026-11-14,2026-11-26,standard,15276.43,delivered
3248,3389,2026-07-20,2026-07-29,standard,16523.96,delivered
3249,3390,2026-07-30,2026-08-11,standard,16657.95,delivered
3250,3391,2026-12-26,,standard,10187.35,in_transit
3251,3392,2026-11-06,2026-11-27,standard,9799.34,delivered
3252,3393,2026-12-25,,express,10672.1,in_transit
3253,3395,2026-01-23,2026-01-29,standard,8584.6,delivered
3254,3396,2026-10-26,2026-11-15,standard,17330.45,delivered
3255,3397,2026-03-29,2026-04-06,standard,17632.39,delivered
3256,3398,2026-08-16,2026-09-04,standard,8842.38,delivered
3257,3399,2026-09-05,2026-09-21,express,17481.78,delivered
3258,3400,2026-05-20,2026-05-24,standard,15522.39,delivered
3259,3402,2026-11-25,2026-12-11,standard,15262.64,delivered
3260,3403,2026-12-29,,standard,21539.47,in_transit
3261,3404,2026-04-09,2026-04-13,standard,13781.57,delivered
3262,3406,2026-10-14,2026-10-26,express,10956.85,delivered
3263,3407,2026-08-25,2026-09-13,standard,11698.41,delivered
3264,3408,2026-09-26,2026-10-07,standard,21710.83,delivered
3265,3410,2026-11-04,2026-11-17,standard,12525.39,delivered
3266,3411,2026-12-24,,standard,15525.72,in_transit
3267,3412,2026-11-22,2026-12-06,standard,20901.36,delivered
3268,3413,2026-01-13,2026-01-16,express,15181.27,delivered
3269,3414,2026-09-03,2026-09-19,standard,9568.3,delivered
3270,3416,2026-11-12,2026-11-27,standard,9747.71,delivered
3271,3417,2026-08-12,2026-09-01,standard,17128.42,delivered
3272,3418,2026-06-12,2026-06-19,standard,8191.13,delivered
3273,3419,2026-08-13,2026-08-28,standard,9691.21,delivered
3274,3420,2026-05-02,2026-05-04,express,31148.99,delivered
3275,3424,2026-08-03,2026-08-17,standard,12858.6,delivered
3276,3425,2026-09-22,2026-10-09,standard,14877.75,delivered
3277,3426,2026-03-11,2026-03-18,standard,7654.98,delivered
3278,3427,2026-10-27,2026-11-13,standard,21185.19,delivered
3279,3428,2026-01-17,2026-01-25,standard,15317.77,delivered
3280,3429,2026-02-07,2026-02-09,express,11420.06,delivered
3281,3430,2026-01-24,2026-01-27,express,23076.99,delivered
3282,3431,2026-07-21,2026-08-02,standard,22354.34,delivered
3283,3432,2026-08-26,2026-09-15,standard,24263.82,delivered
3284,3433,2026-06-20,2026-07-01,standard,14189.24,delivered
3285,3434,2026-10-23,2026-11-20,standard,10238.36,delivered
3286,3436,2026-11-03,2026-11-20,standard,22467.25,delivered
3287,3437,2026-01-03,2026-01-07,standard,9891.6,delivered
3288,3438,2026-05-11,2026-05-16,standard,11090.2,delivered
3289,3439,2026-12-10,2026-12-19,standard,19994.74,delivered
3290,3441,2026-11-13,2026-11-29,standard,21850.5,delivered
3291,3442,2026-05-26,2026-06-02,standard,12766.53,delivered
3292,3443,2026-09-28,2026-10-20,standard,22366.22,delivered
3293,3444,2026-11-23,2026-12-11,standard,10206.12,delivered
3294,3445,2026-06-24,2026-07-01,express,20700.69,delivered
3295,3446,2026-12-26,,standard,10090.44,in_transit
3296,3447,2026-08-11,2026-08-29,standard,18522.5,delivered
3297,3448,2026-01-26,2026-01-28,express,32018.37,delivered
3298,3449,2026-01-11,2026-01-15,express,9521.39,delivered
3299,3451,2026-08-18,2026-09-01,standard,6694.08,delivered
3300,3452,2026-10-05,2026-10-23,standard,15844.03,delivered
3301,3453,2026-06-10,2026-06-21,standard,6897.29,delivered
3302,3454,2026-11-17,2026-12-03,standard,11666.28,delivered
3303,3455,2026-02-14,2026-02-19,standard,9502.47,delivered
3304,3456,2026-11-04,2026-11-24,standard,6749.81,delivered
3305,3457,2026-12-02,2026-12-17,standard,14705.3,delivered
3306,3458,2026-05-24,2026-06-02,standard,5487.45,delivered
3307,3459,2026-01-30,2026-02-08,standard,17655.01,delivered
3308,3460,2026-11-04,2026-11-22,standard,18454.11,delivered
3309,3461,2026-10-06,2026-10-23,express,17365.94,delivered
3310,3462,2026-09-22,2026-10-09,express,18243.74,delivered
3311,3463,2026-10-14,2026-11-05,standard,7278.05,delivered
3312,3464,2026-12-03,2026-12-20,express,18273.72,delivered
3313,3465,2026-02-11,2026-02-17,express,26422.89,delivered
3314,3466,2026-05-12,2026-05-15,standard,3362.44,delivered
3315,3467,2026-09-23,2026-10-12,express,31613.32,delivered
3316,3468,2026-09-26,2026-10-09,standard,11974.23,delivered
3317,3469,2026-02-23,2026-03-02,standard,8692.2,delivered
3318,3470,2026-08-22,2026-09-07,standard,15433.06,delivered
3319,3472,2026-06-20,2026-06-26,standard,13320.79,delivered
3320,3473,2026-11-05,2026-11-18,standard,10674.1,delivered
3321,3474,2026-09-09,2026-09-29,express,18906.15,delivered
3322,3475,2026-11-02,2026-11-20,standard,11159.35,delivered
3323,3476,2026-09-14,2026-09-30,express,11443.72,delivered
3324,3477,2026-05-06,2026-05-10,standard,9859.58,delivered
3325,3478,2026-04-10,2026-04-14,standard,17892.57,delivered
3326,3479,2026-10-05,2026-10-25,standard,9842.86,delivered
3327,3480,2026-12-30,,express,14649.22,in_transit
3328,3482,2026-12-15,2026-12-31,standard,15415.99,delivered
3329,3483,2026-12-14,2026-12-28,express,22147.32,delivered
3330,3484,2026-11-06,2026-11-16,standard,23419.16,delivered
3331,3485,2026-10-13,2026-11-02,standard,17374.43,delivered
3332,3486,2026-09-08,2026-09-24,standard,15662.41,delivered
3333,3487,2026-12-23,,standard,9440.33,in_transit
3334,3488,2026-08-20,2026-09-07,standard,20387.58,delivered
3335,3489,2026-11-19,2026-12-10,standard,6847.49,delivered
3336,3490,2026-03-11,2026-03-14,standard,10301.26,delivered
3337,3491,2026-10-11,2026-10-30,standard,6028.7,delivered
3338,3492,2026-05-02,2026-05-08,standard,12211.19,delivered
3339,3493,2026-12-21,,standard,22572.81,in_transit
3340,3494,2026-11-25,2026-12-12,standard,14531.68,delivered
3341,3496,2026-08-22,2026-09-03,express,12845.79,delivered
3342,3497,2026-08-29,2026-09-14,standard,4290.29,delivered
3343,3498,2026-10-17,2026-11-03,express,26225.83,delivered
3344,3499,2026-01-02,2026-01-08,standard,13674.44,delivered
3345,3500,2026-12-14,,standard,16154.02,in_transit
3346,3501,2026-06-03,2026-06-08,standard,14809.96,delivered
3347,3502,2026-11-29,2026-12-13,express,26755.53,delivered
3348,3503,2026-07-31,2026-08-15,standard,6977.68,delivered
3349,3504,2026-03-14,2026-03-19,standard,5227.28,delivered
3350,3506,2026-05-06,2026-05-14,standard,16250.97,delivered
3351,3508,2026-08-31,2026-09-16,standard,12387.3,delivered
3352,3509,2026-04-13,2026-04-15,express,17781.22,delivered
3353,3510,2026-09-09,2026-10-01,standard,7020.26,delivered
3354,3511,2026-08-25,2026-09-14,express,23566.06,delivered
3355,3512,2026-02-11,2026-02-15,standard,3592.27,delivered
3356,3513,2026-11-05,2026-11-14,express,26745.57,delivered
3357,3514,2026-02-25,2026-03-03,standard,11320.84,delivered
3358,3515,2026-05-11,2026-05-21,standard,17233.61,delivered
3359,3516,2026-10-18,2026-11-06,standard,13429.07,delivered
3360,3517,2026-02-01,2026-02-06,standard,7802.22,delivered
3361,3518,2026-04-04,2026-04-11,standard,4053.59,delivered
3362,3519,2026-05-17,2026-05-24,standard,11570.95,delivered
3363,3520,2026-05-07,2026-05-11,standard,10580.56,delivered
3364,3521,2026-03-09,2026-03-17,standard,12333.63,delivered
3365,3522,2026-11-26,2026-12-16,standard,4127.96,delivered
3366,3523,2026-12-12,2026-12-23,standard,10699.46,delivered
3367,3524,2026-02-06,2026-02-12,standard,4437.12,delivered
3368,3525,2026-12-30,,standard,21459.9,in_transit
3369,3526,2026-10-09,2026-10-19,express,28640.93,delivered
3370,3527,2026-09-23,2026-10-23,standard,9525.17,delivered
3371,3528,2026-09-16,2026-10-04,standard,13253.8,delivered
3372,3529,2026-10-14,2026-11-04,standard,25129.31,delivered
3373,3530,2026-07-03,2026-07-11,standard,11451.77,delivered
3374,3531,2026-09-28,2026-10-12,standard,9201.34,delivered
3375,3532,2026-04-21,2026-04-27,standard,5691.81,delivered
3376,3533,2026-04-14,2026-04-18,express,11496.62,delivered
3377,3534,2026-11-10,2026-11-27,standard,13050.64,delivered
3378,3535,2026-04-08,2026-04-17,standard,11763.09,delivered
3379,3536,2026-09-30,2026-10-15,express,19661.73,delivered
3380,3537,2026-01-28,2026-01-29,express,8514.73,delivered
3381,3538,2026-05-20,2026-05-25,standard,10890.54,delivered
3382,3539,2026-04-11,2026-04-15,standard,12246.11,delivered
3383,3540,2026-12-31,,standard,13123.75,in_transit
3384,3541,2026-02-12,2026-02-15,standard,14157.49,delivered
3385,3542,2026-10-12,2026-11-05,standard,8801.86,delivered
3386,3543,2026-01-03,2026-01-08,standard,8004.27,delivered
3387,3544,2026-01-20,2026-01-29,standard,16237.1,delivered
3388,3545,2026-06-01,2026-06-07,standard,13089.95,delivered
3389,3546,2026-06-22,2026-06-25,standard,15316.55,delivered
3390,3547,2026-10-18,2026-11-01,express,30804.55,delivered
3391,3548,2026-06-14,2026-06-20,express,24150.24,delivered
3392,3549,2026-08-25,2026-09-15,standard,12840.12,delivered
3393,3550,2026-12-14,2026-12-22,standard,16656.28,delivered
3394,3551,2026-06-11,2026-06-21,standard,4447.09,delivered
3395,3552,2026-07-13,2026-07-27,standard,8765.76,delivered
3396,3553,2026-10-03,2026-10-21,standard,15173.62,delivered
3397,3554,2026-05-18,2026-05-27,standard,6743.38,delivered
3398,3555,2026-11-11,2026-11-26,standard,5647.25,delivered
3399,3556,2026-05-28,2026-05-31,standard,7224.0,delivered
3400,3557,2026-02-10,2026-02-17,standard,9243.17,delivered
3401,3558,2026-11-15,2026-12-05,standard,9899.24,delivered
3402,3559,2026-11-08,2026-11-21,express,24100.26,delivered
3403,3560,2026-12-06,2026-12-22,standard,20756.94,delivered
3404,3561,2026-10-13,2026-10-31,standard,6329.48,delivered
3405,3562,2026-09-15,2026-10-02,standard,25676.41,delivered
3406,3563,2026-10-26,2026-11-12,standard,10243.93,delivered
3407,3564,2026-10-10,2026-10-31,standard,12213.1,delivered
3408,3565,2026-03-30,2026-04-01,standard,7540.63,delivered
3409,3566,2026-03-06,2026-03-12,express,31528.28,delivered
3410,3567,2026-06-27,2026-07-04,standard,10325.64,delivered
3411,3568,2026-01-31,2026-02-03,standard,19386.85,delivered
3412,3569,2026-11-09,2026-11-26,standard,12004.38,delivered
3413,3570,2026-11-28,2026-12-16,standard,18018.34,delivered
3414,3571,2026-05-02,2026-05-06,standard,13566.12,delivered
3415,3572,2026-04-26,2026-04-28,express,27587.04,delivered
3416,3573,2026-01-24,2026-01-30,standard,13649.86,delivered
3417,3574,2026-05-06,2026-05-08,express,8680.61,delivered
3418,3575,2026-04-13,2026-04-21,standard,10990.81,delivered
3419,3576,2026-02-12,2026-02-20,standard,6611.28,delivered
3420,3578,2026-09-28,2026-10-14,express,29220.4,delivered
3421,3579,2026-06-23,2026-07-05,standard,13571.49,delivered
3422,3580,2026-12-16,2026-12-26,standard,18534.94,delivered
3423,3581,2026-05-27,2026-05-30,standard,10390.39,delivered
3424,3583,2026-10-15,2026-11-01,express,11352.04,delivered
3425,3585,2026-08-07,2026-08-28,standard,14938.85,delivered
3426,3586,2026-08-10,2026-08-25,standard,9459.57,delivered
3427,3587,2026-05-14,2026-05-18,standard,10627.05,delivered
3428,3588,2026-11-22,2026-12-11,standard,21149.44,delivered
3429,3589,2026-09-01,2026-09-22,standard,11603.57,delivered
3430,3590,2026-12-16,2026-12-31,standard,9826.75,delivered
3431,3591,2026-11-02,2026-11-24,standard,8546.3,delivered
3432,3592,2026-10-08,2026-10-27,standard,9085.78,delivered
3433,3593,2026-04-06,2026-04-13,standard,19182.88,delivered
3434,3594,2026-06-20,2026-06-29,standard,10913.08,delivered
3435,3595,2026-09-17,2026-10-02,express,33730.55,delivered
3436,3596,2026-03-07,2026-03-10,standard,6790.27,delivered
3437,3597,2026-12-19,,standard,22092.48,in_transit
3438,3598,2026-09-22,2026-10-10,express,20667.42,delivered
3439,3599,2026-07-13,2026-07-25,standard,19789.44,delivered
3440,3600,2026-01-23,2026-01-28,standard,8465.77,delivered
3441,3601,2026-02-10,2026-02-20,standard,18864.65,delivered
3442,3602,2026-10-26,2026-11-12,standard,8236.55,delivered
3443,3603,2026-03-22,2026-03-29,standard,8220.84,delivered
3444,3604,2026-03-17,2026-03-20,standard,8008.83,delivered
3445,3605,2026-11-13,2026-12-04,standard,10470.88,delivered
3446,3606,2026-09-30,2026-10-18,standard,24775.06,delivered
3447,3607,2026-08-06,2026-08-26,standard,8427.09,delivered
3448,3608,2026-10-14,2026-11-08,standard,15809.32,delivered
3449,3610,2026-12-14,,standard,16667.83,in_transit
3450,3611,2026-08-01,2026-08-13,express,22692.39,delivered
3451,3612,2026-04-15,2026-04-19,express,13599.61,delivered
3452,3613,2026-10-20,2026-11-09,standard,12616.17,delivered
3453,3614,2026-04-21,2026-04-30,standard,7020.25,delivered
3454,3615,2026-04-28,2026-05-03,standard,9434.73,delivered
3455,3616,2026-06-26,2026-07-07,standard,9426.07,delivered
3456,3617,2026-02-09,2026-02-17,standard,7535.28,delivered
3457,3618,2026-02-20,2026-02-28,standard,4304.13,delivered
3458,3619,2026-06-04,2026-06-10,express,20190.49,delivered
3459,3620,2026-11-11,2026-11-26,standard,10699.09,delivered
3460,3621,2026-09-19,2026-10-09,standard,18087.12,delivered
3461,3623,2026-10-07,2026-10-25,standard,9089.07,delivered
3462,3624,2026-03-02,2026-03-11,standard,15607.96,delivered
3463,3625,2026-01-24,2026-01-27,standard,10785.83,delivered
3464,3626,2026-05-22,2026-05-31,standard,12450.28,delivered
3465,3627,2026-04-17,2026-04-21,standard,9558.8,delivered
3466,3628,2026-07-02,2026-07-14,standard,10110.59,delivered
3467,3629,2026-02-06,2026-02-08,express,23108.76,delivered
3468,3630,2026-06-14,2026-06-21,standard,8769.03,delivered
3469,3631,2026-11-21,2026-12-08,standard,18211.0,delivered
3470,3632,2026-11-30,2026-12-21,standard,13516.47,delivered
3471,3633,2026-09-03,2026-09-15,express,36645.01,delivered
3472,3635,2026-08-21,2026-09-04,standard,6068.65,delivered
3473,3636,2026-03-21,2026-03-24,standard,9340.12,delivered
3474,3637,2026-02-08,2026-02-11,standard,16355.8,delivered
3475,3638,2026-01-12,2026-01-16,express,21607.28,delivered
3476,3639,2026-03-23,2026-03-31,standard,18807.97,delivered
3477,3640,2026-03-10,2026-03-13,standard,18589.53,delivered
3478,3641,2026-09-09,2026-09-30,express,20885.36,delivered
3479,3642,2026-04-26,2026-04-30,express,31467.09,delivered
3480,3644,2026-07-05,2026-07-16,standard,14447.17,delivered
3481,3645,2026-11-25,2026-12-14,express,30345.08,delivered
3482,3646,2026-02-15,2026-02-23,standard,18464.34,delivered
3483,3647,2026-05-02,2026-05-06,standard,10109.55,delivered
3484,3649,2026-07-02,2026-07-09,standard,17090.74,delivered
3485,3650,2026-10-29,2026-11-21,standard,24123.31,delivered
3486,3651,2026-07-12,2026-07-19,standard,17174.04,delivered
3487,3652,2026-12-14,,standard,14742.26,in_transit
3488,3653,2026-04-30,2026-05-03,express,23926.2,delivered
3489,3654,2026-02-07,2026-02-12,express,14829.07,delivered
3490,3655,2026-09-11,2026-10-03,standard,15475.23,delivered
3491,3656,2026-08-05,2026-08-19,standard,11128.08,delivered
3492,3657,2026-06-01,2026-06-07,standard,18045.54,delivered
3493,3658,2026-03-14,2026-03-17,standard,4110.65,delivered
3494,3659,2026-08-30,2026-09-14,standard,23302.45,delivered
3495,3660,2026-12-12,2026-12-28,standard,4963.37,delivered
3496,3661,2026-05-31,2026-06-05,standard,17342.98,delivered
3497,3662,2026-05-26,2026-06-04,standard,12623.34,delivered
3498,3663,2026-05-04,2026-05-10,standard,17055.75,delivered
3499,3664,2026-10-15,2026-11-04,standard,21820.94,delivered
3500,3665,2026-01-20,2026-01-26,standard,18862.84,delivered
3501,3667,2026-06-21,2026-06-25,standard,5037.85,delivered
3502,3668,2026-07-02,2026-07-10,standard,17264.38,delivered
3503,3669,2026-04-14,2026-04-20,standard,4282.25,delivered
3504,3670,2026-03-31,2026-04-04,express,14918.42,delivered
3505,3671,2026-09-21,2026-10-13,standard,21234.71,delivered
3506,3673,2026-08-14,2026-09-03,standard,9490.87,delivered
3507,3675,2026-10-24,2026-11-13,standard,20130.35,delivered
3508,3676,2026-10-01,2026-10-18,express,22452.56,delivered
3509,3677,2026-09-23,2026-10-10,express,21477.32,delivered
3510,3678,2026-02-08,2026-02-11,express,24476.76,delivered
3511,3679,2026-10-09,2026-10-27,standard,17357.1,delivered
3512,3681,2026-05-17,2026-05-25,standard,15800.57,delivered
3513,3682,2026-12-13,2026-12-23,standard,9101.05,delivered
3514,3683,2026-10-12,2026-10-30,standard,22092.26,delivered
3515,3684,2026-10-27,2026-11-06,express,39121.89,delivered
3516,3685,2026-11-28,2026-12-06,express,20161.54,delivered
3517,3686,2026-03-31,2026-04-06,standard,18669.13,delivered
3518,3687,2026-08-09,2026-08-25,standard,6167.21,delivered
3519,3688,2026-01-26,2026-01-28,standard,16878.55,delivered
3520,3690,2026-06-01,2026-06-08,standard,12534.86,delivered
3521,3691,2026-11-18,2026-12-04,standard,17326.62,delivered
3522,3692,2026-07-24,2026-08-04,standard,6773.15,delivered
3523,3693,2026-06-14,2026-06-27,standard,14119.65,delivered
3524,3694,2026-11-02,2026-11-13,standard,8832.71,delivered
3525,3695,2026-09-26,2026-10-10,standard,10932.37,delivered
3526,3696,2026-10-28,2026-11-20,standard,17389.79,delivered
3527,3698,2026-11-15,2026-12-04,standard,4582.1,delivered
3528,3699,2026-11-15,2026-11-24,standard,15934.22,delivered
3529,3700,2026-08-12,2026-09-02,standard,19095.24,delivered
3530,3701,2026-08-11,2026-08-29,standard,19009.25,delivered
3531,3703,2026-12-21,,standard,14472.71,in_transit
3532,3704,2026-12-01,2026-12-15,express,15077.19,delivered
3533,3705,2026-10-11,2026-11-08,standard,4991.08,delivered
3534,3706,2026-01-15,2026-01-20,standard,17446.2,delivered
3535,3707,2026-11-05,2026-11-28,standard,21292.45,delivered
3536,3708,2026-11-14,2026-11-28,standard,15950.89,delivered
3537,3709,2026-11-06,2026-11-22,standard,12480.64,delivered
3538,3711,2026-09-23,2026-10-24,express,17839.53,delivered
3539,3712,2026-08-15,2026-08-29,standard,5593.68,delivered
3540,3713,2026-02-17,2026-02-22,standard,10333.13,delivered
3541,3714,2026-10-27,2026-11-09,standard,11829.01,delivered
3542,3715,2026-06-25,2026-07-04,standard,3767.44,delivered
3543,3716,2026-11-09,2026-11-30,standard,10209.09,delivered
3544,3717,2026-03-07,2026-03-09,express,23639.04,delivered
3545,3719,2026-11-13,2026-11-29,standard,11006.28,delivered
3546,3720,2026-03-18,2026-03-21,standard,18362.37,delivered
3547,3721,2026-04-11,2026-04-16,standard,17197.07,delivered
3548,3722,2026-01-19,2026-01-22,standard,12361.52,delivered
3549,3724,2026-02-02,2026-02-07,standard,12581.82,delivered
3550,3725,2026-09-25,2026-10-24,standard,19637.51,delivered
3551,3726,2026-10-21,2026-11-07,standard,9116.14,delivered
3552,3727,2026-03-21,2026-03-26,standard,10688.28,delivered
3553,3728,2026-11-21,2026-12-08,standard,18946.86,delivered
3554,3729,2026-11-01,2026-11-14,express,36438.26,delivered
3555,3730,2026-02-28,2026-03-06,standard,9088.1,delivered
3556,3731,2026-12-09,2026-12-17,standard,20115.11,delivered
3557,3732,2026-08-22,2026-09-06,standard,10947.68,delivered
3558,3733,2026-09-12,2026-10-10,standard,16278.69,delivered
3559,3734,2026-09-28,2026-10-20,standard,20877.11,delivered
3560,3735,2026-12-25,,standard,13856.83,in_transit
3561,3738,2026-08-10,2026-08-21,express,37467.24,delivered
3562,3739,2026-11-06,2026-11-23,standard,17814.55,delivered
3563,3740,2026-06-01,2026-06-06,express,21906.16,delivered
3564,3741,2026-08-08,2026-08-21,express,29423.5,delivered
3565,3742,2026-10-08,2026-10-31,standard,24523.18,delivered
3566,3743,2026-08-07,2026-08-24,standard,15267.56,delivered
3567,3745,2026-12-03,2026-12-19,standard,8518.62,delivered
3568,3746,2026-09-24,2026-10-15,standard,23084.16,delivered
3569,3747,2026-11-01,2026-11-16,standard,25387.11,delivered
3570,3748,2026-06-29,2026-07-06,standard,17894.14,delivered
3571,3749,2026-07-26,2026-08-03,express,22863.49,delivered
3572,3750,2026-11-05,2026-11-20,standard,23411.02,delivered
3573,3751,2026-10-06,2026-10-28,standard,25747.88,delivered
3574,3752,2026-11-29,2026-12-14,express,18926.66,delivered
3575,3753,2026-08-22,2026-09-05,standard,5287.72,delivered
3576,3754,2026-11-06,2026-11-22,standard,19189.45,delivered
3577,3755,2026-11-02,2026-11-17,standard,16243.92,delivered
3578,3756,2026-09-28,2026-10-17,standard,22332.41,delivered
3579,3757,2026-04-13,2026-04-17,standard,18943.83,delivered
3580,3759,2026-11-05,2026-11-19,standard,16075.45,delivered
3581,3760,2026-09-12,2026-09-25,standard,25850.36,delivered
3582,3762,2026-12-06,2026-12-24,standard,4912.41,delivered
3583,3763,2026-12-16,2026-12-30,express,24159.56,delivered
3584,3765,2026-02-09,2026-02-12,standard,8959.5,delivered
3585,3767,2026-02-12,2026-02-14,standard,13752.39,delivered
3586,3768,2026-08-11,2026-08-29,standard,22707.57,delivered
3587,3769,2026-05-25,2026-05-31,standard,14580.56,delivered
3588,3770,2026-08-09,2026-08-24,standard,10674.8,delivered
3589,3772,2026-07-31,2026-08-09,standard,8698.56,delivered
3590,3773,2026-12-11,2026-12-26,standard,21329.42,delivered
3591,3775,2026-12-12,2026-12-22,standard,4214.75,delivered
3592,3776,2026-06-11,2026-06-15,standard,17121.29,delivered
3593,3777,2026-04-15,2026-04-20,express,31976.43,delivered
3594,3778,2026-06-01,2026-06-07,standard,16281.15,delivered
3595,3780,2026-07-11,2026-07-26,standard,4835.65,delivered
3596,3781,2026-12-14,2026-12-29,standard,15738.42,delivered
3597,3782,2026-08-31,2026-09-14,standard,24709.1,delivered
3598,3783,2026-07-08,2026-07-21,standard,13985.16,delivered
3599,3784,2026-01-17,2026-01-21,express,9035.16,delivered
3600,3785,2026-03-10,2026-03-15,standard,12970.18,delivered
3601,3786,2026-04-20,2026-04-26,standard,17166.75,delivered
3602,3788,2026-02-27,2026-03-07,standard,11472.68,delivered
3603,3789,2026-11-22,2026-12-02,standard,22389.74,delivered
3604,3790,2026-08-29,2026-09-14,standard,24154.57,delivered
3605,3791,2026-09-28,2026-10-26,standard,21207.23,delivered
3606,3792,2026-11-14,2026-11-24,standard,8398.32,delivered
3607,3793,2026-12-02,2026-12-18,standard,17425.04,delivered
3608,3794,2026-01-18,2026-01-22,express,8477.08,delivered
3609,3795,2026-06-05,2026-06-12,express,15695.34,delivered
3610,3796,2026-12-19,2026-12-31,standard,12182.0,delivered
3611,3797,2026-12-11,2026-12-18,standard,23298.24,delivered
3612,3798,2026-05-12,2026-05-17,standard,7014.4,delivered
3613,3799,2026-10-03,2026-10-24,standard,14253.04,delivered
3614,3800,2026-04-05,2026-04-10,standard,12646.35,delivered
3615,3801,2026-01-22,2026-01-29,standard,16605.68,delivered
3616,3802,2026-10-21,2026-11-11,express,28845.49,delivered
3617,3803,2026-07-06,2026-07-20,standard,15734.85,delivered
3618,3804,2026-12-27,,standard,10295.2,in_transit
3619,3805,2026-04-16,2026-04-23,standard,4109.39,delivered
3620,3806,2026-12-21,,standard,16731.22,in_transit
3621,3807,2026-10-05,2026-10-27,standard,8540.31,delivered
3622,3808,2026-01-25,2026-02-01,standard,16759.6,delivered
3623,3809,2026-05-14,2026-05-18,standard,10780.18,delivered
3624,3810,2026-11-16,2026-12-07,standard,13626.61,delivered
3625,3811,2026-11-12,2026-12-06,standard,20561.28,delivered
3626,3812,2026-04-30,2026-05-07,standard,15246.14,delivered
3627,3813,2026-09-27,2026-10-13,express,36146.26,delivered
3628,3814,2026-09-23,2026-10-06,standard,14804.0,delivered
3629,3815,2026-11-28,2026-12-17,standard,7014.6,delivered
3630,3816,2026-07-15,2026-07-31,express,21275.07,delivered
3631,3819,2026-08-12,2026-08-29,standard,14261.22,delivered
3632,3820,2026-12-08,2026-12-25,standard,17016.91,delivered
3633,3821,2026-03-31,2026-04-03,standard,6555.41,delivered
3634,3822,2026-02-23,2026-03-05,standard,6741.94,delivered
3635,3823,2026-09-22,2026-10-06,standard,26296.12,delivered
3636,3825,2026-10-27,2026-11-15,standard,24064.8,delivered
3637,3826,2026-11-01,2026-11-17,standard,10364.04,delivered
3638,3827,2026-11-20,2026-11-29,express,30554.19,delivered
3639,3828,2026-05-06,2026-05-10,standard,19318.58,delivered
3640,3829,2026-04-17,2026-04-23,standard,12198.57,delivered
3641,3830,2026-12-26,,standard,10821.36,in_transit
3642,3831,2026-06-12,2026-06-16,express,18857.34,delivered
3643,3832,2026-11-27,2026-12-12,standard,10498.04,delivered
3644,3833,2026-11-24,2026-12-05,standard,18175.67,delivered
3645,3834,2026-04-29,2026-05-05,standard,11916.92,delivered
3646,3835,2026-03-16,2026-03-22,standard,6674.87,delivered
3647,3836,2026-11-20,2026-12-04,express,30602.45,delivered
3648,3837,2026-03-25,2026-03-27,express,11756.1,delivered
3649,3838,2026-12-31,,standard,9970.92,in_transit
3650,3839,2026-10-17,2026-11-06,standard,24203.61,delivered
3651,3840,2026-10-17,2026-10-31,standard,11482.3,delivered
3652,3841,2026-11-01,2026-11-21,standard,11196.13,delivered
3653,3842,2026-12-18,,standard,4313.17,in_transit
3654,3843,2026-11-02,2026-11-13,express,33970.55,delivered
3655,3844,2026-12-05,2026-12-18,standard,9272.47,delivered
3656,3845,2026-05-28,2026-06-04,standard,12318.71,delivered
3657,3847,2026-02-07,2026-02-14,standard,7964.23,delivered
3658,3848,2026-12-11,2026-12-20,standard,20137.37,delivered
3659,3849,2026-11-06,2026-11-12,standard,9997.06,delivered
3660,3850,2026-03-04,2026-03-12,standard,8412.3,delivered
3661,3852,2026-05-03,2026-05-11,standard,17233.02,delivered
3662,3853,2026-10-07,2026-10-24,standard,6976.35,delivered
3663,3854,2026-07-21,2026-08-01,express,29175.47,delivered
3664,3855,2026-09-15,2026-09-27,express,15874.72,delivered
3665,3856,2026-09-22,2026-10-20,standard,25819.55,delivered
3666,3857,2026-12-24,,express,11681.84,in_transit
3667,3858,2026-11-29,2026-12-10,standard,9739.01,delivered
3668,3859,2026-07-26,2026-08-09,standard,9344.85,delivered
3669,3860,2026-12-02,2026-12-20,standard,20991.78,delivered
3670,3861,2026-01-14,2026-01-18,standard,17577.81,delivered
3671,3862,2026-03-10,2026-03-17,standard,14344.59,delivered
3672,3863,2026-06-08,2026-06-17,standard,18660.6,delivered
3673,3864,2026-09-07,2026-09-25,standard,10133.58,delivered
3674,3866,2026-10-15,2026-10-23,express,17345.99,delivered
3675,3867,2026-04-08,2026-04-11,express,10644.68,delivered
3676,3869,2026-06-30,2026-07-04,standard,15665.67,delivered
3677,3870,2026-10-11,2026-10-30,express,38552.2,delivered
3678,3871,2026-12-26,,standard,8117.28,in_transit
3679,3872,2026-05-23,2026-05-29,standard,8747.49,delivered
3680,3873,2026-10-18,2026-11-08,standard,8814.69,delivered
3681,3874,2026-09-24,2026-10-11,standard,24291.21,delivered
3682,3875,2026-04-18,2026-04-27,standard,11018.35,delivered
3683,3876,2026-05-25,2026-05-31,standard,15617.38,delivered
3684,3877,2026-11-19,2026-12-09,standard,17302.3,delivered
3685,3878,2026-07-02,2026-07-10,standard,7750.7,delivered
3686,3879,2026-07-20,2026-07-28,standard,13054.86,delivered
3687,3880,2026-06-05,2026-06-09,standard,18291.83,delivered
3688,3881,2026-09-06,2026-09-30,standard,22028.51,delivered
3689,3882,2026-12-29,,standard,8789.9,in_transit
3690,3883,2026-02-20,2026-02-26,standard,7490.46,delivered
3691,3885,2026-10-25,2026-11-07,express,35451.88,delivered
3692,3887,2026-05-26,2026-06-06,standard,10469.95,delivered
3693,3888,2026-10-05,2026-10-24,standard,14317.66,delivered
3694,3890,2026-06-26,2026-07-02,standard,7285.89,delivered
3695,3891,2026-03-12,2026-03-16,standard,10292.69,delivered
3696,3894,2026-08-19,2026-09-12,standard,22594.39,delivered
3697,3896,2026-05-17,2026-05-23,standard,14548.95,delivered
3698,3897,2026-05-15,2026-05-20,standard,5448.95,delivered
3699,3898,2026-03-06,2026-03-12,standard,9005.98,delivered
3700,3899,2026-11-24,2026-12-12,standard,11955.41,delivered
3701,3900,2026-09-14,2026-10-03,express,25203.8,delivered
3702,3901,2026-06-28,2026-07-02,standard,4492.05,delivered
3703,3902,2026-06-19,2026-06-21,standard,10216.08,delivered
3704,3903,2026-01-12,2026-01-21,standard,8449.65,delivered
3705,3904,2026-09-19,2026-10-03,standard,19414.67,delivered
3706,3905,2026-05-06,2026-05-12,standard,6807.78,delivered
3707,3906,2026-03-06,2026-03-14,standard,9544.09,delivered
3708,3907,2026-11-30,2026-12-14,standard,4483.31,delivered
3709,3908,2026-08-17,2026-09-05,standard,17340.88,delivered
3710,3909,2026-11-05,2026-11-27,standard,10308.73,delivered
3711,3911,2026-12-02,2026-12-16,express,23541.55,delivered
3712,3912,2026-03-29,2026-04-02,express,9969.76,delivered
3713,3914,2026-03-30,2026-04-03,express,19735.01,delivered
3714,3915,2026-08-12,2026-08-30,standard,21222.4,delivered
3715,3916,2026-04-18,2026-04-26,standard,5775.14,delivered
3716,3917,2026-09-13,2026-09-24,standard,5536.66,delivered
3717,3918,2026-06-12,2026-06-20,standard,20058.86,delivered
3718,3919,2026-09-19,2026-10-14,express,19463.62,delivered
3719,3921,2026-12-05,2026-12-25,standard,19077.36,delivered
3720,3922,2026-11-04,2026-11-22,standard,18471.05,delivered
3721,3923,2026-12-21,2026-12-27,standard,19648.32,delivered
3722,3924,2026-09-27,2026-10-26,standard,8025.92,delivered
3723,3925,2026-01-06,2026-01-11,standard,12780.31,delivered
3724,3926,2026-07-06,2026-07-14,express,33338.4,delivered
3725,3927,2026-05-16,2026-05-25,standard,8072.46,delivered
3726,3928,2026-12-01,2026-12-18,standard,5123.49,delivered
3727,3929,2026-03-10,2026-03-16,standard,15194.63,delivered
3728,3930,2026-08-26,2026-09-09,standard,11168.73,delivered
3729,3931,2026-11-14,2026-11-30,express,19281.1,delivered
3730,3932,2026-01-06,2026-01-08,standard,7353.48,delivered
3731,3933,2026-03-30,2026-04-07,standard,11986.06,delivered
3732,3934,2026-07-26,2026-08-06,express,28681.63,delivered
3733,3935,2026-08-28,2026-09-18,standard,18251.21,delivered
3734,3936,2026-11-12,2026-11-26,standard,10296.25,delivered
3735,3937,2026-04-30,2026-05-08,standard,18326.75,delivered
3736,3938,2026-10-07,2026-10-20,express,29758.66,delivered
3737,3939,2026-10-09,2026-10-23,standard,7564.65,delivered
3738,3940,2026-09-15,2026-10-03,standard,17914.08,delivered
3739,3941,2026-10-08,2026-10-31,standard,7448.06,delivered
3740,3942,2026-09-18,2026-10-10,standard,17125.84,delivered
3741,3943,2026-12-19,,standard,5940.35,in_transit
3742,3944,2026-06-24,2026-07-07,standard,9513.57,delivered
3743,3945,2026-12-15,2026-12-28,express,27642.21,delivered
3744,3946,2026-05-19,2026-05-23,standard,16183.39,delivered
3745,3947,2026-09-27,2026-10-17,standard,16937.66,delivered
3746,3948,2026-04-10,2026-04-14,standard,15999.61,delivered
3747,3949,2026-09-10,2026-09-23,express,42301.27,delivered
3748,3951,2026-04-30,2026-05-04,express,13478.95,delivered
3749,3953,2026-11-12,2026-11-23,standard,15980.27,delivered
3750,3954,2026-11-20,2026-12-08,standard,7157.29,delivered
3751,3955,2026-09-02,2026-09-21,express,15775.79,delivered
3752,3956,2026-06-07,2026-06-14,standard,19312.86,delivered
3753,3957,2026-08-21,2026-09-09,standard,11640.07,delivered
3754,3958,2026-07-19,2026-07-28,express,34453.33,delivered
3755,3959,2026-01-04,2026-01-10,standard,13768.8,delivered
3756,3960,2026-11-20,2026-12-14,standard,9639.72,delivered
3757,3961,2026-09-18,2026-10-04,standard,11809.58,delivered
3758,3962,2026-12-29,,standard,13909.1,in_transit
3759,3963,2026-11-30,2026-12-25,standard,18337.13,delivered
3760,3964,2026-05-28,2026-06-04,standard,10439.97,delivered
3761,3965,2026-08-10,2026-09-03,standard,11354.33,delivered
3762,3966,2026-09-14,2026-10-09,standard,24795.94,delivered
3763,3967,2026-08-24,2026-09-06,express,29421.62,delivered
3764,3968,2026-08-29,2026-09-15,standard,21728.98,delivered
3765,3969,2026-04-22,2026-04-25,express,9828.55,delivered
3766,3971,2026-09-27,2026-10-19,standard,15607.63,delivered
3767,3972,2026-07-30,2026-08-09,standard,21219.19,delivered
3768,3974,2026-04-30,2026-05-04,standard,19034.58,delivered
3769,3975,2026-05-12,2026-05-19,standard,12344.2,delivered
3770,3976,2026-04-20,2026-04-24,standard,14106.57,delivered
3771,3977,2026-09-10,2026-10-05,standard,9017.46,delivered
3772,3978,2026-07-30,2026-08-14,standard,4187.82,delivered
3773,3979,2026-12-05,2026-12-19,standard,20690.95,delivered
3774,3980,2026-11-20,2026-12-04,standard,13717.06,delivered
3775,3981,2026-05-25,2026-05-30,standard,5457.22,delivered
3776,3982,2026-12-02,2026-12-20,express,29192.27,delivered
3777,3983,2026-10-05,2026-10-27,standard,25203.7,delivered
3778,3984,2026-12-15,2026-12-24,express,36988.35,delivered
3779,3985,2026-09-14,2026-10-06,express,27123.56,delivered
3780,3986,2026-04-29,2026-05-06,standard,17074.88,delivered
3781,3987,2026-03-17,2026-03-24,standard,17216.32,delivered
3782,3988,2026-03-02,2026-03-07,standard,18393.9,delivered
3783,3989,2026-07-25,2026-08-11,standard,10516.49,delivered
3784,3990,2026-11-28,2026-12-18,standard,8718.87,delivered
3785,3991,2026-04-06,2026-04-09,standard,16519.16,delivered
3786,3992,2026-07-10,2026-07-28,standard,14523.02,delivered
3787,3993,2026-11-13,2026-11-29,standard,9398.34,delivered
3788,3995,2026-11-12,2026-11-28,standard,13606.14,delivered
3789,3996,2026-12-27,,standard,14943.15,in_transit
3790,3998,2026-07-07,2026-07-18,standard,19513.32,delivered
3791,3999,2026-09-18,2026-10-06,standard,24876.51,delivered
3792,4000,2026-09-20,2026-10-17,standard,5425.27,delivered
3793,4001,2026-12-03,2026-12-22,standard,9683.32,delivered
3794,4002,2026-02-25,2026-02-28,standard,13569.11,delivered
3795,4003,2026-10-10,2026-11-02,standard,22373.04,delivered
3796,4004,2026-07-26,2026-08-08,express,25735.11,delivered
3797,4005,2026-09-19,2026-10-07,standard,13036.92,delivered
3798,4007,2026-06-16,2026-06-21,standard,12598.24,delivered
3799,4009,2026-12-24,,standard,5676.09,in_transit
3800,4010,2026-06-13,2026-06-18,standard,14185.57,delivered
3801,4011,2026-06-09,2026-06-19,express,16889.75,delivered
3802,4012,2026-06-01,2026-06-05,standard,5883.84,delivered
3803,4013,2026-10-16,2026-10-31,standard,11475.28,delivered
3804,4014,2026-01-16,2026-01-18,standard,10718.05,delivered
3805,4015,2026-08-20,2026-09-06,standard,17982.21,delivered
3806,4016,2026-10-05,2026-10-25,standard,18177.21,delivered
3807,4017,2026-09-11,2026-09-28,standard,24401.38,delivered
3808,4018,2026-11-18,2026-12-04,standard,4700.77,delivered
3809,4019,2026-03-16,2026-03-25,standard,6703.11,delivered
3810,4020,2026-09-28,2026-10-18,standard,19060.16,delivered
3811,4021,2026-10-12,2026-10-30,standard,16715.4,delivered
3812,4022,2026-12-07,2026-12-24,standard,10062.37,delivered
3813,4023,2026-08-12,2026-08-29,express,23655.52,delivered
3814,4024,2026-09-30,2026-10-25,standard,21035.04,delivered
3815,4025,2026-07-28,2026-08-12,standard,9201.62,delivered
3816,4026,2026-11-22,2026-12-08,standard,19136.41,delivered
3817,4027,2026-11-04,2026-11-17,standard,24338.18,delivered
3818,4028,2026-07-25,2026-07-30,express,11382.02,delivered
3819,4029,2026-12-04,2026-12-25,standard,11331.51,delivered
3820,4030,2026-08-22,2026-09-02,standard,22661.31,delivered
3821,4031,2026-11-02,2026-11-24,express,42405.87,delivered
3822,4032,2026-04-29,2026-05-07,standard,8800.74,delivered
3823,4033,2026-11-29,2026-12-10,standard,15216.57,delivered
3824,4034,2026-03-09,2026-03-17,standard,18991.39,delivered
3825,4035,2026-12-11,,standard,10788.51,in_transit
3826,4037,2026-11-09,2026-11-23,express,23543.22,delivered
3827,4038,2026-08-28,2026-09-19,standard,11936.83,delivered
3828,4039,2026-04-26,2026-05-01,express,9697.7,delivered
3829,4040,2026-02-08,2026-02-15,standard,15331.13,delivered
3830,4042,2026-02-20,2026-02-28,standard,16356.28,delivered
3831,4044,2026-04-13,2026-04-19,standard,9069.36,delivered
3832,4045,2026-10-12,2026-10-23,standard,9902.49,delivered
3833,4046,2026-11-14,2026-12-10,standard,14725.83,delivered
3834,4047,2026-08-12,2026-08-29,standard,7241.41,delivered
3835,4050,2026-09-26,2026-10-19,standard,11885.48,delivered
3836,4051,2026-05-27,2026-06-07,standard,19861.7,delivered
3837,4052,2026-11-20,2026-12-10,standard,16770.5,delivered
3838,4053,2026-10-31,2026-11-22,standard,25214.2,delivered
3839,4054,2026-07-02,2026-07-07,express,10207.17,delivered
3840,4055,2026-08-12,2026-09-01,standard,6092.36,delivered
3841,4056,2026-03-30,2026-04-07,standard,17957.62,delivered
3842,4057,2026-10-19,2026-10-31,express,31387.9,delivered
3843,4058,2026-09-21,2026-10-10,standard,22438.41,delivered
3844,4059,2026-06-16,2026-06-23,express,15765.63,delivered
3845,4060,2026-11-05,2026-11-25,standard,24572.88,delivered
3846,4061,2026-12-18,,standard,22818.13,in_transit
3847,4062,2026-05-11,2026-05-15,standard,19868.5,delivered
3848,4063,2026-05-27,2026-06-04,standard,9934.87,delivered
3849,4064,2026-09-12,2026-10-02,express,19653.35,delivered
3850,4065,2026-08-21,2026-09-04,standard,18185.9,delivered
3851,4066,2026-04-27,2026-05-03,standard,7665.24,delivered
3852,4068,2026-11-30,2026-12-19,standard,8658.71,delivered
3853,4069,2026-02-17,2026-02-24,standard,7786.26,delivered
3854,4070,2026-07-06,2026-07-22,standard,11551.66,delivered
3855,4071,2026-01-23,2026-01-29,standard,16870.15,delivered
3856,4072,2026-12-06,2026-12-27,standard,8542.4,delivered
3857,4073,2026-11-30,2026-12-13,express,29642.1,delivered
3858,4075,2026-12-14,,standard,13710.21,in_transit
3859,4076,2026-09-02,2026-09-22,standard,9590.64,delivered
3860,4077,2026-01-30,2026-02-07,standard,9903.68,delivered
3861,4078,2026-07-07,2026-07-20,standard,19035.17,delivered
3862,4079,2026-11-10,2026-11-24,express,16635.62,delivered
3863,4080,2026-07-19,2026-07-31,standard,16661.06,delivered
3864,4081,2026-11-01,2026-11-20,standard,11020.27,delivered
3865,4082,2026-12-05,2026-12-19,standard,17515.64,delivered
3866,4083,2026-09-26,2026-10-13,standard,13959.67,delivered
3867,4084,2026-05-30,2026-06-02,express,23836.86,delivered
3868,4085,2026-11-23,2026-12-11,standard,21723.64,delivered
3869,4086,2026-04-27,2026-05-03,standard,12996.52,delivered
3870,4088,2026-01-23,2026-01-26,standard,6515.82,delivered
3871,4090,2026-12-04,2026-12-19,standard,12053.36,delivered
3872,4091,2026-04-17,2026-04-23,standard,10512.68,delivered
3873,4092,2026-02-25,2026-03-05,standard,8158.39,delivered
3874,4093,2026-03-21,2026-03-26,standard,14968.59,delivered
3875,4094,2026-05-16,2026-05-22,standard,9810.26,delivered
3876,4095,2026-07-08,2026-07-26,express,26789.6,delivered
3877,4096,2026-08-13,2026-08-27,standard,19193.56,delivered
3878,4097,2026-12-18,2026-12-31,standard,10853.24,delivered
3879,4098,2026-12-26,,standard,8240.01,in_transit
3880,4099,2026-06-30,2026-07-06,standard,9962.36,delivered
3881,4100,2026-02-26,2026-03-03,standard,9808.38,delivered
3882,4101,2026-05-05,2026-05-14,standard,8168.96,delivered
3883,4102,2026-12-03,2026-12-14,standard,13734.0,delivered
3884,4103,2026-06-15,2026-06-20,standard,11285.91,delivered
3885,4104,2026-11-02,2026-11-23,express,25075.69,delivered
3886,4105,2026-07-22,2026-08-06,standard,6029.52,delivered
3887,4106,2026-07-11,2026-07-22,express,37451.67,delivered
3888,4107,2026-05-12,2026-05-15,express,14496.99,delivered
3889,4108,2026-12-01,2026-12-17,standard,24040.17,delivered
3890,4109,2026-06-24,2026-06-30,standard,14997.7,delivered
3891,4110,2026-05-04,2026-05-11,standard,12453.72,delivered
3892,4111,2026-11-30,2026-12-21,express,25843.62,delivered
3893,4112,2026-05-09,2026-05-16,standard,5378.6,delivered
3894,4114,2026-06-28,2026-07-09,standard,17350.73,delivered
3895,4115,2026-09-17,2026-10-07,standard,21674.49,delivered
3896,4116,2026-03-25,2026-03-28,express,32332.31,delivered
3897,4117,2026-10-28,2026-11-11,standard,21848.1,delivered
3898,4118,2026-06-12,2026-06-18,standard,10737.09,delivered
3899,4119,2026-11-16,2026-11-29,standard,8309.41,delivered
3900,4120,2026-10-27,2026-11-07,standard,9780.37,delivered
3901,4121,2026-08-26,2026-09-11,standard,24721.61,delivered
3902,4122,2026-11-04,2026-11-23,express,29210.12,delivered
3903,4123,2026-05-21,2026-05-24,express,24931.15,delivered
3904,4124,2026-02-22,2026-02-26,standard,9320.97,delivered
3905,4125,2026-09-01,2026-09-19,standard,9592.29,delivered
3906,4126,2026-06-21,2026-06-30,standard,16222.4,delivered
3907,4127,2026-09-06,2026-09-29,standard,17641.11,delivered
3908,4128,2026-06-19,2026-06-29,standard,20024.93,delivered
3909,4129,2026-09-02,2026-09-18,standard,22522.12,delivered
3910,4130,2026-06-19,2026-06-25,standard,10009.29,delivered
3911,4131,2026-11-23,2026-12-15,standard,19199.43,delivered
3912,4132,2026-05-31,2026-06-08,standard,17631.44,delivered
3913,4133,2026-01-04,2026-01-06,standard,17742.84,delivered
3914,4134,2026-02-01,2026-02-04,standard,7407.35,delivered
3915,4135,2026-11-10,2026-12-01,standard,8402.85,delivered
3916,4136,2026-03-20,2026-03-27,standard,17414.87,delivered
3917,4138,2026-05-26,2026-06-02,standard,9361.69,delivered
3918,4141,2026-12-13,2026-12-27,standard,11937.17,delivered
3919,4142,2026-12-30,,standard,16075.0,in_transit
3920,4143,2026-07-28,2026-08-09,standard,20163.97,delivered
3921,4144,2026-03-17,2026-03-19,express,16270.1,delivered
3922,4145,2026-01-08,2026-01-15,standard,17305.44,delivered
3923,4146,2026-09-25,2026-10-15,standard,19261.9,delivered
3924,4147,2026-08-01,2026-08-10,standard,20907.27,delivered
3925,4149,2026-07-05,2026-07-17,standard,13937.54,delivered
3926,4150,2026-03-30,2026-04-04,standard,14790.69,delivered
3927,4151,2026-09-28,2026-10-13,standard,12662.34,delivered
3928,4152,2026-10-02,2026-10-24,standard,9016.28,delivered
3929,4153,2026-09-22,2026-10-14,standard,11101.15,delivered
3930,4154,2026-03-24,2026-03-27,express,12209.62,delivered
3931,4155,2026-02-10,2026-02-15,standard,14850.65,delivered
3932,4156,2026-05-31,2026-06-09,standard,18159.1,delivered
3933,4157,2026-12-09,2026-12-23,standard,8276.97,delivered
3934,4158,2026-08-21,2026-09-10,standard,22725.39,delivered
3935,4159,2026-05-01,2026-05-09,standard,8453.97,delivered
3936,4161,2026-01-28,2026-01-30,express,16522.41,delivered
3937,4163,2026-05-04,2026-05-08,standard,7409.57,delivered
3938,4164,2026-04-28,2026-05-03,standard,16312.52,delivered
3939,4165,2026-06-20,2026-07-01,standard,10234.7,delivered
3940,4166,2026-06-29,2026-07-09,standard,6057.62,delivered
3941,4167,2026-11-11,2026-11-27,standard,7691.23,delivered
3942,4169,2026-08-22,2026-09-15,standard,24774.41,delivered
3943,4170,2026-07-24,2026-08-07,express,30549.12,delivered
3944,4171,2026-05-13,2026-05-21,standard,15705.09,delivered
3945,4172,2026-10-22,2026-11-01,standard,10974.66,delivered
3946,4173,2026-12-29,,standard,18047.79,in_transit
3947,4174,2026-09-27,2026-10-11,standard,25785.68,delivered
3948,4175,2026-08-20,2026-09-03,express,10676.76,delivered
3949,4176,2026-08-27,2026-09-11,standard,14479.9,delivered
3950,4177,2026-12-10,2026-12-22,standard,14976.13,delivered
3951,4178,2026-05-22,2026-05-23,express,29734.13,delivered
3952,4179,2026-10-23,2026-11-16,standard,10438.28,delivered
3953,4180,2026-03-16,2026-03-20,standard,6783.81,delivered
3954,4181,2026-03-07,2026-03-10,standard,3721.58,delivered
3955,4182,2026-09-26,2026-10-15,standard,26189.15,delivered
3956,4183,2026-01-10,2026-01-13,express,21171.83,delivered
3957,4184,2026-04-01,2026-04-04,express,12902.6,delivered
3958,4185,2026-09-13,2026-10-01,standard,17739.24,delivered
3959,4186,2026-10-13,2026-10-30,standard,22059.53,delivered
3960,4187,2026-07-12,2026-07-26,standard,21878.8,delivered
3961,4188,2026-09-08,2026-09-25,express,32333.48,delivered
3962,4190,2026-08-29,2026-09-18,express,30205.17,delivered
3963,4191,2026-12-20,2026-12-31,express,17498.61,delivered
3964,4192,2026-07-17,2026-07-31,standard,8048.28,delivered
3965,4193,2026-03-08,2026-03-12,standard,8024.5,delivered
3966,4194,2026-02-18,2026-02-21,standard,9957.64,delivered
3967,4195,2026-08-28,2026-09-15,standard,14928.26,delivered
3968,4197,2026-12-01,2026-12-13,standard,20121.85,delivered
3969,4198,2026-11-11,2026-11-24,standard,22607.64,delivered
3970,4199,2026-01-17,2026-01-18,express,21678.32,delivered
3971,4201,2026-12-10,2026-12-20,express,26501.03,delivered
3972,4202,2026-09-11,2026-10-05,standard,24973.32,delivered
3973,4203,2026-04-12,2026-04-15,standard,17286.06,delivered
3974,4204,2026-11-03,2026-11-19,standard,21457.75,delivered
3975,4205,2026-10-18,2026-11-12,standard,23638.65,delivered
3976,4206,2026-09-05,2026-09-23,express,13475.5,delivered
3977,4207,2026-08-22,2026-09-08,standard,8198.33,delivered
3978,4208,2026-08-02,2026-08-13,standard,18746.97,delivered
3979,4209,2026-09-20,2026-10-16,standard,6993.06,delivered
3980,4210,2026-08-17,2026-09-02,standard,24998.91,delivered
3981,4211,2026-09-15,2026-10-08,standard,20637.66,delivered
3982,4212,2026-11-26,2026-12-11,standard,10911.39,delivered
3983,4213,2026-07-26,2026-08-05,standard,13536.53,delivered
3984,4214,2026-07-31,2026-08-16,standard,8534.99,delivered
3985,4215,2026-09-28,2026-10-17,standard,8921.9,delivered
3986,4216,2026-02-15,2026-02-17,express,10934.19,delivered
3987,4217,2026-06-13,2026-06-20,standard,12957.99,delivered
3988,4218,2026-06-23,2026-07-03,standard,11571.77,delivered
3989,4219,2026-05-30,2026-06-05,standard,14622.01,delivered
3990,4220,2026-02-18,2026-02-23,standard,10319.96,delivered
3991,4221,2026-08-30,2026-09-21,standard,18976.16,delivered
3992,4222,2026-04-10,2026-04-19,standard,7991.11,delivered
3993,4223,2026-07-05,2026-07-12,standard,20320.08,delivered
3994,4224,2026-10-02,2026-10-13,standard,9756.15,delivered
3995,4225,2026-08-23,2026-09-07,standard,10974.31,delivered
3996,4226,2026-03-22,2026-03-26,express,23574.85,delivered
3997,4227,2026-10-01,2026-10-22,standard,16585.54,delivered
3998,4228,2026-10-01,2026-10-19,standard,6647.95,delivered
3999,4229,2026-10-01,2026-10-21,standard,10944.35,delivered
4000,4230,2026-10-24,2026-11-05,standard,9002.64,delivered
4001,4231,2026-04-28,2026-05-02,standard,9578.44,delivered
4002,4232,2026-06-15,2026-06-21,standard,20562.01,delivered
4003,4233,2026-09-16,2026-10-12,standard,9519.82,delivered
4004,4234,2026-08-16,2026-09-02,standard,6315.54,delivered
4005,4235,2026-09-19,2026-10-11,standard,12273.85,delivered
4006,4236,2026-10-31,2026-11-19,standard,21042.05,delivered
4007,4237,2026-11-17,2026-11-24,express,12615.29,delivered
4008,4238,2026-09-02,2026-09-23,standard,5875.89,delivered
4009,4239,2026-12-12,2026-12-22,standard,14815.44,delivered
4010,4240,2026-10-04,2026-10-24,standard,14070.15,delivered
4011,4244,2026-03-10,2026-03-13,standard,7919.97,delivered
4012,4245,2026-07-23,2026-08-07,standard,5812.99,delivered
4013,4246,2026-10-09,2026-10-23,standard,23609.22,delivered
4014,4247,2026-08-29,2026-09-19,express,15245.13,delivered
4015,4250,2026-02-16,2026-02-26,standard,9562.11,delivered
4016,4251,2026-07-05,2026-07-18,express,23412.08,delivered
4017,4252,2026-07-17,2026-07-28,standard,11424.35,delivered
4018,4253,2026-03-20,2026-03-25,standard,9603.28,delivered
4019,4254,2026-09-01,2026-09-19,standard,7650.96,delivered
4020,4255,2026-03-20,2026-03-28,standard,15859.22,delivered
4021,4256,2026-11-01,2026-11-15,standard,19136.17,delivered
4022,4257,2026-04-15,2026-04-20,standard,16045.61,delivered
4023,4258,2026-12-06,2026-12-24,standard,16212.57,delivered
4024,4259,2026-07-26,2026-08-12,standard,12405.86,delivered
4025,4260,2026-08-30,2026-09-17,standard,21367.81,delivered
4026,4261,2026-05-22,2026-05-28,standard,19636.41,delivered
4027,4264,2026-04-26,2026-05-02,standard,12049.47,delivered
4028,4265,2026-03-05,2026-03-09,express,10129.98,delivered
4029,4266,2026-01-17,2026-01-19,express,15709.2,delivered
4030,4267,2026-08-04,2026-08-20,standard,18188.59,delivered
4031,4268,2026-07-13,2026-07-25,express,28693.65,delivered
4032,4270,2026-12-10,2026-12-26,standard,9062.02,delivered
4033,4272,2026-07-07,2026-07-17,standard,18339.18,delivered
4034,4273,2026-11-24,2026-12-12,standard,10258.33,delivered
4035,4274,2026-04-03,2026-04-07,express,19144.11,delivered
4036,4275,2026-04-18,2026-04-26,standard,15593.15,delivered
4037,4277,2026-09-23,2026-10-15,standard,21454.64,delivered
4038,4279,2026-12-24,,express,16727.46,in_transit
4039,4281,2026-11-24,2026-12-07,standard,15797.77,delivered
4040,4282,2026-08-16,2026-09-01,standard,12351.24,delivered
4041,4283,2026-09-21,2026-10-12,express,36006.01,delivered
4042,4284,2026-07-14,2026-07-26,standard,8439.22,delivered
4043,4285,2026-08-21,2026-09-06,standard,20198.78,delivered
4044,4287,2026-02-05,2026-02-14,standard,16043.92,delivered
4045,4288,2026-12-16,,standard,14787.15,in_transit
4046,4289,2026-07-24,2026-08-04,standard,23092.25,delivered
4047,4290,2026-08-10,2026-08-28,standard,13632.92,delivered
4048,4291,2026-10-28,2026-11-20,express,17726.54,delivered
4049,4292,2026-05-26,2026-06-03,standard,11209.95,delivered
4050,4293,2026-12-23,,standard,10444.21,in_transit
4051,4294,2026-07-31,2026-08-16,standard,8657.95,delivered
4052,4296,2026-04-01,2026-04-09,standard,5133.0,delivered
4053,4297,2026-10-29,2026-11-12,express,39468.97,delivered
4054,4298,2026-08-13,2026-09-05,standard,14809.48,delivered
4055,4299,2026-04-15,2026-04-20,standard,19033.86,delivered
4056,4300,2026-07-01,2026-07-08,express,16826.89,delivered
4057,4301,2026-01-22,2026-01-24,standard,12807.43,delivered
4058,4302,2026-05-25,2026-05-30,standard,5559.51,delivered
4059,4303,2026-11-14,2026-12-01,standard,10841.11,delivered
4060,4304,2026-03-10,2026-03-15,standard,13557.12,delivered
4061,4305,2026-12-10,2026-12-28,standard,18368.34,delivered
4062,4306,2026-03-29,2026-04-05,standard,18755.69,delivered
4063,4307,2026-11-30,2026-12-18,standard,18549.58,delivered
4064,4308,2026-04-25,2026-05-02,standard,17628.76,delivered
4065,4310,2026-12-18,2026-12-30,standard,12960.07,delivered
4066,4311,2026-10-02,2026-10-18,standard,22272.65,delivered
4067,4312,2026-06-18,2026-06-26,express,26542.29,delivered
4068,4314,2026-02-17,2026-02-21,standard,6522.17,delivered
4069,4315,2026-10-10,2026-10-31,standard,13571.16,delivered
4070,4316,2026-12-15,,standard,12819.03,in_transit
4071,4317,2026-10-24,2026-11-10,standard,16712.55,delivered
4072,4319,2026-01-19,2026-01-23,standard,3986.5,delivered
4073,4320,2026-01-06,2026-01-14,standard,18581.56,delivered
4074,4321,2026-05-22,2026-06-03,standard,12315.19,delivered
4075,4322,2026-09-17,2026-10-01,standard,10114.71,delivered
4076,4324,2026-03-09,2026-03-11,express,28693.84,delivered
4077,4325,2026-10-24,2026-11-07,express,19324.02,delivered
4078,4326,2026-06-05,2026-06-09,standard,18082.93,delivered
4079,4327,2026-12-16,,standard,7285.85,in_transit
4080,4328,2026-06-23,2026-06-27,standard,3938.34,delivered
4081,4329,2026-09-04,2026-09-18,standard,9587.48,delivered
4082,4330,2026-04-17,2026-04-23,express,23524.08,delivered
4083,4331,2026-12-09,2026-12-26,standard,19737.85,delivered
4084,4332,2026-10-14,2026-10-31,standard,17766.72,delivered
4085,4333,2026-02-08,2026-02-12,standard,13952.15,delivered
4086,4334,2026-05-27,2026-06-02,express,32002.91,delivered
4087,4335,2026-11-16,2026-11-29,standard,19434.37,delivered
4088,4337,2026-03-15,2026-03-19,standard,9012.99,delivered
4089,4338,2026-02-16,2026-02-18,standard,15934.2,delivered
4090,4339,2026-10-08,2026-10-25,standard,14431.67,delivered
4091,4340,2026-10-13,2026-10-26,standard,13080.78,delivered
4092,4341,2026-06-28,2026-07-06,standard,13593.23,delivered
4093,4342,2026-10-03,2026-10-27,express,36855.95,delivered
4094,4343,2026-11-25,2026-12-12,standard,15420.5,delivered
4095,4344,2026-10-23,2026-11-07,express,29412.68,delivered
4096,4345,2026-09-29,2026-10-07,standard,7564.75,delivered
4097,4346,2026-10-25,2026-11-14,standard,22063.09,delivered
4098,4347,2026-12-26,,standard,16774.34,in_transit
4099,4348,2026-06-14,2026-06-21,express,31944.83,delivered
4100,4349,2026-11-03,2026-11-11,standard,20463.54,delivered
4101,4350,2026-12-14,,standard,14083.99,in_transit
4102,4351,2026-11-30,2026-12-19,standard,17172.37,delivered
4103,4352,2026-08-22,2026-09-06,standard,20284.46,delivered
4104,4353,2026-07-06,2026-07-23,standard,19777.4,delivered
4105,4354,2026-09-10,2026-10-04,standard,22005.07,delivered
4106,4355,2026-12-03,2026-12-19,standard,9778.47,delivered
4107,4356,2026-10-16,2026-10-31,standard,9624.37,delivered
4108,4357,2026-01-25,2026-02-01,standard,9756.33,delivered
4109,4358,2026-11-28,2026-12-11,express,21619.53,delivered
4110,4360,2026-02-11,2026-02-20,standard,11439.24,delivered
4111,4361,2026-10-17,2026-11-06,express,22871.12,delivered
4112,4362,2026-11-19,2026-12-02,standard,16915.31,delivered
4113,4363,2026-07-11,2026-08-04,standard,22430.34,delivered
4114,4364,2026-11-11,2026-11-27,standard,4145.14,delivered
4115,4365,2026-11-12,2026-12-05,standard,9381.58,delivered
4116,4366,2026-12-22,,express,39325.74,in_transit
4117,4367,2026-06-22,2026-07-01,standard,14288.22,delivered
4118,4368,2026-03-13,2026-03-19,standard,9965.77,delivered
4119,4369,2026-12-08,2026-12-21,standard,5742.08,delivered
4120,4370,2026-10-05,2026-10-29,standard,16112.08,delivered
4121,4371,2026-11-04,2026-11-25,standard,18536.21,delivered
4122,4372,2026-10-09,2026-10-29,standard,23992.54,delivered
4123,4373,2026-11-19,2026-12-10,standard,15590.06,delivered
4124,4374,2026-07-28,2026-08-12,standard,10242.24,delivered
4125,4375,2026-12-05,2026-12-18,express,32625.43,delivered
4126,4376,2026-12-17,2026-12-31,standard,5499.76,delivered
4127,4377,2026-12-11,2026-12-20,standard,21693.91,delivered
4128,4379,2026-10-13,2026-10-26,standard,14890.75,delivered
4129,4380,2026-12-14,2026-12-27,standard,7594.82,delivered
4130,4381,2026-03-20,2026-03-24,express,25475.2,delivered
4131,4382,2026-12-06,2026-12-19,express,32526.8,delivered
4132,4383,2026-10-13,2026-10-31,standard,16856.92,delivered
4133,4384,2026-02-15,2026-02-21,express,32099.93,delivered
4134,4385,2026-12-12,2026-12-20,express,33989.64,delivered
4135,4386,2026-06-12,2026-06-18,standard,10158.94,delivered
4136,4387,2026-06-23,2026-06-30,standard,15161.21,delivered
4137,4388,2026-07-08,2026-07-21,standard,10284.2,delivered
4138,4389,2026-01-26,2026-01-29,standard,14607.32,delivered
4139,4390,2026-04-14,2026-04-22,standard,19218.26,delivered
4140,4391,2026-10-19,2026-11-09,standard,16908.72,delivered
4141,4392,2026-03-05,2026-03-12,standard,14122.71,delivered
4142,4393,2026-12-27,,standard,6549.2,in_transit
4143,4394,2026-12-23,,standard,6845.44,in_transit
4144,4395,2026-09-23,2026-10-13,express,20010.83,delivered
4145,4396,2026-07-24,2026-08-04,standard,11494.84,delivered
4146,4397,2026-10-29,2026-11-12,standard,15464.6,delivered
4147,4398,2026-10-19,2026-11-11,standard,17036.19,delivered
4148,4399,2026-11-11,2026-11-27,standard,16706.64,delivered
4149,4400,2026-10-16,2026-11-04,standard,8226.79,delivered
4150,4401,2026-08-11,2026-08-26,standard,9072.98,delivered
4151,4402,2026-03-29,2026-04-01,standard,7303.46,delivered
4152,4403,2026-09-21,2026-10-06,express,15608.79,delivered
4153,4404,2026-12-09,2026-12-26,standard,14113.1,delivered
4154,4405,2026-09-26,2026-10-17,standard,23452.82,delivered
4155,4407,2026-09-22,2026-10-16,standard,21352.59,delivered
4156,4408,2026-12-26,,standard,10740.39,in_transit
4157,4409,2026-10-04,2026-10-24,standard,20769.41,delivered
4158,4410,2026-09-04,2026-09-21,express,20888.01,delivered
4159,4411,2026-02-08,2026-02-15,standard,18671.57,delivered
4160,4412,2026-06-21,2026-06-22,express,33800.49,delivered
4161,4413,2026-12-31,,standard,13889.63,in_transit
4162,4414,2026-10-15,2026-11-05,standard,9345.31,delivered
4163,4415,2026-04-24,2026-05-03,standard,12187.92,delivered
4164,4416,2026-10-26,2026-11-15,standard,24761.85,delivered
4165,4417,2026-09-29,2026-10-11,standard,8684.18,delivered
4166,4418,2026-12-31,,standard,11884.18,in_transit
4167,4419,2026-06-02,2026-06-10,standard,6055.49,delivered
4168,4420,2026-08-17,2026-08-28,express,29821.56,delivered
4169,4421,2026-11-23,2026-12-03,standard,8731.39,delivered
4170,4422,2026-12-17,2026-12-25,express,26727.34,delivered
4171,4423,2026-12-16,,standard,15325.77,in_transit
4172,4424,2026-08-28,2026-09-18,standard,11217.34,delivered
4173,4425,2026-04-27,2026-05-02,standard,10008.13,delivered
4174,4426,2026-01-06,2026-01-11,standard,14574.23,delivered
4175,4427,2026-09-12,2026-09-28,standard,7171.86,delivered
4176,4428,2026-12-30,,standard,4308.88,in_transit
4177,4429,2026-05-08,2026-05-14,standard,14995.85,delivered
4178,4430,2026-09-02,2026-09-19,standard,15958.81,delivered
4179,4431,2026-10-01,2026-10-23,standard,21615.63,delivered
4180,4432,2026-12-28,,standard,18667.76,in_transit
4181,4433,2026-11-27,2026-12-10,express,15983.42,delivered
4182,4434,2026-01-31,2026-02-03,standard,7227.32,delivered
4183,4435,2026-12-17,2026-12-31,standard,17534.78,delivered
4184,4436,2026-07-13,2026-08-01,standard,16170.87,delivered
4185,4437,2026-05-07,2026-05-15,standard,19810.46,delivered
4186,4439,2026-09-09,2026-09-21,standard,20318.29,delivered
4187,4440,2026-04-20,2026-04-22,express,30166.31,delivered
4188,4442,2026-07-19,2026-07-30,standard,21726.41,delivered
4189,4443,2026-03-30,2026-04-02,standard,7881.83,delivered
4190,4444,2026-11-06,2026-11-20,standard,20392.47,delivered
4191,4445,2026-12-02,2026-12-11,standard,24387.4,delivered
4192,4446,2026-05-29,2026-05-31,standard,11568.04,delivered
4193,4447,2026-06-09,2026-06-14,standard,4377.45,delivered
4194,4449,2026-04-04,2026-04-07,express,8449.21,delivered
4195,4450,2026-02-01,2026-02-08,standard,9642.2,delivered
4196,4451,2026-06-30,2026-07-10,standard,9643.27,delivered
4197,4452,2026-06-24,2026-06-29,standard,12061.41,delivered
4198,4454,2026-11-22,2026-12-03,standard,21503.48,delivered
4199,4455,2026-06-26,2026-07-05,standard,10798.36,delivered
4200,4456,2026-07-23,2026-08-03,standard,8333.46,delivered
4201,4457,2026-12-04,2026-12-16,standard,15907.29,delivered
4202,4458,2026-08-17,2026-09-06,standard,10751.16,delivered
4203,4459,2026-06-25,2026-07-04,standard,9434.77,delivered
4204,4460,2026-11-24,2026-12-14,standard,5586.15,delivered
4205,4461,2026-02-17,2026-02-27,standard,14383.54,delivered
4206,4463,2026-10-21,2026-10-31,express,22823.29,delivered
4207,4464,2026-10-03,2026-10-23,standard,23459.9,delivered
4208,4465,2026-01-08,2026-01-10,standard,13031.74,delivered
4209,4466,2026-02-11,2026-02-18,standard,10851.67,delivered
4210,4467,2026-06-08,2026-06-21,standard,6793.28,delivered
4211,4468,2026-06-13,2026-06-27,standard,8098.3,delivered
4212,4469,2026-01-16,2026-01-19,standard,19059.51,delivered
4213,4471,2026-08-07,2026-08-19,standard,13481.12,delivered
4214,4472,2026-03-09,2026-03-16,standard,12449.89,delivered
4215,4474,2026-05-11,2026-05-16,standard,6936.99,delivered
4216,4475,2026-11-08,2026-11-23,standard,21081.21,delivered
4217,4476,2026-08-25,2026-09-10,standard,24500.97,delivered
4218,4477,2026-09-02,2026-09-17,standard,20667.26,delivered
4219,4479,2026-05-01,2026-05-04,express,18578.88,delivered
4220,4482,2026-08-13,2026-09-02,standard,11803.06,delivered
4221,4483,2026-10-22,2026-10-31,express,27704.31,delivered
4222,4484,2026-12-25,,standard,20875.1,in_transit
4223,4485,2026-09-19,2026-10-09,standard,12623.14,delivered
4224,4486,2026-06-29,2026-07-04,express,31868.63,delivered
4225,4487,2026-05-15,2026-05-23,standard,9399.73,delivered
4226,4488,2026-05-23,2026-06-02,standard,17990.66,delivered
4227,4489,2026-03-30,2026-04-05,standard,18868.16,delivered
4228,4490,2026-11-18,2026-12-04,express,28104.0,delivered
4229,4491,2026-03-29,2026-04-05,standard,10490.16,delivered
4230,4492,2026-11-27,2026-12-09,standard,22546.06,delivered
4231,4493,2026-06-28,2026-07-01,express,15855.89,delivered
4232,4494,2026-05-10,2026-05-16,standard,9881.7,delivered
4233,4496,2026-12-17,2026-12-31,standard,4013.19,delivered
4234,4497,2026-09-01,2026-09-18,express,30390.04,delivered
4235,4498,2026-08-27,2026-09-17,express,35214.93,delivered
4236,4499,2026-07-04,2026-07-12,standard,13972.6,delivered
4237,4500,2026-10-10,2026-10-24,express,41403.93,delivered
4238,4501,2026-09-22,2026-10-15,standard,19710.67,delivered
4239,4502,2026-11-26,2026-12-10,express,18155.09,delivered
4240,4503,2026-12-16,,standard,18763.7,in_transit
4241,4504,2026-06-26,2026-07-07,standard,13695.28,delivered
4242,4505,2026-05-14,2026-05-19,express,12302.39,delivered
4243,4506,2026-07-20,2026-07-29,standard,5004.0,delivered
4244,4507,2026-10-25,2026-11-15,express,31772.4,delivered
4245,4508,2026-09-15,2026-10-06,standard,25163.52,delivered
4246,4509,2026-04-25,2026-04-30,standard,16261.35,delivered
4247,4510,2026-01-03,2026-01-11,standard,10781.54,delivered
4248,4511,2026-05-14,2026-05-21,standard,17314.73,delivered
4249,4512,2026-05-20,2026-05-30,standard,16992.46,delivered
4250,4514,2026-11-10,2026-11-21,standard,4739.57,delivered
4251,4515,2026-08-24,2026-09-04,express,21033.4,delivered
4252,4516,2026-11-18,2026-12-11,standard,14438.16,delivered
4253,4517,2026-07-23,2026-08-01,standard,10687.51,delivered
4254,4518,2026-10-06,2026-10-17,express,24291.35,delivered
4255,4519,2026-12-08,2026-12-22,standard,10109.51,delivered
4256,4520,2026-08-20,2026-08-28,express,24015.25,delivered
4257,4521,2026-01-20,2026-01-25,standard,6617.32,delivered
4258,4522,2026-06-18,2026-06-30,standard,8127.76,delivered
4259,4523,2026-07-15,2026-07-24,standard,8054.21,delivered
4260,4524,2026-02-26,2026-03-05,standard,10322.25,delivered
4261,4525,2026-11-21,2026-12-03,standard,20364.39,delivered
4262,4526,2026-11-15,2026-11-26,express,19954.12,delivered
4263,4527,2026-04-11,2026-04-16,standard,7600.91,delivered
4264,4528,2026-04-10,2026-04-17,standard,12913.01,delivered
4265,4529,2026-08-28,2026-09-20,standard,15556.21,delivered
4266,4530,2026-03-20,2026-03-21,express,13087.38,delivered
4267,4531,2026-03-16,2026-03-25,standard,15269.38,delivered
4268,4532,2026-02-18,2026-02-25,standard,5167.64,delivered
4269,4534,2026-11-28,2026-12-13,standard,21341.37,delivered
4270,4535,2026-11-30,2026-12-13,express,36537.11,delivered
4271,4536,2026-03-27,2026-03-30,express,26609.23,delivered
4272,4537,2026-06-28,2026-07-07,express,22219.18,delivered
4273,4538,2026-12-30,,express,34101.06,in_transit
4274,4540,2026-03-17,2026-03-24,standard,16873.87,delivered
4275,4541,2026-10-11,2026-10-29,standard,12237.49,delivered
4276,4542,2026-05-15,2026-05-18,standard,8199.61,delivered
4277,4543,2026-08-10,2026-08-30,standard,17988.37,delivered
4278,4544,2026-11-24,2026-11-30,express,19045.21,delivered
4279,4546,2026-12-31,,standard,17399.82,in_transit
4280,4547,2026-09-05,2026-09-24,express,41150.39,delivered
4281,4548,2026-11-25,2026-12-10,standard,12407.99,delivered
4282,4549,2026-09-27,2026-10-15,standard,20993.1,delivered
4283,4550,2026-08-20,2026-09-05,standard,8432.65,delivered
4284,4551,2026-02-18,2026-02-20,express,11595.09,delivered
4285,4553,2026-12-26,2026-12-31,standard,17677.11,delivered
4286,4554,2026-11-22,2026-12-12,standard,22312.68,delivered
4287,4557,2026-10-26,2026-11-19,standard,16325.51,delivered
4288,4558,2026-07-19,2026-07-29,standard,14392.45,delivered
4289,4559,2026-02-24,2026-03-01,standard,15207.09,delivered
4290,4560,2026-10-28,2026-11-11,express,24886.76,delivered
4291,4561,2026-01-04,2026-01-12,standard,10935.34,delivered
4292,4562,2026-07-28,2026-08-05,standard,16892.52,delivered
4293,4563,2026-10-16,2026-10-31,standard,15250.19,delivered
4294,4564,2026-01-20,2026-01-23,standard,6933.31,delivered
4295,4565,2026-10-28,2026-11-12,standard,20116.46,delivered
4296,4567,2026-10-18,2026-10-26,standard,12083.32,delivered
4297,4568,2026-11-25,2026-12-16,standard,10026.26,delivered
4298,4569,2026-11-14,2026-12-04,standard,6495.82,delivered
4299,4570,2026-10-23,2026-11-12,standard,13931.66,delivered
4300,4571,2026-08-07,2026-08-16,standard,20836.36,delivered
4301,4572,2026-11-04,2026-11-19,standard,10344.8,delivered
4302,4574,2026-06-14,2026-06-18,standard,16167.04,delivered
4303,4575,2026-10-02,2026-10-19,standard,15924.58,delivered
4304,4576,2026-08-18,2026-09-05,standard,7628.31,delivered
4305,4577,2026-03-10,2026-03-18,standard,14417.77,delivered
4306,4580,2026-02-21,2026-02-24,express,13895.97,delivered
4307,4581,2026-05-19,2026-05-26,standard,4493.72,delivered
4308,4582,2026-06-02,2026-06-07,standard,11744.81,delivered
4309,4583,2026-09-15,2026-09-29,standard,10477.69,delivered
4310,4584,2026-08-27,2026-09-15,express,24690.89,delivered
4311,4585,2026-08-27,2026-09-14,standard,19263.58,delivered
4312,4586,2026-06-05,2026-06-12,express,23804.38,delivered
4313,4587,2026-07-17,2026-08-03,standard,21319.99,delivered
4314,4588,2026-10-12,2026-11-02,standard,9003.04,delivered
4315,4589,2026-06-14,2026-06-16,express,24264.54,delivered
4316,4590,2026-08-26,2026-09-11,express,21409.11,delivered
4317,4591,2026-11-14,2026-12-03,standard,24463.91,delivered
4318,4592,2026-10-25,2026-11-15,standard,8848.15,delivered
4319,4593,2026-04-24,2026-04-30,standard,8956.24,delivered
4320,4594,2026-04-18,2026-04-22,standard,14452.45,delivered
4321,4595,2026-10-10,2026-10-30,standard,15162.61,delivered
4322,4596,2026-10-04,2026-10-26,standard,14924.68,delivered
4323,4598,2026-06-26,2026-06-28,express,20278.2,delivered
4324,4600,2026-10-12,2026-10-25,express,23946.71,delivered
4325,4602,2026-06-11,2026-06-19,standard,10468.85,delivered
4326,4603,2026-08-29,2026-09-19,standard,10464.99,delivered
4327,4605,2026-12-14,2026-12-31,standard,23507.84,delivered
4328,4606,2026-10-22,2026-11-09,standard,21969.53,delivered
4329,4607,2026-09-07,2026-09-24,standard,23105.16,delivered
4330,4608,2026-09-27,2026-10-13,standard,10348.05,delivered
4331,4609,2026-11-28,2026-12-17,standard,9387.27,delivered
4332,4610,2026-12-07,2026-12-21,standard,8110.2,delivered
4333,4611,2026-08-06,2026-08-15,standard,10152.55,delivered
4334,4612,2026-12-05,2026-12-17,express,38119.85,delivered
4335,4613,2026-07-25,2026-08-14,standard,8199.28,delivered
4336,4614,2026-10-06,2026-10-23,standard,12580.1,delivered
4337,4615,2026-11-08,2026-11-24,standard,19622.87,delivered
4338,4616,2026-12-04,2026-12-23,standard,14674.66,delivered
4339,4617,2026-03-27,2026-04-01,standard,12928.55,delivered
4340,4619,2026-07-08,2026-07-19,standard,12043.29,delivered
4341,4620,2026-11-28,2026-12-10,express,18061.7,delivered
4342,4621,2026-12-12,2026-12-28,standard,16513.27,delivered
4343,4623,2026-09-28,2026-10-17,standard,14009.53,delivered
4344,4624,2026-10-05,2026-10-17,standard,15983.09,delivered
4345,4625,2026-12-27,,express,15962.16,in_transit
4346,4627,2026-02-22,2026-03-01,standard,18929.24,delivered
4347,4628,2026-12-08,2026-12-17,express,20480.86,delivered
4348,4629,2026-09-14,2026-10-02,standard,21525.49,delivered
4349,4630,2026-03-13,2026-03-17,standard,10569.74,delivered
4350,4631,2026-08-16,2026-09-02,express,35672.33,delivered
4351,4632,2026-08-03,2026-08-17,standard,10009.4,delivered
4352,4633,2026-10-01,2026-10-21,express,21006.8,delivered
4353,4634,2026-09-10,2026-09-26,standard,7365.74,delivered
4354,4635,2026-05-07,2026-05-11,express,24191.87,delivered
4355,4636,2026-10-09,2026-10-24,standard,22761.35,delivered
4356,4637,2026-03-14,2026-03-15,express,16506.17,delivered
4357,4638,2026-10-27,2026-11-19,standard,11414.44,delivered
4358,4639,2026-05-19,2026-05-30,standard,18203.7,delivered
4359,4640,2026-08-11,2026-08-31,standard,9353.92,delivered
4360,4641,2026-07-10,2026-07-18,standard,12677.55,delivered
4361,4642,2026-08-18,2026-09-08,standard,22522.32,delivered
4362,4643,2026-08-12,2026-08-31,standard,4716.5,delivered
4363,4644,2026-09-23,2026-10-14,express,24990.89,delivered
4364,4645,2026-12-08,2026-12-18,express,34777.37,delivered
4365,4646,2026-06-15,2026-06-21,standard,20167.36,delivered
4366,4647,2026-12-27,,standard,21439.93,in_transit
4367,4648,2026-10-20,2026-10-30,express,41286.33,delivered
4368,4649,2026-11-05,2026-11-18,standard,16269.11,delivered
4369,4650,2026-04-24,2026-05-03,standard,6546.94,delivered
4370,4651,2026-12-08,2026-12-22,express,32198.37,delivered
4371,4652,2026-12-10,2026-12-18,express,30985.02,delivered
4372,4654,2026-11-13,2026-12-02,standard,14307.04,delivered
4373,4655,2026-07-24,2026-07-29,express,13610.77,delivered
4374,4656,2026-11-21,2026-12-10,standard,6365.03,delivered
4375,4657,2026-02-13,2026-02-18,standard,13471.95,delivered
4376,4658,2026-07-31,2026-08-11,standard,16628.34,delivered
4377,4659,2026-05-30,2026-06-03,standard,19630.31,delivered
4378,4660,2026-02-28,2026-03-09,standard,17648.33,delivered
4379,4661,2026-07-09,2026-07-22,standard,17426.95,delivered
4380,4662,2026-05-07,2026-05-12,standard,7735.51,delivered
4381,4663,2026-03-20,2026-03-23,express,13544.24,delivered
4382,4664,2026-07-21,2026-08-03,standard,4794.92,delivered
4383,4665,2026-10-26,2026-11-12,standard,13331.32,delivered
4384,4667,2026-03-05,2026-03-13,standard,15316.37,delivered
4385,4668,2026-09-21,2026-10-12,standard,11167.97,delivered
4386,4669,2026-10-10,2026-10-24,standard,4513.35,delivered
4387,4670,2026-07-23,2026-08-12,standard,21782.05,delivered
4388,4671,2026-02-27,2026-03-07,standard,14072.97,delivered
4389,4672,2026-11-26,2026-12-11,standard,4527.5,delivered
4390,4674,2026-09-29,2026-10-15,standard,19135.9,delivered
4391,4675,2026-08-09,2026-08-28,standard,12990.6,delivered
4392,4676,2026-03-23,2026-03-28,standard,14937.78,delivered
4393,4677,2026-10-24,2026-11-10,standard,12360.95,delivered
4394,4679,2026-01-30,2026-02-01,express,30843.28,delivered
4395,4680,2026-05-22,2026-06-02,standard,14332.44,delivered
4396,4681,2026-11-19,2026-12-07,standard,4629.55,delivered
4397,4682,2026-09-22,2026-10-17,standard,26047.48,delivered
4398,4683,2026-02-11,2026-02-15,express,13381.36,delivered
4399,4684,2026-09-01,2026-09-14,standard,16166.54,delivered
4400,4685,2026-12-06,2026-12-19,standard,9945.35,delivered
4401,4687,2026-10-19,2026-11-08,standard,20450.56,delivered
4402,4688,2026-09-17,2026-09-30,standard,11878.44,delivered
4403,4689,2026-10-19,2026-11-05,standard,8657.97,delivered
4404,4690,2026-09-15,2026-10-05,standard,18822.85,delivered
4405,4691,2026-08-08,2026-08-28,standard,17485.14,delivered
4406,4692,2026-11-09,2026-11-28,standard,18219.0,delivered
4407,4693,2026-11-14,2026-11-27,standard,16058.46,delivered
4408,4694,2026-07-21,2026-07-29,standard,21275.94,delivered
4409,4695,2026-11-06,2026-11-24,standard,6837.36,delivered
4410,4696,2026-12-30,,standard,21213.24,in_transit
4411,4697,2026-11-27,2026-12-17,standard,19131.19,delivered
4412,4698,2026-12-26,,standard,15746.99,in_transit
4413,4699,2026-04-24,2026-04-28,standard,16477.32,delivered
4414,4700,2026-10-01,2026-11-02,standard,11667.28,delivered
4415,4702,2026-01-21,2026-01-23,standard,10507.41,delivered
4416,4703,2026-12-01,2026-12-18,standard,13145.27,delivered
4417,4704,2026-06-02,2026-06-08,standard,4473.2,delivered
4418,4705,2026-09-29,2026-10-18,express,22568.08,delivered
4419,4706,2026-11-08,2026-11-30,standard,19809.63,delivered
4420,4707,2026-09-27,2026-10-12,express,35826.12,delivered
4421,4708,2026-05-03,2026-05-10,standard,11903.99,delivered
4422,4709,2026-08-06,2026-08-27,standard,15327.93,delivered
4423,4710,2026-07-31,2026-08-08,standard,5243.32,delivered
4424,4711,2026-04-26,2026-04-28,standard,5573.45,delivered
4425,4712,2026-10-20,2026-11-12,standard,14688.62,delivered
4426,4713,2026-07-24,2026-08-08,standard,12876.58,delivered
4427,4714,2026-03-21,2026-03-29,standard,4034.57,delivered
4428,4715,2026-12-05,2026-12-18,standard,17881.24,delivered
4429,4716,2026-12-07,2026-12-19,standard,9359.56,delivered
4430,4717,2026-11-03,2026-11-18,standard,9801.2,delivered
4431,4719,2026-10-06,2026-10-18,standard,18562.41,delivered
4432,4720,2026-11-23,2026-12-09,express,17358.72,delivered
4433,4722,2026-10-14,2026-11-02,standard,24885.43,delivered
4434,4723,2026-10-31,2026-11-16,express,27123.32,delivered
4435,4724,2026-08-18,2026-09-01,standard,12978.49,delivered
4436,4725,2026-08-10,2026-09-01,standard,15995.66,delivered
4437,4727,2026-08-26,2026-09-14,express,10749.16,delivered
4438,4728,2026-03-20,2026-03-24,standard,14646.79,delivered
4439,4729,2026-11-01,2026-11-18,standard,12707.68,delivered
4440,4730,2026-12-12,2026-12-23,standard,8531.27,delivered
4441,4731,2026-03-19,2026-03-26,standard,3898.98,delivered
4442,4732,2026-05-25,2026-06-01,standard,16653.64,delivered
4443,4733,2026-06-25,2026-07-02,standard,10650.95,delivered
4444,4734,2026-03-11,2026-03-17,standard,8404.48,delivered
4445,4735,2026-10-04,2026-10-16,standard,6563.7,delivered
4446,4736,2026-01-30,2026-02-06,standard,5485.55,delivered
4447,4737,2026-03-16,2026-03-20,express,15490.66,delivered
4448,4738,2026-03-10,2026-03-16,standard,5486.2,delivered
4449,4739,2026-10-18,2026-11-05,standard,20425.14,delivered
4450,4740,2026-10-31,2026-11-21,standard,19480.46,delivered
4451,4741,2026-08-20,2026-09-05,standard,8793.02,delivered
4452,4742,2026-05-28,2026-06-01,standard,8647.16,delivered
4453,4744,2026-07-07,2026-07-20,standard,13663.35,delivered
4454,4745,2026-04-20,2026-04-24,standard,8646.49,delivered
4455,4746,2026-11-07,2026-11-20,standard,21852.29,delivered
4456,4747,2026-04-15,2026-04-19,standard,15419.99,delivered
4457,4748,2026-08-24,2026-09-09,standard,11678.26,delivered
4458,4749,2026-04-01,2026-04-05,express,28267.83,delivered
4459,4750,2026-08-19,2026-09-09,standard,21418.62,delivered
4460,4751,2026-11-29,2026-12-11,standard,20731.4,delivered
4461,4752,2026-09-13,2026-09-29,standard,23958.28,delivered
4462,4753,2026-10-01,2026-10-22,express,41058.62,delivered
4463,4754,2026-05-12,2026-05-16,standard,13165.6,delivered
4464,4755,2026-07-05,2026-07-16,standard,22701.13,delivered
4465,4756,2026-10-08,2026-10-23,standard,13562.75,delivered
4466,4757,2026-03-03,2026-03-08,standard,7524.76,delivered
4467,4758,2026-01-17,2026-01-20,standard,17331.95,delivered
4468,4759,2026-08-22,2026-09-05,standard,23210.03,delivered
4469,4761,2026-05-08,2026-05-15,standard,19139.01,delivered
4470,4762,2026-08-22,2026-09-09,standard,8005.84,delivered
4471,4763,2026-01-22,2026-01-26,express,29245.63,delivered
4472,4764,2026-11-02,2026-11-19,standard,5792.49,delivered
4473,4766,2026-09-05,2026-09-15,express,33609.52,delivered
4474,4767,2026-09-01,2026-09-16,standard,9153.12,delivered
4475,4768,2026-11-28,2026-12-11,standard,8336.33,delivered
4476,4769,2026-09-21,2026-10-03,standard,20458.48,delivered
4477,4770,2026-04-29,2026-05-07,standard,11775.44,delivered
4478,4772,2026-11-28,2026-12-15,standard,9596.69,delivered
4479,4773,2026-11-06,2026-11-23,standard,20511.39,delivered
4480,4775,2026-10-29,2026-11-14,standard,23908.61,delivered
4481,4776,2026-12-30,,express,30426.11,in_transit
4482,4777,2026-05-06,2026-05-09,express,18048.16,delivered
4483,4778,2026-11-20,2026-12-06,standard,7449.07,delivered
4484,4779,2026-07-01,2026-07-10,express,25070.79,delivered
4485,4780,2026-08-28,2026-09-15,standard,7103.38,delivered
4486,4781,2026-11-11,2026-11-25,standard,16396.77,delivered
4487,4782,2026-01-28,2026-01-29,express,21385.23,delivered
4488,4783,2026-12-22,,standard,18053.81,in_transit
4489,4784,2026-11-06,2026-11-23,standard,22498.34,delivered
4490,4785,2026-03-05,2026-03-11,standard,6550.86,delivered
4491,4786,2026-11-01,2026-11-23,standard,11198.24,delivered
4492,4787,2026-08-31,2026-09-10,express,32014.32,delivered
4493,4788,2026-12-13,2026-12-28,standard,13008.7,delivered
4494,4789,2026-06-07,2026-06-19,standard,8167.58,delivered
4495,4790,2026-04-04,2026-04-10,standard,19553.33,delivered
4496,4791,2026-11-07,2026-11-28,express,39298.65,delivered
4497,4792,2026-03-29,2026-04-05,standard,6651.23,delivered
4498,4793,2026-12-14,2026-12-22,standard,18460.1,delivered
4499,4794,2026-09-08,2026-09-28,standard,24837.61,delivered
4500,4795,2026-09-16,2026-10-10,standard,23730.34,delivered
4501,4796,2026-05-11,2026-05-15,standard,19708.06,delivered
4502,4797,2026-05-11,2026-05-13,express,31212.34,delivered
4503,4798,2026-05-23,2026-05-28,express,15615.28,delivered
4504,4799,2026-04-27,2026-05-01,standard,11188.78,delivered
4505,4800,2026-03-27,2026-03-31,standard,8117.24,delivered
4506,4801,2026-11-21,2026-12-08,standard,9302.54,delivered
4507,4802,2026-07-29,2026-08-11,standard,10820.76,delivered
4508,4803,2026-10-21,2026-11-10,standard,18744.65,delivered
4509,4804,2026-08-14,2026-08-28,standard,8732.19,delivered
4510,4805,2026-11-21,2026-12-15,standard,12484.85,delivered
4511,4806,2026-10-25,2026-11-07,standard,9824.91,delivered
4512,4807,2026-12-17,,standard,10690.89,in_transit
4513,4808,2026-01-21,2026-01-24,standard,16625.23,delivered
4514,4809,2026-08-20,2026-09-04,standard,22637.31,delivered
4515,4810,2026-11-24,2026-12-13,standard,17378.07,delivered
4516,4811,2026-05-16,2026-05-22,standard,7534.87,delivered
4517,4812,2026-11-13,2026-11-28,express,25584.09,delivered
4518,4813,2026-04-06,2026-04-09,express,24660.11,delivered
4519,4814,2026-11-23,2026-12-12,standard,10022.19,delivered
4520,4815,2026-11-23,2026-12-17,standard,6512.42,delivered
4521,4816,2026-09-18,2026-10-10,standard,10436.93,delivered
4522,4818,2026-01-18,2026-01-23,standard,17229.53,delivered
4523,4819,2026-10-01,2026-10-19,standard,22153.64,delivered
4524,4820,2026-12-15,,standard,19255.91,in_transit
4525,4821,2026-08-21,2026-09-10,express,10612.92,delivered
4526,4822,2026-05-30,2026-06-03,express,27503.86,delivered
4527,4823,2026-04-13,2026-04-20,standard,5502.19,delivered
4528,4824,2026-09-17,2026-10-01,express,40311.55,delivered
4529,4825,2026-10-26,2026-11-11,standard,23843.94,delivered
4530,4826,2026-08-03,2026-08-19,standard,15298.62,delivered
4531,4827,2026-12-12,2026-12-27,standard,10410.26,delivered
4532,4828,2026-06-07,2026-06-19,standard,3623.48,delivered
4533,4829,2026-01-12,2026-01-16,standard,8244.31,delivered
4534,4830,2026-09-08,2026-09-26,standard,16544.0,delivered
4535,4831,2026-12-05,2026-12-17,express,28792.34,delivered
4536,4832,2026-11-05,2026-11-22,standard,21662.38,delivered
4537,4833,2026-05-28,2026-06-04,standard,7789.15,delivered
4538,4834,2026-08-08,2026-08-25,standard,16250.09,delivered
4539,4835,2026-11-12,2026-12-06,standard,18280.23,delivered
4540,4836,2026-07-23,2026-08-03,standard,15363.5,delivered
4541,4837,2026-06-25,2026-07-01,standard,12948.01,delivered
4542,4838,2026-07-12,2026-07-28,express,16814.35,delivered
4543,4839,2026-07-31,2026-08-17,standard,19249.75,delivered
4544,4841,2026-12-25,,standard,21586.58,in_transit
4545,4842,2026-03-18,2026-03-19,express,30323.84,delivered
4546,4843,2026-05-22,2026-05-27,standard,15095.65,delivered
4547,4844,2026-07-22,2026-08-01,express,33159.33,delivered
4548,4845,2026-02-03,2026-02-07,standard,11696.23,delivered
4549,4846,2026-08-14,2026-08-27,express,20282.07,delivered
4550,4847,2026-03-08,2026-03-09,express,17861.64,delivered
4551,4848,2026-11-02,2026-11-20,standard,18577.36,delivered
4552,4849,2026-11-09,2026-11-20,standard,9112.68,delivered
4553,4853,2026-08-25,2026-09-14,standard,9876.53,delivered
4554,4854,2026-03-24,2026-03-29,standard,16816.71,delivered
4555,4856,2026-10-31,2026-11-21,express,22021.09,delivered
4556,4857,2026-08-13,2026-08-31,standard,20847.54,delivered
4557,4858,2026-12-04,2026-12-19,standard,20397.67,delivered
4558,4859,2026-12-07,2026-12-31,standard,19957.13,delivered
4559,4860,2026-10-21,2026-11-09,standard,7363.46,delivered
4560,4861,2026-11-06,2026-11-20,standard,20428.13,delivered
4561,4862,2026-05-19,2026-05-27,standard,8732.1,delivered
4562,4863,2026-10-12,2026-11-01,standard,9675.82,delivered
4563,4864,2026-11-20,2026-12-06,express,14313.1,delivered
4564,4865,2026-10-04,2026-10-21,standard,10072.78,delivered
4565,4868,2026-07-17,2026-08-05,standard,9846.09,delivered
4566,4869,2026-10-21,2026-11-09,standard,14870.55,delivered
4567,4870,2026-09-29,2026-10-21,standard,22408.58,delivered
4568,4871,2026-03-17,2026-03-21,standard,13374.1,delivered
4569,4872,2026-04-04,2026-04-07,standard,12454.76,delivered
4570,4873,2026-06-30,2026-07-08,standard,16223.86,delivered
4571,4874,2026-10-12,2026-10-20,express,15594.14,delivered
4572,4875,2026-08-27,2026-09-10,express,41002.85,delivered
4573,4876,2026-01-16,2026-01-20,express,7974.64,delivered
4574,4877,2026-02-05,2026-02-09,standard,12541.11,delivered
4575,4878,2026-01-31,2026-02-09,standard,19330.01,delivered
4576,4879,2026-10-28,2026-11-11,express,27556.85,delivered
4577,4880,2026-03-13,2026-03-18,standard,17313.58,delivered
4578,4881,2026-06-05,2026-06-07,standard,15884.66,delivered
4579,4882,2026-11-15,2026-12-08,standard,20572.93,delivered
4580,4883,2026-01-29,2026-02-02,express,9663.79,delivered
4581,4884,2026-11-18,2026-12-09,standard,8875.42,delivered
4582,4885,2026-11-18,2026-11-25,express,21974.25,delivered
4583,4886,2026-04-01,2026-04-08,standard,18677.99,delivered
4584,4887,2026-05-09,2026-05-19,standard,11801.97,delivered
4585,4888,2026-07-05,2026-07-21,standard,8383.94,delivered
4586,4890,2026-06-26,2026-06-28,express,33335.72,delivered
4587,4891,2026-09-07,2026-09-27,standard,15873.68,delivered
4588,4892,2026-09-15,2026-10-05,standard,15407.74,delivered
4589,4893,2026-06-21,2026-06-29,standard,3791.8,delivered
4590,4894,2026-05-05,2026-05-10,standard,18220.81,delivered
4591,4895,2026-01-09,2026-01-12,standard,8766.26,delivered
4592,4896,2026-09-21,2026-10-06,express,22189.33,delivered
4593,4897,2026-09-22,2026-10-15,standard,14677.1,delivered
4594,4899,2026-07-28,2026-08-08,standard,15826.15,delivered
4595,4900,2026-07-24,2026-08-12,standard,15928.61,delivered
4596,4902,2026-12-15,2026-12-26,standard,18352.89,delivered
4597,4903,2026-08-07,2026-08-25,standard,21494.11,delivered
4598,4904,2026-10-24,2026-11-12,standard,13880.52,delivered
4599,4905,2026-10-20,2026-10-31,standard,24254.58,delivered
4600,4906,2026-08-22,2026-09-12,standard,5750.61,delivered
4601,4907,2026-01-19,2026-01-27,standard,5020.96,delivered
4602,4908,2026-12-23,,standard,18772.03,in_transit
4603,4909,2026-12-21,2026-12-31,express,16085.47,delivered
4604,4910,2026-05-05,2026-05-14,standard,8112.01,delivered
4605,4911,2026-05-21,2026-05-26,standard,14344.78,delivered
4606,4912,2026-12-31,,standard,11737.01,in_transit
4607,4913,2026-07-17,2026-07-26,express,38322.54,delivered
4608,4914,2026-02-13,2026-02-21,standard,3324.04,delivered
4609,4915,2026-11-21,2026-12-06,standard,14404.45,delivered
4610,4916,2026-12-28,,express,22291.02,in_transit
4611,4918,2026-08-07,2026-08-13,express,18627.95,delivered
4612,4919,2026-09-01,2026-09-17,standard,5831.17,delivered
4613,4920,2026-02-04,2026-02-09,standard,18669.64,delivered
4614,4921,2026-04-21,2026-05-01,standard,12823.79,delivered
4615,4923,2026-10-20,2026-11-10,standard,20694.33,delivered
4616,4924,2026-05-30,2026-06-07,standard,16321.12,delivered
4617,4925,2026-06-04,2026-06-16,standard,12022.6,delivered
4618,4926,2026-12-03,2026-12-18,express,25560.53,delivered
4619,4927,2026-09-18,2026-10-03,standard,11732.76,delivered
4620,4928,2026-10-06,2026-10-29,standard,10617.32,delivered
4621,4929,2026-10-27,2026-11-16,standard,21100.51,delivered
4622,4930,2026-03-03,2026-03-04,express,12762.56,delivered
4623,4931,2026-08-03,2026-08-14,standard,14037.77,delivered
4624,4933,2026-02-24,2026-02-27,express,26562.86,delivered
4625,4934,2026-12-28,,standard,20612.33,in_transit
4626,4935,2026-06-02,2026-06-13,standard,6526.56,delivered
4627,4936,2026-12-14,,standard,10295.94,in_transit
4628,4937,2026-04-26,2026-04-29,standard,6704.74,delivered
4629,4939,2026-02-27,2026-03-07,standard,15054.81,delivered
4630,4940,2026-09-21,2026-10-11,standard,8963.63,delivered
4631,4941,2026-12-28,,standard,5839.48,in_transit
4632,4942,2026-09-03,2026-09-20,express,24623.79,delivered
4633,4943,2026-08-27,2026-09-15,standard,8936.62,delivered
4634,4944,2026-11-25,2026-12-09,standard,8357.49,delivered
4635,4945,2026-12-09,2026-12-22,standard,18080.82,delivered
4636,4946,2026-08-06,2026-08-20,standard,14263.92,delivered
4637,4947,2026-02-25,2026-03-02,standard,6883.66,delivered
4638,4949,2026-03-17,2026-03-22,standard,10344.62,delivered
4639,4950,2026-01-04,2026-01-13,standard,8430.05,delivered
4640,4951,2026-12-16,,standard,21139.8,in_transit
4641,4952,2026-08-26,2026-09-08,standard,22220.91,delivered
4642,4953,2026-06-08,2026-06-13,standard,20562.68,delivered
4643,4954,2026-08-01,2026-08-13,standard,16897.8,delivered
4644,4956,2026-02-05,2026-02-12,standard,9461.29,delivered
4645,4957,2026-09-28,2026-10-19,standard,8588.49,delivered
4646,4958,2026-07-06,2026-07-23,standard,21301.11,delivered
4647,4959,2026-12-16,2026-12-31,standard,14679.09,delivered
4648,4961,2026-12-19,,standard,15144.61,in_transit
4649,4963,2026-05-16,2026-05-25,standard,7480.03,delivered
4650,4964,2026-04-09,2026-04-11,standard,11578.91,delivered
4651,4965,2026-11-01,2026-11-22,standard,15729.9,delivered
4652,4966,2026-12-21,2026-12-30,standard,8012.5,delivered
4653,4967,2026-09-12,2026-10-04,standard,10499.23,delivered
4654,4968,2026-11-03,2026-11-16,express,34875.14,delivered
4655,4969,2026-02-26,2026-03-02,standard,10589.37,delivered
4656,4970,2026-08-23,2026-09-07,standard,21397.96,delivered
4657,4971,2026-03-14,2026-03-17,standard,3575.04,delivered
4658,4972,2026-03-28,2026-03-29,express,29636.67,delivered
4659,4973,2026-09-03,2026-09-16,standard,11410.94,delivered
4660,4974,2026-07-25,2026-08-06,standard,18891.34,delivered
4661,4975,2026-10-24,2026-11-13,standard,24053.41,delivered
4662,4976,2026-02-15,2026-02-18,standard,8460.03,delivered
4663,4977,2026-03-13,2026-03-20,standard,7421.8,delivered
4664,4978,2026-09-23,2026-10-12,standard,13110.68,delivered
4665,4979,2026-12-26,,express,18665.74,in_transit
4666,4980,2026-11-26,2026-12-14,standard,6820.46,delivered
4667,4981,2026-11-30,2026-12-19,standard,5337.39,delivered
4668,4982,2026-08-09,2026-08-25,standard,13041.34,delivered
4669,4985,2026-09-11,2026-09-29,standard,13832.41,delivered
4670,4986,2026-08-08,2026-08-24,standard,16105.79,delivered
4671,4987,2026-01-30,2026-02-03,express,15076.04,delivered
4672,4988,2026-10-20,2026-11-01,express,31691.53,delivered
4673,4989,2026-12-03,2026-12-19,standard,8511.99,delivered
4674,4990,2026-02-13,2026-02-17,standard,16526.54,delivered
4675,4991,2026-04-10,2026-04-12,express,24719.31,delivered
4676,4992,2026-02-10,2026-02-17,standard,7276.07,delivered
4677,4993,2026-08-08,2026-08-24,express,17400.65,delivered
4678,4994,2026-12-07,2026-12-20,standard,22048.2,delivered
4679,4996,2026-10-28,2026-11-14,standard,13118.96,delivered
4680,4997,2026-05-20,2026-05-27,standard,7010.33,delivered
4681,4998,2026-08-24,2026-09-21,standard,24498.28,delivered
4682,4999,2026-09-21,2026-10-09,standard,23294.59,delivered
4683,5000,2026-09-15,2026-09-30,standard,7393.89,delivered
